Epoch	U40	U12uncal	U23uncal	U34uncal	U1uncal	U2uncal	U3uncal	Corrections1	Corrections2	Corrections3	U1regcal	U2regcal	U3regcal	U1cal	U2cal	U3cal	U12regcal	U23regcal	U34regcal	U12cal	U23cal	U34cal	Ex	Ey	Ez	Exreg	Eyreg	Ezreg
2024-08-20 21:00:00	0.401178	-0.603719	0.201210	-0.119829	0.923516	0.319797	0.521008	-0.548340	0.050187	-0.141875	0.361038	0.295016	0.254109	0.375177	0.369984	0.379133	-0.066022	-0.040906	0.147069	-0.005193	0.009149	0.022045	0.005024	-0.001498	0.001279	0.008099	-0.012992	-0.005719
2024-08-20 21:00:00.262000	0.425432	-0.598739	0.199401	-0.104422	0.929191	0.330452	0.529854	-0.548375	0.050161	-0.141915	0.366713	0.305671	0.262955	0.380816	0.380614	0.387939	-0.061042	-0.042716	0.162477	-0.000202	0.007325	0.037493	0.008559	-0.001316	0.001024	0.011628	-0.012811	-0.005972
2024-08-20 21:00:00.524000	0.410124	-0.597946	0.199943	-0.111175	0.919302	0.321356	0.521299	-0.548411	0.050136	-0.141954	0.356824	0.296575	0.254401	0.370891	0.371492	0.379345	-0.060249	-0.042174	0.155724	0.000601	0.007853	0.030780	0.007522	-0.001000	0.001098	0.010584	-0.012495	-0.005896
2024-08-20 21:00:00.786000	0.417381	-0.600248	0.195942	-0.106064	0.927751	0.327503	0.523445	-0.548447	0.050110	-0.141994	0.365272	0.302721	0.256546	0.379303	0.377613	0.381451	-0.062551	-0.046175	0.160834	-0.001690	0.003838	0.035930	0.007313	-0.001423	0.000537	0.010368	-0.012918	-0.006455
2024-08-20 21:00:01.048000	0.414200	-0.596957	0.197080	-0.105289	0.919365	0.322408	0.519488	-0.548483	0.050085	-0.142034	0.356887	0.297626	0.252590	0.370882	0.372493	0.377454	-0.059260	-0.045037	0.161610	0.001611	0.004961	0.036746	0.008297	-0.001026	0.000694	0.011345	-0.012522	-0.006296
2024-08-20 21:00:01.311000	0.413504	-0.598461	0.204212	-0.113974	0.921726	0.323265	0.527478	-0.548519	0.050059	-0.142074	0.359248	0.298484	0.260579	0.373207	0.373324	0.385403	-0.060764	-0.037905	0.152925	0.000117	0.012079	0.028101	0.007731	-0.001025	0.001689	0.010773	-0.012521	-0.005299
2024-08-20 21:00:01.573000	0.402769	-0.604188	0.203258	-0.123977	0.927675	0.323487	0.526746	-0.548555	0.050034	-0.142114	0.365197	0.298706	0.259847	0.379120	0.373521	0.384631	-0.066491	-0.038859	0.142922	-0.005599	0.011110	0.018138	0.004577	-0.001448	0.001553	0.007611	-0.012944	-0.005432
2024-08-20 21:00:01.835000	0.405950	-0.597719	0.195410	-0.108376	0.916635	0.318915	0.514326	-0.548591	0.050008	-0.142154	0.354156	0.294134	0.247427	0.368044	0.368923	0.372172	-0.060023	-0.046706	0.158522	0.000880	0.003248	0.033778	0.007263	-0.001008	0.000454	0.010291	-0.012504	-0.006530
2024-08-20 21:00:02.097000	0.399489	-0.604831	0.203745	-0.126213	0.926787	0.321956	0.525701	-0.548627	0.049982	-0.142194	0.364309	0.297174	0.258803	0.378160	0.371938	0.383507	-0.067135	-0.038372	0.140686	-0.006222	0.011568	0.015982	0.004136	-0.001465	0.001617	0.007157	-0.012962	-0.005364
2024-08-20 21:00:02.359000	0.401675	-0.599094	0.198159	-0.117614	0.920225	0.321130	0.519289	-0.548663	0.049957	-0.142235	0.357746	0.296349	0.252391	0.371562	0.371087	0.377055	-0.061398	-0.043958	0.149285	-0.000474	0.005968	0.024621	0.005779	-0.000922	0.000834	0.008794	-0.012419	-0.006145
2024-08-20 21:00:02.621000	0.405552	-0.603395	0.198020	-0.113573	0.924500	0.321105	0.519125	-0.548699	0.049931	-0.142275	0.362022	0.296324	0.252227	0.375801	0.371036	0.376850	-0.065698	-0.044097	0.153325	-0.004764	0.005814	0.028702	0.005738	-0.001618	0.000813	0.008745	-0.013115	-0.006165
2024-08-20 21:00:02.883000	0.406049	-0.603529	0.203745	-0.126035	0.931867	0.328339	0.532084	-0.548735	0.049905	-0.142315	0.369389	0.303557	0.265186	0.383132	0.378244	0.389769	-0.065832	-0.038372	0.140863	-0.004888	0.011525	0.016280	0.004432	-0.001298	0.001611	0.007433	-0.012796	-0.005364
2024-08-20 21:00:03.146000	0.404061	-0.603709	0.203715	-0.122537	0.926591	0.322883	0.526598	-0.548772	0.049880	-0.142355	0.364113	0.298101	0.259699	0.377820	0.372762	0.384242	-0.066012	-0.038402	0.144362	-0.005058	0.011480	0.019819	0.005070	-0.001434	0.001605	0.008064	-0.012932	-0.005369
2024-08-20 21:00:03.408000	0.398495	-0.606165	0.203606	-0.125270	0.926323	0.320158	0.523764	-0.548808	0.049854	-0.142396	0.363845	0.295377	0.256866	0.377516	0.370012	0.381369	-0.068469	-0.038511	0.141629	-0.007504	0.011357	0.017126	0.004077	-0.001669	0.001588	0.007064	-0.013167	-0.005384
2024-08-20 21:00:03.670000	0.403564	-0.602741	0.197731	-0.116955	0.925528	0.322787	0.520519	-0.548844	0.049828	-0.142436	0.363049	0.298006	0.253620	0.376684	0.372615	0.378083	-0.065044	-0.044385	0.149944	-0.004069	0.005467	0.025481	0.005183	-0.001419	0.000764	0.008163	-0.012917	-0.006205
2024-08-20 21:00:03.932000	0.403465	-0.605372	0.199670	-0.120174	0.929341	0.323969	0.523639	-0.548880	0.049802	-0.142476	0.366863	0.299187	0.256740	0.380461	0.373771	0.381162	-0.067675	-0.042447	0.146724	-0.006690	0.007391	0.022302	0.004458	-0.001684	0.001033	0.007431	-0.013182	-0.005934
2024-08-20 21:00:04.194000	0.415989	-0.595896	0.199287	-0.108752	0.921350	0.325453	0.524741	-0.548916	0.049776	-0.142517	0.358871	0.300672	0.257842	0.372433	0.375230	0.382224	-0.058199	-0.042830	0.158147	0.002796	0.006994	0.033765	0.008336	-0.000796	0.000978	0.011302	-0.012295	-0.005988
2024-08-20 21:00:04.456000	0.418176	-0.599645	0.197264	-0.102515	0.923072	0.323427	0.520691	-0.548952	0.049751	-0.142557	0.360594	0.298645	0.253793	0.374120	0.373178	0.378134	-0.061949	-0.044853	0.164383	-0.000942	0.004956	0.040042	0.008455	-0.001469	0.000693	0.011414	-0.012968	-0.006270
2024-08-20 21:00:04.718000	0.406447	-0.608781	0.200718	-0.120265	0.934775	0.325994	0.526712	-0.548989	0.049725	-0.142598	0.372297	0.301212	0.259814	0.385787	0.375718	0.384114	-0.071085	-0.041399	0.146633	-0.010068	0.008396	0.022332	0.004031	-0.002142	0.001174	0.006984	-0.013641	-0.005788
2024-08-20 21:00:04.981000	0.414299	-0.593641	0.191718	-0.107940	0.924162	0.330522	0.522239	-0.549025	0.049699	-0.142639	0.361684	0.305740	0.255341	0.375137	0.380220	0.379601	-0.055944	-0.050399	0.158958	0.005083	-0.000619	0.034698	0.007474	-0.000439	-0.000087	0.010420	-0.011939	-0.007046
2024-08-20 21:00:05.243000	0.411118	-0.595474	0.196504	-0.107443	0.917532	0.322058	0.518562	-0.549061	0.049673	-0.142679	0.355054	0.297276	0.251663	0.368471	0.371731	0.375883	-0.057777	-0.045613	0.159455	0.003260	0.004152	0.035236	0.008157	-0.000751	0.000580	0.011096	-0.012250	-0.006377
2024-08-20 21:00:05.505000	0.406944	-0.603585	0.200629	-0.115981	0.925881	0.322296	0.522925	-0.549098	0.049647	-0.142720	0.363403	0.297514	0.256026	0.376784	0.371943	0.380205	-0.065888	-0.041488	0.150917	-0.004841	0.008262	0.026738	0.005818	-0.001592	0.001155	0.008750	-0.013092	-0.005800
2024-08-20 21:00:05.767000	0.410224	-0.601808	0.200137	-0.115272	0.927167	0.325358	0.525495	-0.549134	0.049621	-0.142760	0.364688	0.300577	0.258597	0.378033	0.374979	0.382735	-0.064112	-0.041980	0.151627	-0.003054	0.007756	0.027489	0.006195	-0.001375	0.001084	0.009121	-0.012875	-0.005869
2024-08-20 21:00:06.029000	0.421854	-0.597858	0.200127	-0.106343	0.925928	0.328070	0.528197	-0.549170	0.049595	-0.142801	0.363450	0.303288	0.261298	0.376758	0.377665	0.385396	-0.060162	-0.041990	0.160555	0.000907	0.007731	0.036458	0.008644	-0.001141	0.001081	0.011562	-0.012641	-0.005870
2024-08-20 21:00:06.291000	0.409329	-0.601535	0.202647	-0.116889	0.925107	0.323571	0.526218	-0.549207	0.049569	-0.142842	0.362628	0.298790	0.259319	0.375900	0.373140	0.383376	-0.063839	-0.039470	0.150010	-0.002760	0.010236	0.025953	0.006432	-0.001315	0.001431	0.009344	-0.012815	-0.005518
2024-08-20 21:00:06.553000	0.406049	-0.602365	0.201310	-0.121279	0.928383	0.326019	0.527328	-0.549243	0.049543	-0.142883	0.365905	0.301237	0.260430	0.379140	0.375562	0.384446	-0.064668	-0.040807	0.145619	-0.003579	0.008884	0.021603	0.005187	-0.001268	0.001242	0.008091	-0.012768	-0.005705
2024-08-20 21:00:06.816000	0.404260	-0.600763	0.195843	-0.119049	0.928229	0.327466	0.523308	-0.549279	0.049517	-0.142924	0.365750	0.302684	0.256410	0.378949	0.376982	0.380385	-0.063066	-0.046274	0.147850	-0.001967	0.003402	0.023875	0.004867	-0.001067	0.000476	0.007764	-0.012567	-0.006469
2024-08-20 21:00:07.078000	0.409826	-0.595690	0.201022	-0.115708	0.920202	0.324512	0.525534	-0.549316	0.049491	-0.142965	0.357724	0.299731	0.258635	0.370887	0.374003	0.382569	-0.057993	-0.041095	0.151191	0.003116	0.008566	0.027257	0.007450	-0.000562	0.001198	0.010340	-0.012063	-0.005745
2024-08-20 21:00:07.340000	0.413603	-0.597755	0.201712	-0.116017	0.925663	0.327908	0.529620	-0.549352	0.049465	-0.143006	0.363185	0.303126	0.262722	0.376311	0.377372	0.386615	-0.060059	-0.040405	0.150882	0.001061	0.009242	0.026989	0.007148	-0.000832	0.001292	0.010031	-0.012334	-0.005649
2024-08-20 21:00:07.602000	0.400483	-0.594943	0.196941	-0.116154	0.914639	0.319695	0.516636	-0.549389	0.049438	-0.143047	0.352160	0.294913	0.249738	0.365250	0.369133	0.373590	-0.057247	-0.045176	0.150745	0.003884	0.004456	0.026893	0.006732	-0.000403	0.000623	0.009608	-0.011905	-0.006316
2024-08-20 21:00:07.864000	0.415591	-0.596545	0.194635	-0.102353	0.919855	0.323309	0.517945	-0.549425	0.049412	-0.143088	0.357376	0.298528	0.251046	0.370429	0.372722	0.374857	-0.058848	-0.047482	0.164545	0.002292	0.002135	0.040735	0.008644	-0.001033	0.000299	0.011514	-0.012535	-0.006638
2024-08-20 21:00:08.126000	0.407739	-0.597225	0.194083	-0.112088	0.922968	0.325743	0.519826	-0.549462	0.049386	-0.143129	0.360489	0.300961	0.252928	0.373506	0.375129	0.376698	-0.059528	-0.048033	0.154811	0.001623	0.001569	0.031041	0.006553	-0.000803	0.000219	0.009416	-0.012305	-0.006715
2024-08-20 21:00:08.388000	0.405950	-0.598698	0.196360	-0.113832	0.922119	0.323422	0.519781	-0.549498	0.049360	-0.143170	0.359641	0.298640	0.252883	0.372621	0.372781	0.376611	-0.061001	-0.045757	0.153067	0.000160	0.003830	0.029338	0.006390	-0.000966	0.000535	0.009246	-0.012468	-0.006397
2024-08-20 21:00:08.651000	0.399190	-0.597034	0.194416	-0.111895	0.913703	0.316669	0.511085	-0.549535	0.049333	-0.143211	0.351225	0.291887	0.244187	0.364168	0.366002	0.367874	-0.059338	-0.047700	0.155004	0.001834	0.001872	0.031316	0.006703	-0.000787	0.000262	0.009552	-0.012289	-0.006669
2024-08-20 21:00:08.913000	0.395016	-0.600995	0.201061	-0.124671	0.919620	0.318626	0.519687	-0.549571	0.049307	-0.143252	0.357142	0.293844	0.252788	0.370049	0.367933	0.376434	-0.063298	-0.041056	0.142227	-0.002116	0.008502	0.018581	0.004805	-0.000973	0.001189	0.007647	-0.012475	-0.005740
2024-08-20 21:00:09.175000	0.409230	-0.595659	0.192384	-0.107722	0.920228	0.324568	0.516952	-0.549608	0.049281	-0.143294	0.357749	0.299787	0.250054	0.370620	0.373849	0.373658	-0.057963	-0.049733	0.159176	0.003230	-0.000191	0.035571	0.007380	-0.000717	-0.000027	0.010216	-0.012220	-0.006953
2024-08-20 21:00:09.437000	0.394121	-0.606361	0.204595	-0.129057	0.924944	0.318583	0.523178	-0.549645	0.049255	-0.143335	0.362465	0.293801	0.256279	0.375299	0.367837	0.379843	-0.068664	-0.037522	0.137842	-0.007462	0.012005	0.014278	0.003664	-0.001579	0.001678	0.006492	-0.013082	-0.005246
2024-08-20 21:00:09.699000	0.399787	-0.597462	0.192826	-0.106830	0.911253	0.313791	0.506617	-0.549681	0.049228	-0.143376	0.348774	0.289009	0.239718	0.361571	0.363019	0.363240	-0.059765	-0.049291	0.160069	0.001448	0.000221	0.036546	0.007317	-0.000988	0.000031	0.010138	-0.012491	-0.006891
2024-08-20 21:00:09.961000	0.388753	-0.593311	0.189700	-0.109679	0.902044	0.308733	0.498433	-0.549718	0.049202	-0.143418	0.339565	0.283951	0.231534	0.352326	0.357935	0.355015	-0.055614	-0.052417	0.157219	0.005609	-0.002920	0.033738	0.006945	-0.000313	-0.000408	0.009759	-0.011816	-0.007328
2024-08-20 21:00:10.223000	0.407540	-0.582836	0.188776	-0.094307	0.895907	0.313072	0.501847	-0.549755	0.049176	-0.143459	0.333429	0.288290	0.234949	0.346153	0.362247	0.358388	-0.045139	-0.053341	0.172591	0.016094	-0.003859	0.049152	0.011661	0.000585	-0.000540	0.014468	-0.010918	-0.007457
2024-08-20 21:00:10.486000	0.396606	-0.579272	0.177166	-0.091189	0.889901	0.310629	0.487795	-0.549791	0.049149	-0.143501	0.327423	0.285848	0.220896	0.340110	0.359778	0.344294	-0.041575	-0.064951	0.175710	0.019668	-0.015484	0.052312	0.010693	0.001085	-0.002165	0.013494	-0.010418	-0.009080
2024-08-20 21:00:10.748000	0.390543	-0.583212	0.188075	-0.105268	0.890948	0.307736	0.495811	-0.549828	0.049123	-0.143542	0.328470	0.282955	0.228912	0.341120	0.356859	0.352269	-0.045515	-0.054042	0.161630	0.015739	-0.004590	0.038274	0.009369	0.000897	-0.000642	0.012163	-0.010607	-0.007555
2024-08-20 21:00:11.010000	0.400980	-0.577583	0.184954	-0.093587	0.887196	0.309613	0.494567	-0.549865	0.049096	-0.143584	0.324718	0.284832	0.227668	0.337331	0.358709	0.350983	-0.039886	-0.057163	0.173311	0.021378	-0.007727	0.049997	0.012058	0.001299	-0.001080	0.014844	-0.010205	-0.007991
2024-08-20 21:00:11.272000	0.398196	-0.575482	0.185520	-0.095671	0.883829	0.308347	0.493867	-0.549902	0.049070	-0.143626	0.321350	0.283566	0.226969	0.333927	0.357417	0.350242	-0.037785	-0.056597	0.171228	0.023490	-0.007175	0.047955	0.012163	0.001637	-0.001003	0.014943	-0.009867	-0.007912
2024-08-20 21:00:11.534000	0.401675	-0.574153	0.177335	-0.085267	0.883761	0.309608	0.486943	-0.549938	0.049043	-0.143667	0.321283	0.284826	0.220044	0.333823	0.358651	0.343275	-0.036456	-0.064782	0.181631	0.024829	-0.015376	0.058400	0.012837	0.001569	-0.002150	0.015609	-0.009935	-0.009057
2024-08-20 21:00:11.796000	0.393028	-0.579833	0.181957	-0.099914	0.890819	0.310985	0.492942	-0.549975	0.049017	-0.143709	0.328340	0.286204	0.226044	0.340844	0.360002	0.349233	-0.042137	-0.060160	0.166984	0.019158	-0.010769	0.043795	0.009873	0.001239	-0.001505	0.012638	-0.010265	-0.008410
2024-08-20 21:00:12.058000	0.387660	-0.583861	0.184760	-0.106222	0.892982	0.309122	0.493882	-0.550012	0.048990	-0.143751	0.330504	0.284340	0.226983	0.342970	0.358112	0.350131	-0.046164	-0.057357	0.160677	0.015141	-0.007981	0.037529	0.008464	0.000880	-0.001116	0.011222	-0.010625	-0.008019
2024-08-20 21:00:12.321000	0.408832	-0.573355	0.180466	-0.082448	0.884170	0.310815	0.491281	-0.550049	0.048963	-0.143793	0.321691	0.286033	0.224382	0.334120	0.359778	0.347488	-0.035658	-0.061651	0.184450	0.025658	-0.012290	0.061344	0.014148	0.001549	-0.001718	0.016900	-0.009956	-0.008619
2024-08-20 21:00:12.583000	0.412311	-0.577042	0.184854	-0.085475	0.889974	0.312932	0.497786	-0.550086	0.048937	-0.143835	0.327496	0.288151	0.230888	0.339888	0.361869	0.353952	-0.039345	-0.057263	0.181423	0.021980	-0.007917	0.058359	0.013736	0.001111	-0.001107	0.016480	-0.010394	-0.008005
2024-08-20 21:00:12.845000	0.396705	-0.575847	0.182976	-0.094525	0.884102	0.308255	0.491230	-0.550123	0.048910	-0.143876	0.321624	0.283473	0.224332	0.333979	0.357165	0.347354	-0.038151	-0.059141	0.172373	0.023186	-0.009811	0.049351	0.011868	0.001581	-0.001372	0.014606	-0.009924	-0.008268
2024-08-20 21:00:13.107000	0.406645	-0.578072	0.184422	-0.089932	0.890227	0.312155	0.496577	-0.550160	0.048883	-0.143918	0.327749	0.287374	0.229678	0.340068	0.361039	0.352659	-0.040375	-0.057695	0.176967	0.020971	-0.008380	0.053987	0.012622	0.001124	-0.001172	0.015352	-0.010382	-0.008066
2024-08-20 21:00:13.369000	0.389151	-0.586848	0.186768	-0.104665	0.893896	0.307048	0.493816	-0.550197	0.048857	-0.143960	0.331418	0.282267	0.226918	0.343699	0.355905	0.349856	-0.049151	-0.055349	0.162233	0.012206	-0.006049	0.039295	0.008630	0.000414	-0.000846	0.011354	-0.011092	-0.007738
2024-08-20 21:00:13.631000	0.398892	-0.582547	0.182011	-0.095544	0.894972	0.312425	0.494436	-0.550234	0.048830	-0.144002	0.332494	0.287643	0.227538	0.344739	0.361255	0.350434	-0.044851	-0.060106	0.171354	0.016516	-0.010821	0.048458	0.010267	0.000741	-0.001513	0.012984	-0.010765	-0.008403
2024-08-20 21:00:13.893000	0.385473	-0.578149	0.182493	-0.101248	0.882377	0.304228	0.486721	-0.550271	0.048803	-0.144044	0.319899	0.279446	0.219823	0.332106	0.353031	0.342677	-0.040453	-0.059624	0.165651	0.020924	-0.010354	0.042797	0.010088	0.001500	-0.001448	0.012798	-0.010006	-0.008335
2024-08-20 21:00:14.156000	0.383883	-0.584819	0.181594	-0.102475	0.889582	0.304764	0.486358	-0.550308	0.048776	-0.144087	0.327104	0.279982	0.219459	0.339275	0.353540	0.342271	-0.047122	-0.060523	0.164424	0.014265	-0.011269	0.041612	0.008452	0.000669	-0.001575	0.011154	-0.010837	-0.008461
2024-08-20 21:00:14.418000	0.381994	-0.559007	0.167723	-0.088436	0.861714	0.302708	0.470430	-0.550345	0.048749	-0.144129	0.299236	0.277926	0.203532	0.311370	0.351457	0.326301	-0.021310	-0.074394	0.178463	0.040087	-0.025156	0.055693	0.013263	0.003780	-0.003517	0.015959	-0.007726	-0.010400
2024-08-20 21:00:14.680000	0.382094	-0.550453	0.167037	-0.084345	0.849854	0.299401	0.466438	-0.550382	0.048723	-0.144171	0.287376	0.274620	0.199540	0.299472	0.348124	0.322267	-0.012756	-0.075080	0.182554	0.048652	-0.025857	0.059827	0.015507	0.004785	-0.003615	0.018195	-0.006721	-0.010496
2024-08-20 21:00:14.942000	0.369768	-0.553223	0.165899	-0.090677	0.847770	0.294546	0.460445	-0.550419	0.048696	-0.144213	0.285291	0.269765	0.193546	0.297351	0.343242	0.316232	-0.015527	-0.076218	0.176222	0.045891	-0.027011	0.053536	0.013568	0.004636	-0.003776	0.016249	-0.006870	-0.010655
2024-08-20 21:00:15.204000	0.391537	-0.548604	0.166614	-0.080076	0.853602	0.304998	0.471612	-0.550456	0.048669	-0.144256	0.291123	0.280216	0.204714	0.303146	0.353667	0.327357	-0.010907	-0.075503	0.186823	0.050521	-0.026310	0.064180	0.016600	0.004897	-0.003678	0.019275	-0.006610	-0.010555
2024-08-20 21:00:15.466000	0.384877	-0.546945	0.161093	-0.078479	0.849208	0.302263	0.463355	-0.550493	0.048642	-0.144298	0.286730	0.277481	0.196457	0.298715	0.350905	0.319057	-0.009249	-0.081024	0.188420	0.052189	-0.031847	0.065819	0.016159	0.005126	-0.004452	0.018826	-0.006380	-0.011327
2024-08-20 21:00:15.728000	0.383883	-0.545818	0.163066	-0.079705	0.846340	0.300523	0.463588	-0.550530	0.048615	-0.144340	0.283862	0.275741	0.196690	0.295810	0.349138	0.319248	-0.008121	-0.079051	0.187193	0.053328	-0.029890	0.064635	0.016519	0.005293	-0.004179	0.019179	-0.006214	-0.011051
2024-08-20 21:00:15.991000	0.393326	-0.548851	0.166227	-0.075284	0.851235	0.302384	0.468610	-0.550567	0.048588	-0.144383	0.288756	0.277602	0.201712	0.300667	0.350972	0.324227	-0.011154	-0.075890	0.191614	0.050304	-0.026744	0.069099	0.017420	0.004715	-0.003739	0.020073	-0.006792	-0.010609
2024-08-20 21:00:16.253000	0.385473	-0.552595	0.163573	-0.080785	0.855281	0.302686	0.466259	-0.550604	0.048561	-0.144425	0.292803	0.277904	0.199360	0.304676	0.351247	0.321833	-0.014898	-0.078544	0.186113	0.046571	-0.029414	0.063640	0.015168	0.004428	-0.004112	0.017815	-0.007080	-0.010980
2024-08-20 21:00:16.515000	0.392034	-0.548877	0.163935	-0.076511	0.853486	0.304610	0.468545	-0.550642	0.048534	-0.144468	0.291008	0.279828	0.201646	0.302845	0.353144	0.324077	-0.011180	-0.078181	0.190387	0.050299	-0.029067	0.067957	0.016753	0.004777	-0.004064	0.019392	-0.006731	-0.010930
2024-08-20 21:00:16.777000	0.404359	-0.548346	0.158722	-0.062685	0.856669	0.308323	0.467045	-0.550679	0.048507	-0.144511	0.294191	0.283541	0.200146	0.305990	0.356830	0.322534	-0.010650	-0.083395	0.204213	0.050840	-0.034296	0.081825	0.018506	0.004460	-0.004795	0.021138	-0.007047	-0.011659
2024-08-20 21:00:17.039000	0.369768	-0.558471	0.168483	-0.097684	0.857440	0.298969	0.467452	-0.550716	0.048480	-0.144553	0.294961	0.274187	0.200553	0.306724	0.347449	0.322899	-0.020774	-0.073634	0.169215	0.040725	-0.024550	0.046869	0.011806	0.004141	-0.003432	0.014431	-0.007366	-0.010294
2024-08-20 21:00:17.301000	0.399091	-0.551843	0.165993	-0.071462	0.856403	0.304560	0.470553	-0.550753	0.048453	-0.144596	0.293924	0.279778	0.203654	0.305649	0.353012	0.325957	-0.014146	-0.076124	0.195437	0.047363	-0.027056	0.073134	0.017589	0.004200	-0.003782	0.020207	-0.007308	-0.010642
2024-08-20 21:00:17.563000	0.383485	-0.554907	0.170416	-0.087174	0.855150	0.300242	0.470659	-0.550791	0.048426	-0.144639	0.292671	0.275461	0.203760	0.304359	0.348668	0.326020	-0.017211	-0.071701	0.179725	0.044309	-0.022648	0.057465	0.014867	0.004252	-0.003166	0.017478	-0.007256	-0.010024
2024-08-20 21:00:17.826000	0.382789	-0.555680	0.162678	-0.082803	0.858594	0.302915	0.465593	-0.550828	0.048399	-0.144681	0.296116	0.278133	0.198694	0.307766	0.351313	0.320911	-0.017983	-0.079439	0.184095	0.043547	-0.030402	0.061878	0.014081	0.004096	-0.004250	0.016685	-0.007412	-0.011106
2024-08-20 21:00:18.088000	0.386567	-0.542120	0.156933	-0.070777	0.842531	0.300411	0.457344	-0.550865	0.048371	-0.144724	0.280053	0.275629	0.190445	0.291666	0.348782	0.312620	-0.004423	-0.085184	0.196121	0.057117	-0.036163	0.073947	0.017800	0.005563	-0.005056	0.020396	-0.005945	-0.011909
2024-08-20 21:00:18.350000	0.384380	-0.552374	0.166927	-0.086307	0.856133	0.303759	0.470686	-0.550903	0.048344	-0.144767	0.293654	0.278977	0.203788	0.305230	0.352103	0.325919	-0.014677	-0.075190	0.180592	0.046873	-0.026184	0.058461	0.014853	0.004598	-0.003661	0.017442	-0.006910	-0.010511
2024-08-20 21:00:18.612000	0.405353	-0.548454	0.160243	-0.062336	0.855901	0.307446	0.467689	-0.550940	0.048317	-0.144810	0.293422	0.282664	0.200790	0.304960	0.355763	0.322879	-0.010758	-0.081874	0.204563	0.050803	-0.032884	0.082474	0.018895	0.004419	-0.004597	0.021478	-0.007090	-0.011446
2024-08-20 21:00:18.874000	0.381000	-0.555623	0.164596	-0.086722	0.858749	0.303126	0.467723	-0.550977	0.048290	-0.144853	0.296271	0.278344	0.200824	0.307772	0.351416	0.322870	-0.017926	-0.077520	0.180176	0.043644	-0.028546	0.058131	0.013737	0.004209	-0.003991	0.016313	-0.007300	-0.010837
2024-08-20 21:00:19.136000	0.381398	-0.558327	0.170710	-0.091524	0.860539	0.302212	0.472921	-0.551015	0.048262	-0.144896	0.298060	0.277430	0.206023	0.309524	0.350474	0.328026	-0.020630	-0.071407	0.175375	0.040950	-0.022449	0.053372	0.013499	0.003938	-0.003138	0.016067	-0.007570	-0.009983
2024-08-20 21:00:19.398000	0.400781	-0.547157	0.162534	-0.067816	0.853220	0.306063	0.468597	-0.551052	0.048235	-0.144939	0.290741	0.281282	0.201699	0.302168	0.354298	0.323658	-0.009460	-0.079583	0.199082	0.052131	-0.030640	0.077123	0.018547	0.004741	-0.004283	0.021108	-0.006768	-0.011126
2024-08-20 21:00:19.661000	0.378217	-0.557508	0.164810	-0.088096	0.859011	0.301503	0.466313	-0.551090	0.048208	-0.144982	0.296533	0.276722	0.199415	0.307921	0.349711	0.321331	-0.019811	-0.077307	0.178802	0.041789	-0.028380	0.056886	0.013187	0.004002	-0.003967	0.015741	-0.007507	-0.010807
2024-08-20 21:00:19.923000	0.389449	-0.552065	0.162102	-0.077530	0.856943	0.304878	0.466980	-0.551127	0.048180	-0.145025	0.294464	0.280096	0.200081	0.305815	0.353058	0.321954	-0.014368	-0.080015	0.189368	0.047243	-0.031104	0.067495	0.015707	0.004411	-0.004348	0.018254	-0.007098	-0.011186
2024-08-20 21:00:20.185000	0.384678	-0.551045	0.164109	-0.078945	0.850558	0.299514	0.463623	-0.551165	0.048153	-0.145068	0.288080	0.274732	0.196724	0.299394	0.347667	0.318554	-0.013348	-0.078008	0.187954	0.048273	-0.029112	0.066124	0.016018	0.004569	-0.004070	0.018558	-0.006940	-0.010905
2024-08-20 21:00:20.447000	0.375931	-0.553960	0.163110	-0.087305	0.854086	0.300126	0.463236	-0.551202	0.048126	-0.145112	0.291607	0.275344	0.196338	0.302883	0.348251	0.318124	-0.016263	-0.079007	0.179593	0.045368	-0.030127	0.057806	0.013690	0.004465	-0.004212	0.016223	-0.007045	-0.011045
2024-08-20 21:00:20.709000	0.380702	-0.549783	0.163702	-0.083827	0.850611	0.300828	0.464529	-0.551240	0.048098	-0.145155	0.288132	0.276046	0.197631	0.299371	0.348926	0.319374	-0.012086	-0.078415	0.183071	0.049555	-0.029551	0.061328	0.015251	0.004897	-0.004131	0.017777	-0.006612	-0.010962
2024-08-20 21:00:20.971000	0.388356	-0.547409	0.157907	-0.072491	0.850349	0.302940	0.460847	-0.551277	0.048071	-0.145198	0.287870	0.278158	0.193948	0.299071	0.351011	0.315648	-0.009712	-0.084210	0.194408	0.051939	-0.035362	0.072707	0.016757	0.004911	-0.004944	0.019276	-0.006599	-0.011773
2024-08-20 21:00:21.233000	0.394618	-0.534709	0.147395	-0.055319	0.837251	0.302541	0.449937	-0.551315	0.048043	-0.145242	0.274772	0.277760	0.183038	0.285936	0.350585	0.304695	0.002988	-0.094722	0.211580	0.064649	-0.045890	0.089923	0.020387	0.006152	-0.006415	0.022898	-0.005358	-0.013242
2024-08-20 21:00:21.496000	0.396805	-0.543263	0.151794	-0.061737	0.850012	0.306748	0.458542	-0.551353	0.048016	-0.145285	0.287533	0.281967	0.191644	0.298659	0.354764	0.313257	-0.005566	-0.090323	0.205161	0.056105	-0.041507	0.083548	0.018425	0.005180	-0.005803	0.020929	-0.006329	-0.012627
2024-08-20 21:00:21.758000	0.387362	-0.561783	0.168622	-0.083346	0.863868	0.302085	0.470708	-0.551390	0.047988	-0.145329	0.301390	0.277304	0.203809	0.312478	0.350073	0.325379	-0.024086	-0.073495	0.183553	0.037596	-0.024695	0.061983	0.014096	0.003243	-0.003452	0.016593	-0.008267	-0.010275
2024-08-20 21:00:22.020000	0.376130	-0.557153	0.164298	-0.088157	0.857141	0.299988	0.464287	-0.551428	0.047961	-0.145372	0.294663	0.275207	0.197388	0.305713	0.347949	0.318915	-0.019456	-0.077819	0.178741	0.042236	-0.029034	0.057215	0.013207	0.004058	-0.004059	0.015697	-0.007452	-0.010879
2024-08-20 21:00:22.282000	0.420263	-0.549562	0.162753	-0.059689	0.866761	0.317200	0.479952	-0.551465	0.047933	-0.145416	0.304283	0.292418	0.213054	0.315296	0.365133	0.334537	-0.011865	-0.079364	0.207209	0.049837	-0.030596	0.085727	0.019780	0.004161	-0.004277	0.022263	-0.007349	-0.011095
2024-08-20 21:00:22.544000	0.385175	-0.575559	0.178115	-0.102090	0.884709	0.309150	0.487265	-0.551503	0.047905	-0.145459	0.322230	0.284368	0.220366	0.333205	0.357055	0.341805	-0.037862	-0.064002	0.164809	0.023850	-0.015250	0.043370	0.009798	0.001922	-0.002132	0.012274	-0.009588	-0.008947
2024-08-20 21:00:22.806000	0.383386	-0.556633	0.165864	-0.083057	0.857211	0.300579	0.466443	-0.551541	0.047878	-0.145503	0.294733	0.275797	0.199544	0.305671	0.348456	0.320940	-0.018936	-0.076253	0.183842	0.042786	-0.027517	0.062446	0.014603	0.003945	-0.003847	0.017072	-0.007565	-0.010660
2024-08-20 21:00:23.068000	0.392133	-0.560670	0.167081	-0.079548	0.865270	0.304600	0.471681	-0.551579	0.047850	-0.145547	0.302792	0.279818	0.204783	0.313692	0.352450	0.326135	-0.022973	-0.075035	0.187350	0.038758	-0.026315	0.065998	0.014770	0.003286	-0.003679	0.017231	-0.008225	-0.010490
2024-08-20 21:00:30.749000	0.415194	-0.601628	0.203487	-0.107900	0.921235	0.319607	0.523094	-0.552693	0.047027	-0.146848	0.358757	0.294825	0.256195	0.368542	0.366634	0.376246	-0.063931	-0.038630	0.158999	-0.001908	0.009612	0.038948	0.008961	-0.001614	0.001344	0.011211	-0.013126	-0.005401
2024-08-20 21:00:31.011000	0.409031	-0.608163	0.203606	-0.116940	0.930528	0.322365	0.525971	-0.552732	0.046999	-0.146893	0.368050	0.297583	0.259072	0.377796	0.369363	0.379078	-0.070467	-0.038511	0.149959	-0.008433	0.009714	0.029953	0.006048	-0.002186	0.001358	0.008291	-0.013699	-0.005384
2024-08-20 21:00:31.273000	0.406645	-0.605599	0.199625	-0.112807	0.925427	0.319828	0.519453	-0.552770	0.046970	-0.146938	0.362948	0.295046	0.252554	0.372657	0.366798	0.372515	-0.067902	-0.042492	0.154091	-0.005859	0.005717	0.034131	0.006557	-0.001936	0.000799	0.008793	-0.013449	-0.005940
2024-08-20 21:00:31.535000	0.407142	-0.598878	0.202354	-0.112432	0.916099	0.317221	0.519575	-0.552808	0.046942	-0.146983	0.353621	0.292440	0.252676	0.363291	0.364163	0.372591	-0.061181	-0.039763	0.154466	0.000872	0.008428	0.034551	0.008406	-0.001092	0.001178	0.010634	-0.012604	-0.005559
2024-08-20 21:00:31.797000	0.422052	-0.607195	0.202711	-0.117340	0.943876	0.336681	0.539392	-0.552847	0.046913	-0.147029	0.381398	0.311899	0.272494	0.391030	0.383594	0.392364	-0.069499	-0.039406	0.149558	-0.007435	0.008770	0.029689	0.006001	-0.002036	0.001226	0.008222	-0.013548	-0.005509
2024-08-20 21:00:32.060000	0.426227	-0.583742	0.190773	-0.081480	0.900676	0.316934	0.507707	-0.552885	0.046884	-0.147074	0.338198	0.292152	0.240809	0.347790	0.363818	0.360633	-0.046045	-0.051343	0.185419	0.016028	-0.003185	0.065594	0.014930	0.000039	-0.000445	0.017144	-0.011473	-0.007178
2024-08-20 21:00:32.322000	0.410522	-0.588583	0.191986	-0.100579	0.907698	0.319115	0.511101	-0.552924	0.046856	-0.147119	0.345219	0.294333	0.244202	0.354774	0.365970	0.363981	-0.050886	-0.050131	0.166320	0.011196	-0.001989	0.046541	0.010613	0.000002	-0.000278	0.012819	-0.011511	-0.007008
2024-08-20 21:00:32.584000	0.403166	-0.600825	0.199630	-0.114977	0.919339	0.318514	0.518144	-0.552962	0.046827	-0.147165	0.356860	0.293732	0.251245	0.366376	0.365341	0.370979	-0.063128	-0.042487	0.151921	-0.001035	0.005638	0.032187	0.007063	-0.001236	0.000788	0.009262	-0.012749	-0.005940
2024-08-20 21:00:32.846000	0.422052	-0.593187	0.194690	-0.097983	0.918533	0.325345	0.520035	-0.553001	0.046798	-0.147210	0.356054	0.300564	0.253137	0.365532	0.372144	0.372825	-0.055491	-0.047427	0.168916	0.006612	0.000681	0.049227	0.010792	-0.000720	0.000095	0.012984	-0.012233	-0.006630
2024-08-20 21:00:33.108000	0.413703	-0.596988	0.198929	-0.108726	0.920488	0.323500	0.522429	-0.553039	0.046770	-0.147256	0.358009	0.298718	0.255530	0.367448	0.370270	0.375173	-0.059291	-0.043188	0.158172	0.002821	0.004904	0.038530	0.008852	-0.000923	0.000686	0.011036	-0.012436	-0.006038
2024-08-20 21:00:33.370000	0.419070	-0.600397	0.204009	-0.110678	0.926137	0.325740	0.529748	-0.553078	0.046741	-0.147301	0.363659	0.300958	0.262850	0.373059	0.372481	0.382447	-0.062701	-0.038108	0.156220	-0.000578	0.009966	0.036623	0.008830	-0.001367	0.001393	0.011007	-0.012880	-0.005328
2024-08-20 21:00:33.632000	0.417778	-0.595314	0.197145	-0.103636	0.919583	0.324269	0.521414	-0.553116	0.046712	-0.147347	0.357105	0.299487	0.254516	0.366467	0.370981	0.374067	-0.057618	-0.044972	0.163263	0.004514	0.003086	0.043711	0.009809	-0.000846	0.000431	0.011979	-0.012359	-0.006287
2024-08-20 21:00:33.895000	0.400781	-0.610744	0.204033	-0.125919	0.933410	0.322666	0.526699	-0.553155	0.046683	-0.147393	0.370931	0.297884	0.259801	0.380254	0.369349	0.379307	-0.073047	-0.038084	0.140980	-0.010905	0.009957	0.021474	0.004012	-0.002242	0.001392	0.006174	-0.013755	-0.005324
2024-08-20 21:00:34.157000	0.393127	-0.608163	0.205341	-0.132236	0.928186	0.320022	0.525363	-0.553194	0.046655	-0.147438	0.365707	0.295241	0.258464	0.374992	0.366677	0.377924	-0.070467	-0.036776	0.134663	-0.008315	0.011247	0.015203	0.003537	-0.001713	0.001572	0.005692	-0.013226	-0.005141
2024-08-20 21:00:34.419000	0.413405	-0.603529	0.199605	-0.109284	0.926612	0.323083	0.522688	-0.553232	0.046626	-0.147484	0.364133	0.298302	0.255790	0.373379	0.369709	0.375204	-0.065832	-0.042512	0.157615	-0.003670	0.005495	0.038200	0.007700	-0.001776	0.000768	0.009848	-0.013289	-0.005943
2024-08-20 21:00:34.681000	0.408932	-0.606186	0.206961	-0.120985	0.929142	0.322956	0.529917	-0.553271	0.046597	-0.147530	0.366664	0.298175	0.263018	0.375871	0.369553	0.382387	-0.068489	-0.035156	0.145913	-0.006318	0.012834	0.026545	0.006386	-0.001832	0.001794	0.008527	-0.013345	-0.004915
2024-08-20 21:00:34.943000	0.415293	-0.603729	0.205818	-0.117857	0.931062	0.327333	0.533150	-0.553310	0.046568	-0.147576	0.368584	0.302551	0.266252	0.377753	0.373901	0.385575	-0.066033	-0.036299	0.149041	-0.003852	0.011674	0.029719	0.007229	-0.001596	0.001632	0.009362	-0.013109	-0.005075
2024-08-20 21:00:35.205000	0.401477	-0.610857	0.205102	-0.125553	0.932785	0.321928	0.527030	-0.553348	0.046539	-0.147622	0.370307	0.297146	0.260132	0.379437	0.368467	0.379408	-0.073160	-0.037015	0.141345	-0.010970	0.010941	0.022068	0.004303	-0.002281	0.001530	0.006429	-0.013794	-0.005175
2024-08-20 21:00:35.467000	0.426327	-0.600814	0.205132	-0.107717	0.929726	0.328912	0.534044	-0.553387	0.046510	-0.147668	0.367248	0.304130	0.267145	0.376340	0.375422	0.386376	-0.063118	-0.036985	0.159181	-0.000917	0.010954	0.039950	0.009595	-0.001530	0.001531	0.011713	-0.013043	-0.005171
2024-08-20 21:00:35.730000	0.426625	-0.595649	0.194610	-0.104366	0.932029	0.336380	0.530991	-0.553426	0.046481	-0.147714	0.369551	0.311599	0.264092	0.378604	0.382862	0.383277	-0.057952	-0.047507	0.162533	0.004258	0.000415	0.043348	0.009178	-0.000838	0.000058	0.011289	-0.012351	-0.006641
2024-08-20 21:00:35.992000	0.420462	-0.609539	0.204187	-0.117406	0.943219	0.333681	0.537868	-0.553465	0.046452	-0.147760	0.380741	0.308899	0.270969	0.389754	0.380133	0.390108	-0.071842	-0.037929	0.149493	-0.009622	0.009976	0.030354	0.005955	-0.002359	0.001395	0.008059	-0.013872	-0.005303
2024-08-20 21:00:36.254000	0.422549	-0.609523	0.205132	-0.115510	0.942451	0.332927	0.538059	-0.553503	0.046423	-0.147806	0.379972	0.308146	0.271161	0.388947	0.379351	0.390253	-0.071826	-0.036985	0.151389	-0.009597	0.010903	0.032296	0.006510	-0.002429	0.001524	0.008607	-0.013942	-0.005171
2024-08-20 21:00:36.516000	0.416585	-0.609127	0.209570	-0.125609	0.941751	0.332625	0.542195	-0.553542	0.046394	-0.147852	0.379273	0.307843	0.275296	0.388209	0.379019	0.394343	-0.071430	-0.032547	0.141289	-0.009190	0.015324	0.022243	0.005509	-0.002101	0.002142	0.007598	-0.013614	-0.004550
2024-08-20 21:00:36.778000	0.407142	-0.612304	0.206315	-0.129118	0.942250	0.329945	0.536260	-0.553581	0.046365	-0.147898	0.379771	0.305164	0.269362	0.388669	0.376310	0.388362	-0.074607	-0.035802	0.137781	-0.012358	0.012052	0.018780	0.003629	-0.002371	0.001685	0.005711	-0.013884	-0.005005
2024-08-20 21:00:37.040000	0.406248	-0.621636	0.208785	-0.142797	0.961896	0.340260	0.549044	-0.553620	0.046336	-0.147944	0.399417	0.315478	0.282146	0.408276	0.386595	0.401100	-0.083939	-0.033332	0.124102	-0.021680	0.014505	0.005148	-0.000239	-0.003190	0.002028	0.001835	-0.014703	-0.004660
2024-08-20 21:00:37.302000	0.431098	-0.604754	0.210425	-0.116504	0.941931	0.337176	0.547601	-0.553659	0.046307	-0.147991	0.379452	0.312395	0.280703	0.388272	0.383483	0.399611	-0.067057	-0.031692	0.150395	-0.004789	0.016128	0.031487	0.008250	-0.001827	0.002255	0.010317	-0.013339	-0.004431
2024-08-20 21:00:37.565000	0.413504	-0.609806	0.210907	-0.130152	0.942555	0.332749	0.543656	-0.553698	0.046277	-0.148037	0.380077	0.307967	0.276757	0.388858	0.379027	0.395619	-0.072110	-0.031210	0.136747	-0.009831	0.016592	0.017885	0.004799	-0.002059	0.002320	0.006858	-0.013572	-0.004363
2024-08-20 21:00:37.827000	0.419667	-0.608431	0.207015	-0.125482	0.946565	0.338134	0.545149	-0.553736	0.046248	-0.148083	0.384087	0.313352	0.278251	0.392829	0.384382	0.397066	-0.070735	-0.035102	0.141416	-0.008447	0.012684	0.022601	0.005207	-0.001985	0.001773	0.007259	-0.013497	-0.004907
2024-08-20 21:00:38.089000	0.414796	-0.624391	0.215609	-0.145544	0.969123	0.344732	0.560341	-0.553775	0.046219	-0.148130	0.406645	0.319951	0.293442	0.415348	0.390951	0.412211	-0.086694	-0.026508	0.121354	-0.024397	0.021260	0.002585	0.000066	-0.003542	0.002972	0.002110	-0.015054	-0.003706
2024-08-20 21:00:38.351000	0.406645	-0.613329	0.208273	-0.136180	0.947882	0.334553	0.542826	-0.553814	0.046190	-0.148176	0.385403	0.309771	0.275927	0.394067	0.380743	0.394649	-0.075632	-0.033844	0.130718	-0.013325	0.013907	0.011996	0.002506	-0.002301	0.001944	0.004543	-0.013814	-0.004731
2024-08-20 21:00:38.613000	0.423842	-0.615533	0.207453	-0.130269	0.962191	0.346657	0.554110	-0.553853	0.046161	-0.148223	0.399712	0.321876	0.287212	0.408337	0.392818	0.405887	-0.077836	-0.034664	0.136630	-0.015519	0.013069	0.017954	0.003081	-0.002773	0.001827	0.005111	-0.014286	-0.004846
2024-08-20 21:00:38.875000	0.421655	-0.619205	0.207577	-0.129640	0.962923	0.343718	0.551295	-0.553892	0.046131	-0.148269	0.400444	0.318936	0.284396	0.409031	0.389849	0.403025	-0.081508	-0.034540	0.137259	-0.019182	0.013176	0.018629	0.002553	-0.003279	0.001842	0.004575	-0.014792	-0.004829
2024-08-20 21:00:39.137000	0.434676	-0.607597	0.209510	-0.121492	0.954255	0.346658	0.556169	-0.553931	0.046102	-0.148316	0.391777	0.321877	0.289270	0.400324	0.392760	0.407853	-0.069900	-0.032607	0.145406	-0.007564	0.015092	0.026824	0.006644	-0.002031	0.002110	0.008659	-0.013544	-0.004558
2024-08-20 21:00:39.400000	0.407639	-0.622300	0.209630	-0.143207	0.963517	0.341217	0.550847	-0.553970	0.046072	-0.148363	0.401039	0.316435	0.283948	0.409547	0.387289	0.402484	-0.084604	-0.032487	0.123691	-0.022258	0.015194	0.005156	-0.000212	-0.003274	0.002124	0.001796	-0.014787	-0.004542
2024-08-20 21:00:39.662000	0.404956	-0.624762	0.217363	-0.153312	0.965666	0.340904	0.558267	-0.554009	0.046043	-0.148410	0.403188	0.316123	0.291369	0.411657	0.386947	0.409858	-0.087065	-0.024754	0.113587	-0.024710	0.022910	-0.004902	-0.001110	-0.003360	0.003203	0.000890	-0.014873	-0.003461
2024-08-20 21:00:39.924000	0.410621	-0.621497	0.215594	-0.146842	0.963367	0.341870	0.557464	-0.554048	0.046014	-0.148456	0.400889	0.317089	0.290565	0.409319	0.387884	0.409008	-0.083800	-0.026523	0.120056	-0.021435	0.021124	0.001614	0.000402	-0.003118	0.002953	0.002395	-0.014630	-0.003708
2024-08-20 21:00:40.186000	0.413802	-0.617995	0.206851	-0.137291	0.962236	0.344241	0.551093	-0.554087	0.045984	-0.148503	0.399758	0.319460	0.284194	0.408149	0.390226	0.402590	-0.080298	-0.035266	0.129608	-0.017923	0.012364	0.011213	0.001208	-0.002865	0.001728	0.003193	-0.014378	-0.004930
2024-08-20 21:00:40.448000	0.411218	-0.625797	0.210504	-0.145762	0.972273	0.346476	0.556980	-0.554127	0.045955	-0.148550	0.409795	0.321694	0.290082	0.418147	0.392431	0.408430	-0.088100	-0.031613	0.121136	-0.025716	0.016000	0.002787	-0.001151	-0.003663	0.002237	0.000826	-0.015176	-0.004419
2024-08-20 21:00:40.710000	0.413703	-0.620508	0.215728	-0.146107	0.964590	0.344082	0.559810	-0.554166	0.045925	-0.148597	0.402112	0.319301	0.292911	0.410425	0.390008	0.411213	-0.082811	-0.026389	0.120791	-0.020417	0.021206	0.002490	0.000774	-0.003013	0.002965	0.002744	-0.014525	-0.003689
2024-08-20 21:00:40.972000	0.402570	-0.623603	0.209133	-0.149382	0.966423	0.342820	0.551952	-0.554205	0.045896	-0.148644	0.403945	0.318038	0.285054	0.412218	0.388716	0.403309	-0.085906	-0.032984	0.117516	-0.023503	0.014593	-0.000739	-0.001688	-0.003242	0.002040	0.000275	-0.014754	-0.004611
2024-08-20 21:00:41.235000	0.412609	-0.621219	0.207930	-0.142665	0.968563	0.347344	0.555274	-0.554244	0.045866	-0.148691	0.406085	0.322563	0.288376	0.414319	0.393210	0.406583	-0.083522	-0.034187	0.124234	-0.021109	0.013373	0.006026	-0.000182	-0.003130	0.001870	0.001773	-0.014642	-0.004779
2024-08-20 21:00:41.497000	0.433285	-0.613422	0.212418	-0.129660	0.963949	0.350527	0.562945	-0.554283	0.045836	-0.148738	0.401470	0.325745	0.296046	0.409665	0.396363	0.414207	-0.075725	-0.029699	0.137238	-0.013302	0.017843	0.019078	0.004625	-0.002570	0.002494	0.006573	-0.014082	-0.004152
2024-08-20 21:00:41.759000	0.411417	-0.621862	0.213471	-0.148592	0.968399	0.346537	0.560008	-0.554322	0.045807	-0.148785	0.405921	0.321755	0.293110	0.414077	0.392344	0.411223	-0.084166	-0.028645	0.118307	-0.021733	0.018879	0.000194	-0.000357	-0.003086	0.002639	0.001583	-0.014599	-0.004005
2024-08-20 21:00:42.021000	0.426426	-0.613859	0.204217	-0.126091	0.962159	0.348300	0.552517	-0.554362	0.045777	-0.148832	0.399681	0.323518	0.285618	0.407797	0.394077	0.403685	-0.076163	-0.037900	0.140808	-0.013721	0.009608	0.022741	0.003666	-0.002651	0.001343	0.005599	-0.014163	-0.005298
2024-08-20 21:00:42.283000	0.420462	-0.614204	0.205569	-0.128565	0.957662	0.343458	0.549027	-0.554401	0.045748	-0.148879	0.395184	0.318676	0.282128	0.403262	0.389206	0.400148	-0.076508	-0.036548	0.138334	-0.014056	0.010942	0.020314	0.003395	-0.002632	0.001530	0.005321	-0.014144	-0.005109
2024-08-20 21:00:42.545000	0.426327	-0.611866	0.205301	-0.127409	0.960301	0.348435	0.553736	-0.554440	0.045718	-0.148927	0.397823	0.323653	0.286837	0.405861	0.394153	0.404809	-0.074170	-0.036816	0.139489	-0.011708	0.010656	0.021518	0.004006	-0.002358	0.001490	0.005924	-0.013870	-0.005147
2024-08-20 21:00:42.807000	0.417480	-0.619360	0.213203	-0.144500	0.968137	0.348777	0.561980	-0.554479	0.045688	-0.148974	0.405658	0.323995	0.295082	0.413657	0.394465	0.413006	-0.081663	-0.028914	0.122398	-0.019192	0.018541	0.004474	0.000869	-0.002885	0.002592	0.002780	-0.014397	-0.004042
2024-08-20 21:00:43.070000	0.412411	-0.623274	0.215544	-0.147152	0.967292	0.344018	0.559562	-0.554519	0.045658	-0.149022	0.404814	0.319237	0.292664	0.412773	0.389677	0.410541	-0.085577	-0.026573	0.119747	-0.023097	0.020864	0.001870	0.000093	-0.003343	0.002917	0.001997	-0.014854	-0.003715
2024-08-20 21:00:43.332000	0.419269	-0.617912	0.207174	-0.134725	0.964732	0.346820	0.553994	-0.554558	0.045629	-0.149069	0.402254	0.322038	0.287096	0.410174	0.392448	0.404925	-0.080216	-0.034942	0.132173	-0.017726	0.012477	0.014344	0.001866	-0.002941	0.001744	0.003762	-0.014453	-0.004885
2024-08-20 21:00:43.594000	0.417182	-0.617742	0.206424	-0.138157	0.966658	0.348915	0.555339	-0.554597	0.045599	-0.149116	0.404179	0.324134	0.288441	0.412060	0.394514	0.406223	-0.080046	-0.035693	0.128741	-0.017546	0.011709	0.010959	0.001103	-0.002800	0.001637	0.002991	-0.014312	-0.004990
2024-08-20 21:00:43.856000	0.410323	-0.625426	0.216712	-0.154138	0.973176	0.347749	0.564461	-0.554637	0.045569	-0.149164	0.410697	0.322968	0.297563	0.418539	0.393318	0.415297	-0.087730	-0.025405	0.112760	-0.025221	0.021979	-0.004974	-0.001398	-0.003415	0.003073	0.000483	-0.014927	-0.003552
2024-08-20 21:00:44.118000	0.434974	-0.606958	0.206161	-0.120037	0.955810	0.348851	0.555012	-0.554676	0.045539	-0.149211	0.393331	0.324070	0.288113	0.401133	0.394390	0.405800	-0.069262	-0.035956	0.146861	-0.006743	0.011410	0.029174	0.006538	-0.001957	0.001595	0.008412	-0.013469	-0.005027
2024-08-20 21:00:44.380000	0.421058	-0.610115	0.203845	-0.121168	0.948497	0.338382	0.542226	-0.554715	0.045509	-0.149259	0.386019	0.313600	0.275328	0.393782	0.383891	0.392967	-0.072419	-0.038272	0.145731	-0.009891	0.009076	0.028091	0.005299	-0.002312	0.001269	0.007165	-0.013823	-0.005350
2024-08-20 21:00:44.642000	0.411118	-0.605697	0.198904	-0.114694	0.932604	0.326908	0.525812	-0.554755	0.045479	-0.149307	0.370126	0.302126	0.258913	0.377849	0.372387	0.376505	-0.068000	-0.043213	0.152205	-0.005463	0.004118	0.034613	0.006416	-0.001882	0.000576	0.008274	-0.013393	-0.006041
2024-08-20 21:00:44.905000	0.391238	-0.618639	0.209659	-0.145783	0.946000	0.327362	0.537021	-0.554794	0.045449	-0.149355	0.383522	0.302580	0.270123	0.391206	0.372811	0.387667	-0.080942	-0.032457	0.121116	-0.018395	0.014856	0.003572	0.000135	-0.002710	0.002077	0.001986	-0.014221	-0.004538
2024-08-20 21:00:45.167000	0.423842	-0.611058	0.208049	-0.120007	0.946857	0.335799	0.543849	-0.554834	0.045419	-0.149402	0.384379	0.311018	0.276950	0.392023	0.381219	0.394446	-0.073361	-0.034068	0.146892	-0.010805	0.013228	0.029395	0.006178	-0.002521	0.001849	0.008021	-0.014032	-0.004763
2024-08-20 21:00:45.429000	0.390741	-0.604713	0.198621	-0.125158	0.921991	0.317278	0.515899	-0.554873	0.045389	-0.149450	0.359513	0.292497	0.249001	0.367118	0.362668	0.366449	-0.067016	-0.043496	0.141741	-0.004450	0.003782	0.024292	0.004560	-0.001412	0.000529	0.006396	-0.012923	-0.006081
2024-08-20 21:00:45.691000	0.425830	-0.598085	0.199108	-0.111286	0.936093	0.338008	0.537116	-0.554913	0.045359	-0.149498	0.373615	0.313226	0.270218	0.381180	0.383367	0.387618	-0.060388	-0.043009	0.155612	0.002187	0.004251	0.038211	0.008548	-0.000989	0.000594	0.010376	-0.012500	-0.006013
2024-08-20 21:00:45.953000	0.411814	-0.603822	0.198482	-0.113756	0.930910	0.327088	0.525570	-0.554952	0.045329	-0.149546	0.368432	0.302306	0.258671	0.375958	0.372417	0.376024	-0.066125	-0.043635	0.153143	-0.003541	0.003607	0.035790	0.006899	-0.001660	0.000504	0.008720	-0.013171	-0.006100
2024-08-20 21:00:46.215000	0.411715	-0.597390	0.200147	-0.112813	0.921770	0.324380	0.524527	-0.554992	0.045299	-0.149594	0.359292	0.299599	0.257629	0.366778	0.369680	0.374934	-0.059693	-0.041970	0.154086	0.002901	0.005254	0.036781	0.008599	-0.000860	0.000735	0.010412	-0.012371	-0.005867
2024-08-20 21:00:46.477000	0.396308	-0.591369	0.195972	-0.118258	0.909963	0.318593	0.514566	-0.555031	0.045269	-0.149642	0.347484	0.293812	0.247667	0.354931	0.363862	0.364924	-0.053673	-0.046145	0.148641	0.008931	0.001061	0.031384	0.007874	0.000156	0.000148	0.009681	-0.011354	-0.006451
2024-08-20 21:00:46.740000	0.402968	-0.600608	0.194749	-0.114095	0.922922	0.322313	0.517063	-0.555071	0.045239	-0.149690	0.360444	0.297532	0.250164	0.367851	0.367552	0.367373	-0.062912	-0.047367	0.152803	-0.000299	-0.000179	0.035595	0.006734	-0.001184	-0.000025	0.008532	-0.012694	-0.006622
2024-08-20 21:00:47.002000	0.389052	-0.597282	0.189412	-0.116590	0.913511	0.316230	0.505641	-0.555111	0.045209	-0.149738	0.351033	0.291448	0.238743	0.358400	0.361438	0.355903	-0.059585	-0.052705	0.150309	0.003038	-0.005535	0.033148	0.005853	-0.000604	-0.000774	0.007644	-0.012115	-0.007368
2024-08-20 21:00:47.264000	0.391835	-0.585416	0.186837	-0.106982	0.897396	0.311980	0.498817	-0.555150	0.045178	-0.149786	0.334917	0.287198	0.231918	0.342245	0.357158	0.349031	-0.047719	-0.055280	0.159916	0.014913	-0.008127	0.042804	0.009404	0.000681	-0.001136	0.011188	-0.010829	-0.007728
2024-08-20 21:00:47.526000	0.373148	-0.582321	0.183925	-0.111545	0.883089	0.300768	0.484693	-0.555190	0.045148	-0.149834	0.320610	0.275986	0.217794	0.327899	0.345916	0.334858	-0.044624	-0.058192	0.155353	0.018017	-0.011058	0.038289	0.008550	0.001269	-0.001546	0.010327	-0.010241	-0.008135
2024-08-20 21:00:47.788000	0.399489	-0.568787	0.173115	-0.083158	0.878318	0.309532	0.482647	-0.555230	0.045118	-0.149883	0.315840	0.284750	0.215748	0.323089	0.354650	0.332764	-0.031090	-0.069002	0.183740	0.031561	-0.021885	0.066725	0.014428	0.002263	-0.003060	0.016196	-0.009247	-0.009646
2024-08-20 21:00:48.050000	0.400880	-0.556962	0.162981	-0.068055	0.862916	0.305954	0.468935	-0.555269	0.045088	-0.149931	0.300437	0.281172	0.202036	0.307647	0.351041	0.319004	-0.019265	-0.079136	0.198844	0.043395	-0.032037	0.081876	0.017572	0.003450	-0.004479	0.019333	-0.008059	-0.011063
2024-08-20 21:00:48.312000	0.378714	-0.568024	0.176967	-0.100776	0.870548	0.302524	0.479490	-0.555309	0.045057	-0.149979	0.308070	0.277742	0.212592	0.315239	0.347581	0.329511	-0.030328	-0.065150	0.166122	0.032342	-0.018070	0.049203	0.011947	0.002887	-0.002526	0.013701	-0.008623	-0.009108
2024-08-20 21:00:48.575000	0.392232	-0.557148	0.162693	-0.078798	0.865485	0.308337	0.471030	-0.555349	0.045027	-0.150028	0.303007	0.283556	0.204132	0.310136	0.353364	0.321002	-0.019451	-0.079424	0.188101	0.043228	-0.032362	0.071230	0.015437	0.003775	-0.004524	0.017183	-0.007735	-0.011103
2024-08-20 21:00:48.837000	0.388256	-0.551235	0.160924	-0.076978	0.855546	0.304311	0.465234	-0.555389	0.044996	-0.150076	0.293068	0.279529	0.198336	0.300157	0.349307	0.315158	-0.013539	-0.081193	0.189921	0.049150	-0.034149	0.073099	0.016549	0.004516	-0.004774	0.018287	-0.006993	-0.011351
2024-08-20 21:00:49.099000	0.367382	-0.542810	0.153518	-0.083721	0.840395	0.297585	0.451103	-0.555428	0.044966	-0.150125	0.277917	0.272803	0.184205	0.284967	0.342551	0.300978	-0.005113	-0.088599	0.183178	0.057584	-0.041573	0.066404	0.015400	0.005929	-0.005812	0.017131	-0.005581	-0.012386
2024-08-20 21:00:49.361000	0.385274	-0.533504	0.145492	-0.062260	0.835546	0.302042	0.447534	-0.555468	0.044936	-0.150173	0.273068	0.277261	0.180635	0.280078	0.346978	0.297361	0.004193	-0.096625	0.204639	0.066900	-0.049617	0.087914	0.019702	0.006556	-0.006936	0.021425	-0.004954	-0.013508
2024-08-20 21:00:49.623000	0.373744	-0.535209	0.148300	-0.075462	0.836115	0.300906	0.449206	-0.555508	0.044905	-0.150222	0.273636	0.276124	0.182307	0.280607	0.345811	0.298984	0.002488	-0.093817	0.191437	0.065204	-0.046827	0.074760	0.017402	0.006724	-0.006546	0.019118	-0.004785	-0.013116
2024-08-20 21:00:49.885000	0.394220	-0.536949	0.150377	-0.057849	0.838641	0.301692	0.452069	-0.555548	0.044875	-0.150271	0.276163	0.276910	0.185171	0.283093	0.346566	0.301798	0.000747	-0.091740	0.209050	0.063473	-0.044768	0.092422	0.020864	0.005904	-0.006259	0.022572	-0.005605	-0.012825
2024-08-20 21:00:50.147000	0.392232	-0.531423	0.149020	-0.060110	0.834745	0.303322	0.452342	-0.555587	0.044844	-0.150319	0.272267	0.278540	0.185444	0.279158	0.348166	0.302023	0.006273	-0.093096	0.206789	0.069008	-0.046143	0.090209	0.021200	0.006721	-0.006451	0.022901	-0.004788	-0.013015
2024-08-20 21:00:50.410000	0.391537	-0.533051	0.144890	-0.056191	0.835888	0.302837	0.447727	-0.555627	0.044814	-0.150368	0.273409	0.278055	0.180829	0.280260	0.347651	0.297359	0.004646	-0.097227	0.210708	0.067390	-0.050291	0.094177	0.020863	0.006426	-0.007031	0.022556	-0.005083	-0.013592
2024-08-20 21:00:50.672000	0.369768	-0.538850	0.151888	-0.079315	0.836045	0.297195	0.449083	-0.555667	0.044783	-0.150417	0.273566	0.272413	0.182185	0.280377	0.341978	0.298666	-0.001153	-0.090229	0.187583	0.061601	-0.043312	0.071102	0.016710	0.006327	-0.006055	0.018395	-0.005182	-0.012614
2024-08-20 21:00:50.934000	0.360126	-0.546369	0.158449	-0.092624	0.840670	0.294301	0.452750	-0.555707	0.044752	-0.150466	0.278192	0.269520	0.185851	0.284963	0.339054	0.302284	-0.008672	-0.083668	0.174275	0.054091	-0.036770	0.057842	0.014035	0.005689	-0.005140	0.015713	-0.005819	-0.011697
2024-08-20 21:00:51.196000	0.383187	-0.534750	0.145899	-0.061879	0.833917	0.299167	0.445066	-0.555747	0.044722	-0.150515	0.271439	0.274385	0.178168	0.278170	0.343889	0.294552	0.002946	-0.096218	0.205019	0.065719	-0.049337	0.088635	0.019675	0.006373	-0.006897	0.021345	-0.005135	-0.013451
2024-08-20 21:00:51.458000	0.370265	-0.540868	0.154492	-0.080015	0.836656	0.295787	0.450280	-0.555787	0.044691	-0.150564	0.274177	0.271006	0.183381	0.280869	0.340478	0.299716	-0.003172	-0.087624	0.186884	0.059610	-0.040762	0.070549	0.016725	0.006053	-0.005699	0.018388	-0.005455	-0.012250
2024-08-20 21:00:51.720000	0.367681	-0.538463	0.149657	-0.076765	0.833252	0.294789	0.444445	-0.555827	0.044660	-0.150613	0.270774	0.270007	0.177547	0.277425	0.339449	0.293833	-0.000767	-0.092460	0.190134	0.062024	-0.045617	0.073848	0.016871	0.006320	-0.006377	0.018527	-0.005188	-0.012926
2024-08-20 21:00:51.982000	0.383187	-0.525933	0.140870	-0.056693	0.824944	0.299010	0.439880	-0.555867	0.044630	-0.150662	0.262465	0.274228	0.172981	0.269077	0.343640	0.289218	0.011763	-0.101247	0.210206	0.074563	-0.054422	0.093969	0.021358	0.007426	-0.007608	0.023005	-0.004082	-0.014154
2024-08-20 21:00:52.245000	0.371458	-0.536594	0.154796	-0.079330	0.832586	0.295992	0.450788	-0.555907	0.044599	-0.150711	0.270108	0.271211	0.183890	0.276679	0.340591	0.300077	0.001103	-0.087321	0.187568	0.063912	-0.040514	0.071381	0.017729	0.006592	-0.005664	0.019369	-0.004916	-0.012208
2024-08-20 21:00:52.507000	0.372154	-0.535775	0.153394	-0.073885	0.828420	0.292645	0.446039	-0.555947	0.044568	-0.150760	0.265941	0.267863	0.179140	0.272473	0.337213	0.295278	0.001922	-0.088723	0.193013	0.064740	-0.041934	0.076875	0.018663	0.006540	-0.005862	0.020295	-0.004968	-0.012403
2024-08-20 21:00:52.769000	0.367879	-0.535363	0.153190	-0.079351	0.829403	0.294040	0.447230	-0.555987	0.044537	-0.150809	0.266924	0.269258	0.180331	0.273416	0.338577	0.296420	0.002334	-0.088927	0.187548	0.065161	-0.042156	0.071459	0.017660	0.006772	-0.005893	0.019285	-0.004735	-0.012432
2024-08-20 21:00:53.031000	0.378316	-0.525640	0.140512	-0.059684	0.823128	0.297489	0.438000	-0.556027	0.044506	-0.150859	0.260650	0.272707	0.171102	0.267101	0.341995	0.287142	0.012057	-0.101605	0.207215	0.074894	-0.054853	0.091175	0.020800	0.007564	-0.007668	0.022417	-0.003943	-0.014204
2024-08-20 21:00:53.293000	0.376726	-0.533118	0.150457	-0.069743	0.829130	0.296012	0.446469	-0.556067	0.044476	-0.150908	0.266651	0.271230	0.179570	0.273063	0.340488	0.295561	0.004579	-0.091660	0.197156	0.067425	-0.044927	0.081165	0.019407	0.006790	-0.006281	0.021017	-0.004717	-0.012814
2024-08-20 21:00:53.555000	0.374738	-0.530646	0.150810	-0.074017	0.828591	0.297945	0.448755	-0.556107	0.044445	-0.150957	0.266113	0.273164	0.181856	0.272484	0.342390	0.297798	0.007051	-0.091307	0.192882	0.069906	-0.044592	0.076940	0.019121	0.007250	-0.006234	0.020723	-0.004257	-0.012765
2024-08-20 21:00:53.817000	0.392034	-0.521886	0.141347	-0.050178	0.822750	0.300865	0.442211	-0.556147	0.044414	-0.151007	0.260272	0.276083	0.175313	0.266603	0.345278	0.291205	0.015811	-0.100770	0.216721	0.078676	-0.054074	0.100829	0.023501	0.007744	-0.007560	0.025096	-0.003763	-0.014088
2024-08-20 21:00:54.080000	0.363208	-0.538453	0.154860	-0.085718	0.832519	0.294066	0.448926	-0.556188	0.044383	-0.151056	0.270041	0.269284	0.182028	0.276331	0.338449	0.297870	-0.000756	-0.087257	0.181180	0.062117	-0.040579	0.065338	0.016226	0.006550	-0.005673	0.017813	-0.004957	-0.012198
2024-08-20 21:00:54.342000	0.374539	-0.534843	0.142997	-0.066818	0.833203	0.298360	0.441357	-0.556228	0.044352	-0.151106	0.270724	0.273578	0.174458	0.276975	0.342712	0.290251	0.002854	-0.099120	0.200081	0.065737	-0.052461	0.084288	0.018244	0.006551	-0.007334	0.019823	-0.004956	-0.013857
2024-08-20 21:00:54.604000	0.381000	-0.525516	0.142758	-0.056698	0.820456	0.294940	0.437698	-0.556268	0.044321	-0.151156	0.257978	0.270158	0.170799	0.264188	0.339260	0.286542	0.012180	-0.099359	0.210201	0.075072	-0.052718	0.094458	0.021873	0.007458	-0.007370	0.023445	-0.004048	-0.013890
2024-08-20 21:00:54.866000	0.374440	-0.523678	0.143255	-0.063983	0.818846	0.295168	0.438423	-0.556308	0.044290	-0.151205	0.256367	0.270386	0.171525	0.262538	0.339458	0.287218	0.014019	-0.098862	0.202915	0.076920	-0.052240	0.087222	0.020920	0.007930	-0.007303	0.022484	-0.003576	-0.013821
2024-08-20 21:00:55.128000	0.370066	-0.534297	0.149264	-0.074250	0.829349	0.295052	0.444316	-0.556348	0.044259	-0.151255	0.266871	0.270271	0.177418	0.273001	0.339311	0.293062	0.003400	-0.092853	0.192648	0.066310	-0.046249	0.077005	0.018149	0.006791	-0.006466	0.019705	-0.004715	-0.012981
2024-08-20 21:00:55.390000	0.365891	-0.533143	0.146371	-0.075634	0.828298	0.295154	0.441526	-0.556388	0.044228	-0.151305	0.265819	0.270373	0.174627	0.271909	0.339382	0.290221	0.004553	-0.095745	0.191264	0.067473	-0.049161	0.075670	0.017548	0.007020	-0.006873	0.019097	-0.004485	-0.013385
2024-08-20 21:00:55.652000	0.365494	-0.537789	0.146332	-0.073981	0.830932	0.293144	0.439475	-0.556429	0.044196	-0.151354	0.268454	0.268362	0.172577	0.274504	0.337340	0.288121	-0.000092	-0.095785	0.192917	0.062836	-0.049219	0.077373	0.017005	0.006354	-0.006881	0.018546	-0.005151	-0.013391
2024-08-20 21:00:55.915000	0.373346	-0.533947	0.151486	-0.069226	0.825033	0.291087	0.442572	-0.556469	0.044165	-0.151404	0.262555	0.266305	0.175674	0.268564	0.335252	0.291168	0.003750	-0.090631	0.197673	0.066687	-0.044084	0.082179	0.019627	0.006650	-0.006163	0.021160	-0.004855	-0.012670
2024-08-20 21:00:56.177000	0.371855	-0.535724	0.150293	-0.074270	0.831557	0.295833	0.446126	-0.556509	0.044134	-0.151454	0.269078	0.271051	0.179227	0.275047	0.339967	0.294672	0.001973	-0.091824	0.192628	0.064920	-0.045295	0.077184	0.018109	0.006591	-0.006332	0.019634	-0.004914	-0.012837
2024-08-20 21:00:56.439000	0.359629	-0.538031	0.148702	-0.081166	0.830123	0.292092	0.440795	-0.556550	0.044103	-0.151504	0.267645	0.267311	0.173896	0.273574	0.336195	0.289291	-0.000334	-0.093415	0.185733	0.062622	-0.046905	0.070338	0.016062	0.006526	-0.006557	0.017580	-0.004978	-0.013059
2024-08-20 21:00:56.701000	0.391338	-0.523652	0.146307	-0.052672	0.821355	0.297703	0.444010	-0.556590	0.044072	-0.151554	0.258877	0.272922	0.177111	0.264765	0.341775	0.292456	0.014045	-0.095810	0.214226	0.077010	-0.049319	0.098882	0.023734	0.007534	-0.006895	0.025244	-0.003971	-0.013394
2024-08-20 21:00:56.963000	0.364102	-0.534905	0.151351	-0.079574	0.827229	0.292324	0.443676	-0.556630	0.044040	-0.151604	0.264751	0.267543	0.176777	0.270599	0.336365	0.292072	0.002792	-0.090766	0.187325	0.065766	-0.044293	0.072030	0.017471	0.006858	-0.006192	0.018973	-0.004647	-0.012689
2024-08-20 21:00:57.225000	0.376229	-0.521020	0.140994	-0.056678	0.812933	0.291913	0.432907	-0.556671	0.044009	-0.151654	0.250455	0.267131	0.166008	0.256262	0.335922	0.281252	0.016676	-0.101123	0.210221	0.079659	-0.054669	0.094977	0.022447	0.008069	-0.007643	0.023942	-0.003435	-0.014137
2024-08-20 21:00:57.487000	0.372054	-0.526248	0.143877	-0.065058	0.819484	0.293236	0.437112	-0.556711	0.043978	-0.151704	0.257005	0.268454	0.170214	0.262772	0.337214	0.285408	0.011449	-0.098240	0.201840	0.074441	-0.051805	0.086646	0.020434	0.007616	-0.007242	0.021922	-0.003888	-0.013734
2024-08-20 21:00:57.750000	0.379509	-0.518708	0.132848	-0.052601	0.817970	0.299262	0.432110	-0.556752	0.043946	-0.151755	0.255492	0.274481	0.165212	0.261219	0.343209	0.280356	0.018989	-0.109269	0.214297	0.081990	-0.062853	0.099153	0.022106	0.008334	-0.008787	0.023585	-0.003170	-0.015276
2024-08-20 21:00:58.012000	0.358933	-0.533576	0.145194	-0.079964	0.827280	0.293704	0.438897	-0.556792	0.043915	-0.151805	0.264802	0.268922	0.171999	0.270488	0.337619	0.287093	0.004121	-0.096923	0.186935	0.067131	-0.050526	0.071841	0.016488	0.007114	-0.007064	0.017960	-0.004390	-0.013550
2024-08-20 21:00:58.274000	0.385672	-0.516828	0.134861	-0.048956	0.816595	0.299767	0.434628	-0.556832	0.043883	-0.151855	0.254117	0.274985	0.167729	0.259763	0.343650	0.282773	0.020868	-0.107256	0.217943	0.083888	-0.060878	0.102899	0.023555	0.008442	-0.008511	0.025019	-0.003062	-0.014994
2024-08-20 21:00:58.536000	0.372949	-0.527319	0.138847	-0.058832	0.820253	0.292934	0.431781	-0.556873	0.043852	-0.151906	0.257775	0.268153	0.164883	0.263380	0.336786	0.279876	0.010378	-0.103270	0.208066	0.073406	-0.056911	0.093073	0.020493	0.007330	-0.007956	0.021949	-0.004173	-0.014437
2024-08-20 21:00:58.798000	0.375036	-0.523400	0.136332	-0.056257	0.818361	0.294961	0.431293	-0.556913	0.043821	-0.151956	0.255882	0.270179	0.164394	0.261447	0.338781	0.279337	0.014297	-0.105785	0.210642	0.077334	-0.059444	0.095699	0.021237	0.007792	-0.008310	0.022685	-0.003711	-0.014789
2024-08-20 21:00:59.060000	0.374440	-0.527545	0.137947	-0.062721	0.826759	0.299213	0.437161	-0.556954	0.043789	-0.152006	0.264280	0.274432	0.170262	0.269805	0.343002	0.285154	0.010151	-0.104170	0.204178	0.073197	-0.057848	0.089285	0.019548	0.007435	-0.008087	0.020989	-0.004068	-0.014563
2024-08-20 21:00:59.322000	0.352373	-0.534374	0.145094	-0.083493	0.825146	0.290772	0.435866	-0.556994	0.043758	-0.152057	0.262668	0.265990	0.168967	0.268152	0.334529	0.283809	0.003322	-0.097023	0.183406	0.066378	-0.050720	0.068564	0.015683	0.007122	-0.007091	0.017117	-0.004380	-0.013564
2024-08-20 21:00:59.585000	0.352771	-0.531181	0.145874	-0.079969	0.818047	0.286865	0.432740	-0.557035	0.043726	-0.152108	0.255568	0.262084	0.165841	0.261012	0.330591	0.280632	0.006515	-0.096242	0.186929	0.069580	-0.049959	0.072138	0.017108	0.007421	-0.006984	0.018534	-0.004081	-0.013455
2024-08-20 21:00:59.847000	0.378813	-0.526402	0.137147	-0.054031	0.822099	0.295697	0.432844	-0.557076	0.043694	-0.152158	0.259621	0.270916	0.165946	0.265024	0.339391	0.280686	0.011295	-0.104970	0.212868	0.074368	-0.058705	0.098127	0.021295	0.007314	-0.008207	0.022713	-0.004188	-0.014675
2024-08-20 21:01:00.109000	0.378615	-0.517472	0.136198	-0.053742	0.813631	0.296159	0.432357	-0.557116	0.043663	-0.152209	0.251152	0.271377	0.165458	0.256515	0.339821	0.280148	0.020225	-0.105919	0.213157	0.083307	-0.059674	0.098467	0.022829	0.008494	-0.008342	0.024239	-0.003008	-0.014807
2024-08-20 21:01:00.371000	0.369867	-0.525444	0.142187	-0.067421	0.820546	0.295102	0.437288	-0.557157	0.043631	-0.152260	0.258067	0.270320	0.170390	0.263389	0.338733	0.285029	0.012253	-0.099930	0.199478	0.075344	-0.053704	0.084839	0.019890	0.007815	-0.007508	0.021292	-0.003687	-0.013970
2024-08-20 21:01:00.633000	0.360424	-0.529044	0.142778	-0.070473	0.817163	0.288119	0.430897	-0.557197	0.043599	-0.152310	0.254685	0.263338	0.163999	0.259966	0.331719	0.278587	0.008653	-0.099339	0.196426	0.071753	-0.053131	0.081837	0.018760	0.007431	-0.007428	0.020154	-0.004070	-0.013888
2024-08-20 21:01:00.895000	0.361518	-0.527849	0.134289	-0.068374	0.823452	0.295602	0.429892	-0.557238	0.043568	-0.152361	0.260973	0.270821	0.162993	0.266214	0.339170	0.277531	0.009847	-0.107828	0.198525	0.072956	-0.061639	0.083987	0.017759	0.007616	-0.008617	0.019146	-0.003885	-0.015074
2024-08-20 21:01:01.157000	0.375533	-0.517513	0.135850	-0.056029	0.813225	0.295712	0.431562	-0.557279	0.043536	-0.152412	0.250747	0.270930	0.164663	0.255946	0.339248	0.279150	0.020184	-0.106267	0.210870	0.083301	-0.060098	0.096383	0.022347	0.008565	-0.008402	0.023727	-0.002936	-0.014856
2024-08-20 21:01:01.419000	0.347900	-0.532258	0.148678	-0.084694	0.816174	0.283917	0.432594	-0.557319	0.043504	-0.152463	0.253696	0.259135	0.165696	0.258855	0.327421	0.280131	0.005439	-0.093439	0.182204	0.068566	-0.047289	0.067769	0.016596	0.007398	-0.006611	0.017967	-0.004102	-0.013063
2024-08-20 21:01:01.682000	0.372949	-0.519759	0.132242	-0.054832	0.815298	0.295539	0.427781	-0.557360	0.043472	-0.152514	0.252819	0.270757	0.160882	0.257938	0.339011	0.275267	0.017938	-0.109875	0.212067	0.081074	-0.063744	0.097682	0.021482	0.008270	-0.008911	0.022846	-0.003230	-0.015361
2024-08-20 21:01:01.944000	0.345813	-0.529003	0.142654	-0.084020	0.816182	0.287179	0.429833	-0.557401	0.043440	-0.152565	0.253703	0.262397	0.162934	0.258781	0.330619	0.277268	0.008694	-0.099463	0.182879	0.071838	-0.053352	0.068545	0.016185	0.007873	-0.007459	0.017541	-0.003627	-0.013905
2024-08-20 21:01:02.206000	0.357542	-0.525228	0.134180	-0.068019	0.816609	0.291381	0.425561	-0.557441	0.043409	-0.152616	0.254130	0.266599	0.158662	0.259167	0.334789	0.272945	0.012469	-0.107937	0.198879	0.075622	-0.061845	0.084597	0.018330	0.007951	-0.008646	0.019678	-0.003549	-0.015090
2024-08-20 21:01:02.468000	0.372551	-0.515716	0.129593	-0.051577	0.810251	0.294536	0.424128	-0.557482	0.043377	-0.152667	0.247773	0.269754	0.157230	0.252769	0.337912	0.271461	0.021981	-0.112524	0.215321	0.085143	-0.066451	0.101090	0.022369	0.008728	-0.009290	0.023710	-0.002772	-0.015731
2024-08-20 21:01:02.730000	0.356150	-0.514464	0.129414	-0.063786	0.804986	0.290522	0.419936	-0.557523	0.043345	-0.152718	0.242508	0.265740	0.153037	0.247463	0.333867	0.267217	0.023232	-0.112703	0.203113	0.086403	-0.066649	0.088933	0.020234	0.009288	-0.009318	0.021567	-0.002211	-0.015756
2024-08-20 21:01:02.992000	0.361518	-0.526366	0.144642	-0.071903	0.815145	0.288779	0.433421	-0.557564	0.043313	-0.152770	0.252666	0.263997	0.166522	0.257581	0.332091	0.280651	0.011331	-0.097475	0.194996	0.074511	-0.051441	0.080867	0.019410	0.007808	-0.007191	0.020735	-0.003691	-0.013627
2024-08-20 21:01:03.254000	0.367283	-0.522643	0.132137	-0.059289	0.817077	0.294434	0.426572	-0.557605	0.043281	-0.152821	0.254598	0.269653	0.159673	0.259472	0.337715	0.273751	0.015054	-0.109980	0.207610	0.078243	-0.063964	0.093532	0.020120	0.008033	-0.008942	0.021438	-0.003466	-0.015375
2024-08-20 21:01:03.517000	0.378217	-0.518342	0.131834	-0.049869	0.814594	0.296251	0.428086	-0.557645	0.043249	-0.152872	0.252115	0.271470	0.161187	0.256948	0.339500	0.275213	0.019354	-0.110283	0.217030	0.082552	-0.064287	0.103004	0.022672	0.008300	-0.008987	0.023982	-0.003198	-0.015418
2024-08-20 21:01:03.779000	0.362711	-0.526742	0.137266	-0.067994	0.820180	0.293438	0.430704	-0.557686	0.043217	-0.152924	0.257702	0.268656	0.163806	0.262494	0.336655	0.277781	0.010955	-0.104851	0.198905	0.074161	-0.058874	0.084930	0.018694	0.007714	-0.008231	0.019996	-0.003784	-0.014658
2024-08-20 21:01:04.041000	0.346310	-0.536239	0.146342	-0.089374	0.825581	0.289342	0.435684	-0.557727	0.043185	-0.152975	0.263102	0.264560	0.168785	0.267853	0.332527	0.282708	0.001458	-0.095775	0.177525	0.064673	-0.049818	0.063601	0.014590	0.007047	-0.006965	0.015884	-0.004451	-0.013389
2024-08-20 21:01:04.303000	0.368476	-0.526546	0.143906	-0.071411	0.822527	0.295980	0.439887	-0.557768	0.043153	-0.153027	0.260048	0.271199	0.172988	0.264759	0.339133	0.286860	0.011150	-0.098211	0.195488	0.074374	-0.052273	0.081616	0.019368	0.007775	-0.007308	0.020654	-0.003723	-0.013730
2024-08-20 21:01:04.565000	0.388455	-0.509237	0.128862	-0.039810	0.808640	0.299403	0.428265	-0.557809	0.043120	-0.153078	0.246161	0.274621	0.161366	0.250831	0.342523	0.275187	0.028460	-0.113255	0.227089	0.091692	-0.067337	0.113269	0.025746	0.009210	-0.009414	0.027025	-0.002287	-0.015833
2024-08-20 21:01:04.827000	0.351876	-0.538299	0.148469	-0.084806	0.826512	0.288213	0.436682	-0.557850	0.043088	-0.153130	0.264033	0.263431	0.169783	0.268662	0.331301	0.283552	-0.000602	-0.093648	0.182093	0.062640	-0.047749	0.068324	0.015516	0.006603	-0.006675	0.016787	-0.004894	-0.013092
2024-08-20 21:01:05.089000	0.380304	-0.522792	0.138494	-0.054791	0.819394	0.296602	0.435096	-0.557891	0.043056	-0.153181	0.256915	0.271820	0.168197	0.261503	0.339658	0.281914	0.014905	-0.103623	0.212107	0.078155	-0.057744	0.098390	0.022232	0.007795	-0.008073	0.023495	-0.003702	-0.014486
2024-08-20 21:01:05.352000	0.391040	-0.510659	0.129036	-0.037335	0.809998	0.299339	0.428375	-0.557932	0.043024	-0.153233	0.247519	0.274557	0.161477	0.252066	0.342363	0.275142	0.027038	-0.113081	0.229563	0.090297	-0.067221	0.115898	0.026014	0.008940	-0.009398	0.027269	-0.002556	-0.015809
2024-08-20 21:01:05.614000	0.388256	-0.525738	0.137927	-0.048642	0.824708	0.298971	0.436898	-0.557973	0.042992	-0.153285	0.262230	0.274189	0.169999	0.266736	0.341962	0.283613	0.011959	-0.104189	0.218257	0.075227	-0.058349	0.104644	0.022772	0.007214	-0.008157	0.024019	-0.004282	-0.014566
2024-08-20 21:01:05.876000	0.371855	-0.529121	0.137465	-0.061413	0.824924	0.295803	0.433268	-0.558014	0.042959	-0.153337	0.262446	0.271021	0.166370	0.266911	0.338762	0.279931	0.008575	-0.104652	0.205486	0.071852	-0.058831	0.091924	0.019616	0.007183	-0.008225	0.020855	-0.004313	-0.014630
2024-08-20 21:01:06.138000	0.347999	-0.536985	0.146262	-0.086443	0.825166	0.288181	0.434443	-0.558055	0.042927	-0.153389	0.262688	0.263399	0.167544	0.267111	0.331108	0.281054	0.000711	-0.095855	0.180455	0.063996	-0.050054	0.066945	0.015060	0.006852	-0.006997	0.016292	-0.004643	-0.013401
2024-08-20 21:01:06.400000	0.382094	-0.518162	0.130885	-0.045316	0.814686	0.296524	0.427409	-0.558096	0.042895	-0.153441	0.252208	0.271743	0.160511	0.256591	0.339419	0.273969	0.019535	-0.111232	0.221583	0.082828	-0.065450	0.108125	0.023481	0.008185	-0.009150	0.024705	-0.003311	-0.015550
2024-08-20 21:01:06.662000	0.355951	-0.532134	0.143101	-0.078737	0.823721	0.291587	0.434689	-0.558137	0.042862	-0.153493	0.261243	0.266806	0.167790	0.265585	0.334450	0.281196	0.005563	-0.099016	0.188161	0.068865	-0.053254	0.074756	0.016844	0.007280	-0.007445	0.018060	-0.004216	-0.013842
2024-08-20 21:01:06.924000	0.356945	-0.532495	0.147629	-0.079847	0.821659	0.289164	0.436793	-0.558178	0.042830	-0.153545	0.259180	0.264382	0.169894	0.263481	0.331994	0.283248	0.005202	-0.094488	0.187051	0.068513	-0.048746	0.073697	0.017443	0.007217	-0.006815	0.018651	-0.004278	-0.013209
2024-08-20 21:01:07.187000	0.361816	-0.528714	0.136556	-0.067360	0.821335	0.292620	0.429176	-0.558219	0.042797	-0.153597	0.258856	0.267839	0.162277	0.263116	0.335418	0.275579	0.008982	-0.105561	0.199539	0.072302	-0.059839	0.086237	0.018415	0.007437	-0.008365	0.019616	-0.004057	-0.014757
2024-08-20 21:01:07.449000	0.363108	-0.529034	0.134896	-0.063035	0.820282	0.291248	0.426144	-0.558260	0.042765	-0.153649	0.257803	0.266466	0.159245	0.262021	0.334013	0.272495	0.008663	-0.107221	0.203863	0.071991	-0.061518	0.090614	0.018873	0.007274	-0.008600	0.020066	-0.004220	-0.014990
2024-08-20 21:01:07.711000	0.365891	-0.531815	0.144726	-0.069636	0.822616	0.290801	0.435528	-0.558301	0.042733	-0.153701	0.260138	0.266020	0.168629	0.264315	0.333534	0.281827	0.005882	-0.097391	0.197262	0.069219	-0.051707	0.084065	0.018991	0.007009	-0.007229	0.020176	-0.004485	-0.013615
2024-08-20 21:01:07.973000	0.373943	-0.520304	0.130845	-0.051197	0.814599	0.294294	0.425140	-0.558342	0.042700	-0.153753	0.252121	0.269513	0.158241	0.256257	0.336994	0.271386	0.017392	-0.111272	0.215702	0.080738	-0.065608	0.102557	0.021996	0.008090	-0.009172	0.023174	-0.003404	-0.015556
2024-08-20 21:01:15.655000	0.383585	-0.597287	0.199451	-0.127227	0.908647	0.311360	0.510811	-0.559556	0.041734	-0.155308	0.346168	0.286578	0.243913	0.349090	0.353094	0.355503	-0.059590	-0.042666	0.139672	0.004003	0.002409	0.028082	0.006588	-0.000403	0.000337	0.007534	-0.011885	-0.005965
2024-08-20 21:01:15.917000	0.380503	-0.603070	0.198875	-0.129356	0.914055	0.310985	0.509859	-0.559598	0.041700	-0.155362	0.351576	0.286203	0.242961	0.354457	0.352685	0.354497	-0.065373	-0.043242	0.137543	-0.001772	0.001812	0.026006	0.005006	-0.001092	0.000253	0.005944	-0.012574	-0.006045
2024-08-20 21:01:16.179000	0.414001	-0.581801	0.186604	-0.090388	0.899586	0.317785	0.504389	-0.559640	0.041667	-0.155416	0.337108	0.293004	0.237490	0.339946	0.359452	0.348973	-0.044104	-0.055513	0.176511	0.019506	-0.010479	0.065028	0.014063	0.000598	-0.001465	0.014994	-0.010884	-0.007761
2024-08-20 21:01:16.441000	0.392232	-0.594392	0.192140	-0.115099	0.909584	0.315191	0.507332	-0.559681	0.041633	-0.155470	0.347105	0.290410	0.240433	0.349902	0.356825	0.351862	-0.056696	-0.049977	0.151799	0.006922	-0.004963	0.040371	0.008067	-0.000331	-0.000694	0.008989	-0.011812	-0.006987
2024-08-20 21:01:16.703000	0.387660	-0.591369	0.186350	-0.114445	0.907124	0.315755	0.502105	-0.559723	0.041600	-0.155524	0.344646	0.290973	0.235207	0.347401	0.357355	0.346581	-0.053673	-0.055767	0.152453	0.009954	-0.010774	0.041079	0.007646	0.000112	-0.001506	0.008561	-0.011369	-0.007796
2024-08-20 21:01:16.966000	0.403862	-0.573514	0.178259	-0.084882	0.883999	0.310485	0.488744	-0.559765	0.041566	-0.155578	0.321521	0.285704	0.221846	0.324234	0.352051	0.333166	-0.035818	-0.063858	0.182017	0.027817	-0.018885	0.070696	0.015073	0.001607	-0.002640	0.015979	-0.009874	-0.008927
2024-08-20 21:01:17.228000	0.358238	-0.590185	0.186330	-0.125315	0.887407	0.297223	0.483553	-0.559807	0.041533	-0.155632	0.324929	0.272441	0.216654	0.327601	0.338755	0.327920	-0.052488	-0.055787	0.141583	0.011155	-0.010835	0.030317	0.005794	0.000618	-0.001515	0.006693	-0.010863	-0.007799
2024-08-20 21:01:17.490000	0.394717	-0.570090	0.168736	-0.081130	0.877201	0.307111	0.475848	-0.559849	0.041499	-0.155687	0.314722	0.282329	0.208949	0.317352	0.348610	0.320161	-0.032393	-0.073380	0.185768	0.031258	-0.028449	0.074556	0.014611	0.002044	-0.003977	0.015502	-0.009436	-0.010259
2024-08-20 21:01:17.752000	0.380702	-0.566768	0.167186	-0.092426	0.872710	0.305942	0.473128	-0.559890	0.041465	-0.155741	0.310232	0.281161	0.206230	0.312820	0.347408	0.317387	-0.029071	-0.074931	0.174472	0.034588	-0.030020	0.063315	0.012770	0.002863	-0.004197	0.013653	-0.008616	-0.010475
2024-08-20 21:01:18.014000	0.373346	-0.573669	0.167981	-0.095620	0.874654	0.300986	0.468967	-0.559932	0.041432	-0.155795	0.312176	0.276204	0.202068	0.314722	0.342417	0.313172	-0.035972	-0.074136	0.171278	0.027695	-0.029246	0.060175	0.011041	0.002046	-0.004089	0.011916	-0.009433	-0.010364
2024-08-20 21:01:18.276000	0.397898	-0.562035	0.161336	-0.071573	0.870170	0.308135	0.469471	-0.559974	0.041398	-0.155849	0.307692	0.283354	0.202573	0.310196	0.349533	0.313622	-0.024338	-0.080781	0.195325	0.039337	-0.035911	0.084276	0.016535	0.002881	-0.005020	0.017402	-0.008597	-0.011293
2024-08-20 21:01:18.538000	0.363903	-0.571707	0.172285	-0.102125	0.865450	0.293743	0.466028	-0.560016	0.041364	-0.155904	0.302972	0.268962	0.199130	0.305434	0.335108	0.310125	-0.034010	-0.069832	0.164774	0.029674	-0.024983	0.053779	0.011001	0.002465	-0.003493	0.011860	-0.009013	-0.009762
2024-08-20 21:01:18.800000	0.391636	-0.555196	0.152992	-0.068232	0.862072	0.306877	0.459868	-0.560058	0.041331	-0.155958	0.299594	0.282095	0.192969	0.302015	0.348207	0.303910	-0.017499	-0.089125	0.198667	0.046193	-0.044297	0.087726	0.016854	0.003769	-0.006193	0.017705	-0.007709	-0.012460
2024-08-20 21:01:19.063000	0.389747	-0.562406	0.166912	-0.080035	0.865276	0.302870	0.469782	-0.560100	0.041297	-0.156013	0.302797	0.278088	0.202884	0.305176	0.344167	0.313770	-0.024709	-0.075204	0.186864	0.038991	-0.030397	0.075978	0.015941	0.003041	-0.004250	0.016784	-0.008436	-0.010514
2024-08-20 21:01:19.325000	0.371060	-0.563595	0.163747	-0.089835	0.860744	0.297149	0.460896	-0.560142	0.041263	-0.156067	0.298266	0.272367	0.193997	0.300603	0.338412	0.304828	-0.025899	-0.078370	0.177063	0.037809	-0.033584	0.066232	0.013241	0.003234	-0.004695	0.014076	-0.008242	-0.010956
2024-08-20 21:01:19.587000	0.388157	-0.553867	0.158618	-0.070833	0.854239	0.300372	0.458990	-0.560184	0.041229	-0.156122	0.291761	0.275591	0.192091	0.294056	0.341601	0.302868	-0.016170	-0.083499	0.196066	0.047546	-0.038733	0.085289	0.017707	0.003964	-0.005415	0.018534	-0.007513	-0.011673
2024-08-20 21:01:19.849000	0.381298	-0.558451	0.161952	-0.080709	0.858506	0.300055	0.462008	-0.560226	0.041195	-0.156177	0.296027	0.275274	0.195109	0.298280	0.341250	0.305831	-0.020754	-0.080165	0.186189	0.042970	-0.035419	0.075467	0.015614	0.003639	-0.004952	0.016433	-0.007837	-0.011207
2024-08-20 21:01:20.111000	0.358735	-0.569276	0.167484	-0.100112	0.860639	0.291363	0.458847	-0.560268	0.041161	-0.156231	0.298160	0.266581	0.191948	0.300371	0.332524	0.302615	-0.031579	-0.074633	0.166786	0.032153	-0.029909	0.056119	0.010961	0.002772	-0.004181	0.011773	-0.008703	-0.010434
2024-08-20 21:01:20.373000	0.386567	-0.550257	0.153359	-0.065048	0.848512	0.298255	0.451615	-0.560309	0.041127	-0.156286	0.286034	0.273474	0.184716	0.288203	0.339383	0.295328	-0.012560	-0.088758	0.201850	0.051180	-0.044054	0.091238	0.018497	0.004311	-0.006159	0.019300	-0.007163	-0.012408
2024-08-20 21:01:20.635000	0.376726	-0.561834	0.165526	-0.085308	0.858342	0.296508	0.462034	-0.560351	0.041093	-0.156341	0.295864	0.271726	0.195135	0.297991	0.337601	0.305693	-0.024137	-0.076591	0.181591	0.039611	-0.031908	0.071033	0.014817	0.003299	-0.004461	0.015612	-0.008176	-0.010707
2024-08-20 21:01:20.898000	0.381795	-0.554295	0.159120	-0.077165	0.854136	0.299841	0.458961	-0.560394	0.041059	-0.156396	0.291657	0.275060	0.192062	0.293742	0.340900	0.302565	-0.016598	-0.082997	0.189733	0.047158	-0.038336	0.079231	0.016550	0.004103	-0.005359	0.017338	-0.007371	-0.011603
2024-08-20 21:01:21.160000	0.379211	-0.565022	0.171127	-0.090200	0.863306	0.298284	0.469411	-0.560436	0.041025	-0.156451	0.300828	0.273503	0.202513	0.302871	0.339309	0.312960	-0.027325	-0.070990	0.176698	0.036439	-0.026349	0.066251	0.014382	0.002972	-0.003684	0.015161	-0.008502	-0.009924
2024-08-20 21:01:21.422000	0.380603	-0.556663	0.161232	-0.080106	0.856140	0.299477	0.460709	-0.560478	0.040991	-0.156506	0.293662	0.274695	0.193810	0.295663	0.340468	0.304203	-0.018967	-0.080885	0.186793	0.044805	-0.036265	0.076400	0.015970	0.003860	-0.005070	0.016741	-0.007612	-0.011308
2024-08-20 21:01:21.684000	0.359331	-0.563987	0.167678	-0.100462	0.856102	0.292115	0.459793	-0.560520	0.040957	-0.156561	0.293624	0.267334	0.192894	0.295582	0.333072	0.303232	-0.026290	-0.074439	0.166437	0.037490	-0.029840	0.056099	0.011959	0.003476	-0.004172	0.012722	-0.007996	-0.010407
2024-08-20 21:01:21.946000	0.364897	-0.561880	0.163389	-0.092431	0.855820	0.293940	0.457329	-0.560562	0.040923	-0.156616	0.293342	0.269158	0.190430	0.295258	0.334863	0.300712	-0.024184	-0.078728	0.174467	0.039604	-0.034150	0.064185	0.013072	0.003543	-0.004774	0.013827	-0.007928	-0.011006
2024-08-20 21:01:22.208000	0.388952	-0.553522	0.163185	-0.072973	0.852262	0.298740	0.461925	-0.560604	0.040889	-0.156671	0.289783	0.273958	0.195026	0.291658	0.339628	0.305253	-0.015825	-0.078932	0.193926	0.047971	-0.034375	0.083699	0.018319	0.004022	-0.004806	0.019066	-0.007449	-0.011035
2024-08-20 21:01:22.470000	0.386070	-0.562895	0.163553	-0.075213	0.860625	0.297730	0.461283	-0.560646	0.040854	-0.156727	0.298147	0.272949	0.194384	0.299979	0.338585	0.304557	-0.025198	-0.078564	0.191685	0.038606	-0.034028	0.081513	0.016232	0.002852	-0.004757	0.016971	-0.008619	-0.010983
2024-08-20 21:01:22.733000	0.370066	-0.569508	0.164303	-0.092056	0.867327	0.297819	0.462122	-0.560688	0.040820	-0.156782	0.304848	0.273037	0.195224	0.306638	0.338639	0.305340	-0.031811	-0.077814	0.174843	0.032001	-0.033299	0.064726	0.011931	0.002513	-0.004655	0.012662	-0.008957	-0.010878
2024-08-20 21:01:22.995000	0.364301	-0.573725	0.166903	-0.100543	0.871667	0.297942	0.464844	-0.560730	0.040786	-0.156837	0.309189	0.273160	0.197946	0.310937	0.338728	0.308007	-0.036029	-0.075214	0.166355	0.027791	-0.030721	0.056294	0.010031	0.002200	-0.004295	0.010754	-0.009270	-0.010515
2024-08-20 21:01:23.257000	0.374539	-0.558976	0.162678	-0.083985	0.854822	0.295846	0.458524	-0.560773	0.040752	-0.156893	0.292343	0.271064	0.191625	0.294049	0.336597	0.301631	-0.021279	-0.079439	0.182914	0.042548	-0.034966	0.072908	0.015132	0.003660	-0.004888	0.015848	-0.007809	-0.011106
2024-08-20 21:01:23.519000	0.384777	-0.556082	0.155422	-0.071041	0.856478	0.300396	0.455818	-0.560815	0.040717	-0.156948	0.294000	0.275615	0.188920	0.295663	0.341114	0.298870	-0.018385	-0.086695	0.195858	0.045451	-0.042244	0.085907	0.016762	0.003706	-0.005906	0.017470	-0.007762	-0.012120
2024-08-20 21:01:23.781000	0.383883	-0.552446	0.153051	-0.072795	0.856072	0.303627	0.456678	-0.560857	0.040683	-0.157004	0.293594	0.278845	0.189779	0.295215	0.344310	0.299674	-0.014749	-0.089066	0.194104	0.049094	-0.044635	0.084209	0.016652	0.004269	-0.006240	0.017351	-0.007199	-0.012451
2024-08-20 21:01:24.043000	0.372750	-0.562952	0.157758	-0.084968	0.862912	0.299960	0.457718	-0.560899	0.040649	-0.157059	0.300434	0.275179	0.190820	0.302013	0.340609	0.300659	-0.025255	-0.084359	0.181930	0.038596	-0.039950	0.072091	0.013285	0.003221	-0.005585	0.013977	-0.008247	-0.011793
2024-08-20 21:01:24.305000	0.373943	-0.553759	0.160382	-0.086078	0.853398	0.299639	0.460021	-0.560941	0.040614	-0.157115	0.290920	0.274858	0.193123	0.292457	0.340254	0.302907	-0.016062	-0.081735	0.180820	0.047797	-0.037347	0.071036	0.015288	0.004440	-0.005221	0.015971	-0.007027	-0.011427
2024-08-20 21:01:24.568000	0.372154	-0.557292	0.166132	-0.087990	0.851303	0.294011	0.460143	-0.560984	0.040580	-0.157171	0.288825	0.269230	0.193245	0.290319	0.334591	0.302973	-0.019595	-0.075985	0.178909	0.044272	-0.031618	0.069181	0.015381	0.003970	-0.004420	0.016056	-0.007496	-0.010623
2024-08-20 21:01:24.830000	0.392332	-0.542177	0.147574	-0.061910	0.848844	0.306667	0.454242	-0.561026	0.040545	-0.157226	0.286366	0.281886	0.187343	0.287818	0.347213	0.297015	-0.004480	-0.094543	0.204989	0.059395	-0.050197	0.095317	0.019619	0.005333	-0.007018	0.020286	-0.006133	-0.013217
2024-08-20 21:01:25.092000	0.373744	-0.561381	0.158394	-0.083868	0.860599	0.299218	0.457612	-0.561068	0.040511	-0.157282	0.298121	0.274436	0.190713	0.299531	0.339729	0.300330	-0.023684	-0.083723	0.183031	0.040198	-0.039399	0.073414	0.013942	0.003383	-0.005508	0.014601	-0.008082	-0.011704
2024-08-20 21:01:25.354000	0.353864	-0.564533	0.166644	-0.103763	0.855515	0.290983	0.457627	-0.561111	0.040476	-0.157338	0.293037	0.266201	0.190728	0.294405	0.331459	0.300289	-0.026836	-0.075473	0.163136	0.037054	-0.031170	0.053575	0.011139	0.003515	-0.004358	0.011790	-0.007950	-0.010551
2024-08-20 21:01:25.616000	0.357045	-0.567576	0.166629	-0.103068	0.861060	0.293484	0.460113	-0.561153	0.040442	-0.157394	0.298582	0.268702	0.193214	0.299907	0.333925	0.302719	-0.029880	-0.075488	0.163831	0.034018	-0.031206	0.054326	0.010713	0.003091	-0.004363	0.011356	-0.008374	-0.010553
2024-08-20 21:01:25.878000	0.374937	-0.563183	0.163488	-0.089095	0.863727	0.300544	0.464032	-0.561195	0.040407	-0.157450	0.301249	0.275762	0.197133	0.302532	0.340951	0.306582	-0.025487	-0.078629	0.177803	0.038419	-0.034369	0.068355	0.013610	0.003255	-0.004805	0.014244	-0.008209	-0.010992
2024-08-20 21:01:26.140000	0.368873	-0.569235	0.165213	-0.097395	0.870290	0.301055	0.466268	-0.561238	0.040372	-0.157506	0.307812	0.276274	0.199370	0.309052	0.341428	0.308762	-0.031538	-0.076904	0.169504	0.032375	-0.032665	0.060111	0.011238	0.002704	-0.004567	0.011864	-0.008760	-0.010751
2024-08-20 21:01:26.403000	0.387163	-0.563374	0.158926	-0.076435	0.868047	0.304673	0.463598	-0.561280	0.040338	-0.157562	0.305568	0.279891	0.196700	0.306766	0.345010	0.306036	-0.025677	-0.083191	0.190463	0.038244	-0.038974	0.081127	0.015140	0.002872	-0.005449	0.015759	-0.008591	-0.011630
2024-08-20 21:01:26.665000	0.385473	-0.561180	0.162951	-0.078595	0.862297	0.301117	0.464068	-0.561323	0.040303	-0.157618	0.299819	0.276335	0.197170	0.300974	0.341420	0.306450	-0.023483	-0.079166	0.188303	0.040446	-0.034970	0.079023	0.015915	0.003186	-0.004889	0.016525	-0.008277	-0.011067
2024-08-20 21:01:26.927000	0.385573	-0.570764	0.163443	-0.083696	0.876589	0.305825	0.469268	-0.561365	0.040268	-0.157674	0.314111	0.281043	0.202370	0.315224	0.346093	0.311594	-0.033067	-0.078674	0.183203	0.030869	-0.034499	0.073979	0.013264	0.002079	-0.004823	0.013867	-0.009383	-0.010999
2024-08-20 21:01:27.189000	0.376925	-0.568431	0.164224	-0.089491	0.870623	0.302192	0.466415	-0.561407	0.040233	-0.157730	0.308145	0.277410	0.199517	0.309215	0.342425	0.308685	-0.030735	-0.077893	0.177408	0.033210	-0.033740	0.068240	0.012744	0.002564	-0.004717	0.013338	-0.008897	-0.010889
2024-08-20 21:01:27.451000	0.395811	-0.559697	0.160864	-0.069733	0.864376	0.304680	0.465544	-0.561450	0.040199	-0.157787	0.301898	0.279898	0.198645	0.302927	0.344878	0.307757	-0.022000	-0.081253	0.197166	0.041952	-0.037121	0.088054	0.017511	0.003118	-0.005190	0.018097	-0.008343	-0.011359
2024-08-20 21:01:27.713000	0.366587	-0.565413	0.167603	-0.098170	0.862568	0.297154	0.464758	-0.561492	0.040164	-0.157843	0.300089	0.272373	0.197859	0.301075	0.337318	0.306915	-0.027717	-0.074514	0.168728	0.036243	-0.030403	0.059672	0.012305	0.003203	-0.004250	0.012883	-0.008257	-0.010417
2024-08-20 21:01:27.975000	0.358337	-0.573895	0.178572	-0.113502	0.867162	0.293267	0.471839	-0.561535	0.040129	-0.157899	0.304684	0.268485	0.204941	0.305628	0.333396	0.313940	-0.036199	-0.063545	0.153396	0.027768	-0.019456	0.044397	0.009912	0.002454	-0.002720	0.010482	-0.009006	-0.008884
2024-08-20 21:01:28.238000	0.364301	-0.587105	0.181604	-0.118197	0.887999	0.300894	0.482498	-0.561577	0.040094	-0.157956	0.325521	0.276112	0.215599	0.326422	0.340988	0.324542	-0.049408	-0.060513	0.148702	0.014566	-0.016446	0.039759	0.007157	0.000827	-0.002299	0.007719	-0.010632	-0.008460
2024-08-20 21:01:28.500000	0.366786	-0.567623	0.163965	-0.096949	0.867392	0.299769	0.463735	-0.561620	0.040059	-0.158012	0.304914	0.274988	0.196836	0.305772	0.339828	0.305722	-0.029926	-0.078152	0.169950	0.034056	-0.034106	0.061064	0.011455	0.002911	-0.004768	0.012009	-0.008547	-0.010926
2024-08-20 21:01:28.762000	0.391934	-0.557055	0.163682	-0.074864	0.860171	0.303116	0.466798	-0.561662	0.040024	-0.158069	0.297692	0.278334	0.199899	0.298508	0.343140	0.308729	-0.019358	-0.078435	0.192035	0.044632	-0.034411	0.083205	0.017599	0.003598	-0.004811	0.018145	-0.007860	-0.010965
2024-08-20 21:01:29.024000	0.368575	-0.586039	0.178622	-0.113289	0.889282	0.303243	0.481864	-0.561705	0.039989	-0.158125	0.326803	0.278461	0.214966	0.327577	0.343232	0.323739	-0.048342	-0.063495	0.153609	0.015655	-0.019493	0.044836	0.007746	0.000841	-0.002725	0.008284	-0.010616	-0.008877
2024-08-20 21:01:29.286000	0.366190	-0.581229	0.180307	-0.114927	0.882039	0.300810	0.481116	-0.561747	0.039954	-0.158182	0.319560	0.276028	0.214218	0.320291	0.340764	0.322934	-0.043532	-0.061810	0.151972	0.020473	-0.017830	0.043255	0.008655	0.001509	-0.002493	0.009185	-0.009947	-0.008641
2024-08-20 21:01:29.548000	0.379708	-0.569801	0.174949	-0.099899	0.874459	0.304658	0.479607	-0.561790	0.039919	-0.158239	0.311981	0.279877	0.212709	0.312669	0.344578	0.321368	-0.032104	-0.067168	0.166999	0.031908	-0.023209	0.058340	0.012630	0.002593	-0.003245	0.013152	-0.008863	-0.009390
2024-08-20 21:01:29.810000	0.383585	-0.570167	0.174015	-0.098333	0.878069	0.307903	0.481917	-0.561833	0.039884	-0.158296	0.315591	0.283121	0.215019	0.316237	0.347787	0.323622	-0.032470	-0.068102	0.168566	0.031550	-0.024165	0.059963	0.012691	0.002504	-0.003378	0.013205	-0.008951	-0.009521
2024-08-20 21:01:30.073000	0.397898	-0.563595	0.167638	-0.080268	0.874124	0.310528	0.478166	-0.561875	0.039849	-0.158353	0.311645	0.285747	0.211268	0.312248	0.350377	0.319814	-0.025899	-0.074479	0.186630	0.038129	-0.030564	0.078084	0.016153	0.002861	-0.004273	0.016658	-0.008594	-0.010412
2024-08-20 21:01:30.335000	0.382690	-0.581775	0.178393	-0.106110	0.892182	0.310407	0.488800	-0.561918	0.039814	-0.158409	0.329703	0.285625	0.221901	0.330264	0.350221	0.330391	-0.044078	-0.063724	0.160789	0.019957	-0.019830	0.052299	0.009908	0.001172	-0.002772	0.010406	-0.010282	-0.008909
2024-08-20 21:01:30.597000	0.365693	-0.581574	0.182737	-0.116554	0.881084	0.299510	0.482247	-0.561961	0.039779	-0.158466	0.318606	0.274728	0.215348	0.319123	0.339289	0.323780	-0.043877	-0.059380	0.150344	0.020165	-0.015508	0.041912	0.008787	0.001486	-0.002168	0.009276	-0.009968	-0.008301
2024-08-20 21:01:30.859000	0.390344	-0.574379	0.175600	-0.091052	0.880175	0.305796	0.481396	-0.562003	0.039744	-0.158523	0.317697	0.281014	0.214497	0.318172	0.345539	0.322873	-0.036683	-0.066517	0.175846	0.027367	-0.022667	0.067471	0.013644	0.001694	-0.003169	0.014125	-0.009759	-0.009299
2024-08-20 21:01:31.121000	0.377521	-0.577464	0.172469	-0.098900	0.881417	0.303953	0.476422	-0.562046	0.039708	-0.158580	0.318939	0.279171	0.209523	0.319371	0.343661	0.317841	-0.039768	-0.069648	0.167998	0.024290	-0.025820	0.059680	0.010974	0.001574	-0.003610	0.011447	-0.009879	-0.009737
2024-08-20 21:01:31.383000	0.386268	-0.595531	0.188542	-0.122674	0.915931	0.320400	0.508942	-0.562089	0.039673	-0.158638	0.353452	0.295619	0.242044	0.353842	0.360073	0.350305	-0.057834	-0.053575	0.144225	0.006231	-0.009769	0.035964	0.006170	-0.000226	-0.001366	0.006635	-0.011678	-0.007490
2024-08-20 21:01:31.645000	0.363804	-0.597966	0.192379	-0.131774	0.901166	0.303200	0.495578	-0.562131	0.039638	-0.158695	0.338688	0.278418	0.228680	0.339035	0.342837	0.336884	-0.060270	-0.049738	0.135124	0.003803	-0.005954	0.026920	0.004720	-0.000298	-0.000832	0.005177	-0.011750	-0.006953
2024-08-20 21:01:31.908000	0.372849	-0.609142	0.201384	-0.146751	0.927358	0.318216	0.519601	-0.562174	0.039602	-0.158752	0.364880	0.293435	0.252702	0.365184	0.357819	0.360848	-0.071445	-0.040733	0.120147	-0.007365	0.003030	0.012001	0.001519	-0.001393	0.000424	0.001968	-0.012843	-0.005694
2024-08-20 21:01:32.170000	0.375334	-0.612247	0.195927	-0.147684	0.939339	0.327091	0.523018	-0.562217	0.039567	-0.158809	0.376860	0.302309	0.256120	0.377122	0.366658	0.364209	-0.074551	-0.046190	0.119215	-0.010464	-0.002449	0.011125	-0.000276	-0.001712	-0.000342	0.000164	-0.013162	-0.006457
2024-08-20 21:01:32.432000	0.382889	-0.603235	0.202155	-0.143577	0.927546	0.324311	0.526466	-0.562260	0.039532	-0.158867	0.365068	0.299530	0.259568	0.365287	0.363843	0.367599	-0.065538	-0.039962	0.123321	-0.001444	0.003756	0.015289	0.003386	-0.000725	0.000525	0.003818	-0.012174	-0.005587
2024-08-20 21:01:32.694000	0.404260	-0.579524	0.184109	-0.104401	0.904077	0.324553	0.508661	-0.562302	0.039496	-0.158924	0.341599	0.299771	0.241763	0.341775	0.364049	0.349737	-0.041828	-0.058008	0.162497	0.022274	-0.014312	0.054523	0.011825	0.001345	-0.002001	0.012249	-0.010104	-0.008110
2024-08-20 21:01:32.956000	0.367780	-0.612490	0.200549	-0.149357	0.929077	0.316588	0.517137	-0.562345	0.039461	-0.158981	0.366599	0.291806	0.250239	0.366732	0.356049	0.358156	-0.074793	-0.041567	0.117541	-0.010684	0.002107	0.009624	0.000272	-0.001744	0.000295	0.000688	-0.013192	-0.005811
2024-08-20 21:01:33.218000	0.391040	-0.603029	0.200356	-0.132003	0.925715	0.322687	0.523042	-0.562388	0.039425	-0.159039	0.363237	0.297905	0.256144	0.363328	0.362112	0.364003	-0.065332	-0.041761	0.134896	-0.001216	0.001891	0.027036	0.005321	-0.001052	0.000264	0.005729	-0.012500	-0.005838
2024-08-20 21:01:33.480000	0.380801	-0.597127	0.188477	-0.123870	0.913321	0.316194	0.504672	-0.562431	0.039390	-0.159096	0.350843	0.291413	0.237773	0.350891	0.355584	0.345575	-0.059430	-0.053640	0.143028	0.004694	-0.010009	0.035226	0.005697	-0.000403	-0.001399	0.006097	-0.011850	-0.007499
2024-08-20 21:01:33.743000	0.368376	-0.608575	0.196608	-0.144424	0.924768	0.316192	0.512800	-0.562474	0.039354	-0.159154	0.362289	0.291411	0.245902	0.362294	0.355546	0.353646	-0.070879	-0.045509	0.122475	-0.006748	-0.001900	0.014730	0.001209	-0.001344	-0.000266	0.001600	-0.012790	-0.006362
2024-08-20 21:01:34.005000	0.396904	-0.596978	0.188885	-0.113872	0.918869	0.321892	0.510776	-0.562517	0.039319	-0.159212	0.356391	0.297110	0.243878	0.356353	0.361210	0.351564	-0.059281	-0.053232	0.153026	0.004857	-0.009646	0.045340	0.007736	-0.000711	-0.001348	0.008120	-0.012156	-0.007442
2024-08-20 21:01:34.267000	0.386964	-0.602004	0.199744	-0.135734	0.924958	0.322954	0.522698	-0.562559	0.039283	-0.159270	0.362480	0.298172	0.255800	0.362399	0.362237	0.363429	-0.064307	-0.042373	0.131165	-0.000162	0.001192	0.023536	0.004711	-0.000793	0.000167	0.005086	-0.012237	-0.005924
2024-08-20 21:01:34.529000	0.377919	-0.606830	0.204898	-0.145296	0.925146	0.318317	0.523215	-0.562602	0.039247	-0.159327	0.362668	0.293535	0.256316	0.362544	0.357564	0.363887	-0.069133	-0.037219	0.121603	-0.004980	0.006323	0.014031	0.002983	-0.001180	0.000884	0.003351	-0.012624	-0.005203
2024-08-20 21:01:34.791000	0.378714	-0.607690	0.196872	-0.139907	0.929439	0.321749	0.518621	-0.562645	0.039212	-0.159385	0.366960	0.296967	0.251722	0.366794	0.360961	0.359235	-0.069993	-0.045245	0.126992	-0.005833	-0.001725	0.019479	0.002322	-0.001378	-0.000241	0.002681	-0.012821	-0.006325
2024-08-20 21:01:35.053000	0.363605	-0.614544	0.202915	-0.157337	0.932572	0.318027	0.520943	-0.562688	0.039176	-0.159443	0.370093	0.293246	0.254044	0.369884	0.357203	0.361499	-0.076848	-0.039202	0.109561	-0.012680	0.004296	0.002106	-0.001119	-0.001790	0.000601	-0.000768	-0.013233	-0.005480
2024-08-20 21:01:35.315000	0.374539	-0.602936	0.193631	-0.136429	0.920273	0.317337	0.510968	-0.562731	0.039140	-0.159501	0.357795	0.292555	0.244069	0.357542	0.356477	0.351467	-0.065240	-0.048486	0.130470	-0.001065	-0.005010	0.023072	0.003262	-0.000827	-0.000700	0.003605	-0.012270	-0.006778
2024-08-20 21:01:35.578000	0.379410	-0.602931	0.194546	-0.134852	0.922647	0.319716	0.514262	-0.562774	0.039105	-0.159559	0.360169	0.294934	0.247363	0.359873	0.358821	0.354702	-0.065234	-0.047571	0.132047	-0.001053	-0.004118	0.024707	0.003750	-0.000888	-0.000576	0.004084	-0.012330	-0.006650
2024-08-20 21:01:35.840000	0.374340	-0.609827	0.201365	-0.144465	0.927267	0.317440	0.518805	-0.562817	0.039069	-0.159617	0.364789	0.292659	0.251906	0.364450	0.356509	0.359188	-0.072130	-0.040752	0.122434	-0.007941	0.002678	0.015153	0.001949	-0.001566	0.000374	0.002275	-0.013007	-0.005697
2024-08-20 21:01:36.102000	0.381994	-0.597328	0.195932	-0.128342	0.911732	0.314404	0.510336	-0.562860	0.039033	-0.159675	0.349253	0.289622	0.243438	0.348872	0.353437	0.350661	-0.059631	-0.046185	0.138557	0.004565	-0.002776	0.031333	0.006318	-0.000375	-0.000388	0.006636	-0.011816	-0.006457
2024-08-20 21:01:36.364000	0.364400	-0.604847	0.193974	-0.141889	0.917162	0.312315	0.506289	-0.562903	0.038997	-0.159734	0.354684	0.287534	0.239391	0.354259	0.351312	0.346556	-0.067150	-0.048143	0.125010	-0.002947	-0.004757	0.017845	0.001960	-0.000910	-0.000665	0.002270	-0.012350	-0.006730
2024-08-20 21:01:36.626000	0.371855	-0.604409	0.195550	-0.132428	0.913143	0.308734	0.504284	-0.562946	0.038961	-0.159792	0.350665	0.283953	0.237385	0.350197	0.347695	0.344492	-0.066712	-0.046567	0.134470	-0.002502	-0.003203	0.027363	0.004166	-0.001175	-0.000448	0.004468	-0.012614	-0.006510
2024-08-20 21:01:36.888000	0.392829	-0.590540	0.183274	-0.105943	0.906038	0.315498	0.498772	-0.562989	0.038925	-0.159850	0.343560	0.290716	0.231873	0.343049	0.354423	0.338921	-0.052843	-0.058843	0.160956	0.011374	-0.015502	0.053907	0.009460	-0.000061	-0.002167	0.009753	-0.011499	-0.008226
2024-08-20 21:01:37.150000	0.389250	-0.595438	0.193144	-0.120534	0.912078	0.316640	0.509785	-0.563032	0.038889	-0.159908	0.349600	0.291859	0.242886	0.349046	0.355530	0.349876	-0.057741	-0.048973	0.146364	0.006483	-0.005654	0.039374	0.007662	-0.000349	-0.000790	0.007947	-0.011786	-0.006846
2024-08-20 21:01:37.413000	0.405055	-0.585540	0.184233	-0.098292	0.904654	0.319114	0.503347	-0.563075	0.038853	-0.159967	0.342175	0.294333	0.236449	0.341579	0.357967	0.343380	-0.047843	-0.057884	0.168606	0.016389	-0.014587	0.061675	0.012053	0.000341	-0.002039	0.012330	-0.011096	-0.008092
2024-08-20 21:01:37.675000	0.363903	-0.607448	0.200410	-0.145656	0.916597	0.309149	0.509559	-0.563118	0.038817	-0.160025	0.354118	0.284368	0.242661	0.353479	0.347966	0.349534	-0.069751	-0.041707	0.121243	-0.005512	0.001568	0.014369	0.002035	-0.001208	0.000219	0.002304	-0.012644	-0.005831
2024-08-20 21:01:37.937000	0.375732	-0.595994	0.194287	-0.124879	0.902318	0.306324	0.500611	-0.563161	0.038781	-0.160084	0.339840	0.281542	0.233713	0.339157	0.345105	0.340527	-0.058297	-0.047830	0.142019	0.005948	-0.004578	0.035205	0.006970	-0.000297	-0.000640	0.007231	-0.011733	-0.006687
2024-08-20 21:01:38.199000	0.366687	-0.607031	0.199058	-0.141960	0.916619	0.309588	0.508647	-0.563204	0.038745	-0.160142	0.354140	0.284807	0.241748	0.353414	0.348333	0.348504	-0.069334	-0.043058	0.124939	-0.005081	0.000171	0.018182	0.002577	-0.001258	0.000024	0.002830	-0.012693	-0.006020
2024-08-20 21:01:38.461000	0.393624	-0.584257	0.184099	-0.102657	0.896440	0.312183	0.496281	-0.563247	0.038709	-0.160201	0.333961	0.287401	0.229383	0.333192	0.350892	0.336080	-0.046560	-0.058018	0.164241	0.017699	-0.014811	0.057544	0.011461	0.000649	-0.002071	0.011705	-0.010785	-0.008111
2024-08-20 21:01:38.723000	0.373148	-0.604306	0.197468	-0.133534	0.913519	0.309213	0.506681	-0.563290	0.038673	-0.160260	0.351041	0.284432	0.239783	0.350229	0.347886	0.346422	-0.066609	-0.044649	0.133365	-0.002343	-0.001465	0.026726	0.004408	-0.001153	-0.000205	0.004644	-0.012587	-0.006242
2024-08-20 21:01:38.985000	0.389946	-0.589711	0.191017	-0.113745	0.902386	0.312675	0.503692	-0.563334	0.038637	-0.160318	0.339907	0.287893	0.236793	0.339052	0.351311	0.343373	-0.052014	-0.051100	0.153153	0.012259	-0.007938	0.046573	0.009672	0.000207	-0.001110	0.009900	-0.011225	-0.007144
2024-08-20 21:01:39.248000	0.372253	-0.604450	0.197766	-0.137686	0.916623	0.312173	0.509939	-0.563377	0.038600	-0.160377	0.354145	0.287391	0.243040	0.353246	0.350773	0.349562	-0.066754	-0.044351	0.129213	-0.002473	-0.001212	0.022691	0.003659	-0.001044	-0.000169	0.003879	-0.012475	-0.006200
2024-08-20 21:01:39.510000	0.364500	-0.604661	0.198795	-0.141270	0.911637	0.306975	0.505770	-0.563420	0.038564	-0.160436	0.349158	0.282194	0.238872	0.348217	0.345539	0.345334	-0.066965	-0.043322	0.125628	-0.002677	-0.000206	0.019166	0.003139	-0.000968	-0.000029	0.003350	-0.012399	-0.006056
2024-08-20 21:01:39.772000	0.372253	-0.602730	0.191186	-0.124884	0.908682	0.305951	0.497137	-0.563463	0.038528	-0.160495	0.346203	0.281170	0.230239	0.345218	0.344479	0.336642	-0.065034	-0.050931	0.142014	-0.000739	-0.007837	0.035611	0.005183	-0.001156	-0.001096	0.005386	-0.012587	-0.007120
2024-08-20 21:01:40.034000	0.363903	-0.601093	0.196827	-0.138680	0.906849	0.305756	0.502583	-0.563506	0.038492	-0.160554	0.344370	0.280975	0.235685	0.343342	0.344248	0.342029	-0.063396	-0.045290	0.128219	0.000906	-0.002219	0.021874	0.003934	-0.000560	-0.000310	0.004129	-0.011990	-0.006332
2024-08-20 21:01:40.296000	0.368675	-0.605563	0.195366	-0.133265	0.912137	0.306574	0.501940	-0.563550	0.038455	-0.160613	0.349658	0.281792	0.235041	0.348587	0.345029	0.341326	-0.067866	-0.046751	0.133634	-0.003558	-0.003703	0.027348	0.003872	-0.001309	-0.000518	0.004059	-0.012738	-0.006536
2024-08-20 21:01:40.558000	0.381298	-0.597148	0.187613	-0.111753	0.902586	0.305439	0.493051	-0.563593	0.038419	-0.160672	0.340108	0.280657	0.226153	0.338994	0.343858	0.332379	-0.059451	-0.054504	0.155146	0.004864	-0.011479	0.048919	0.008071	-0.000805	-0.001605	0.008250	-0.012233	-0.007620
2024-08-20 21:01:40.820000	0.365196	-0.601834	0.195783	-0.134953	0.906200	0.304366	0.500149	-0.563636	0.038383	-0.160731	0.343721	0.279584	0.233250	0.342564	0.342748	0.339417	-0.064137	-0.046334	0.131945	0.000185	-0.003331	0.025778	0.004335	-0.000768	-0.000466	0.004506	-0.012196	-0.006477
2024-08-20 21:01:41.083000	0.377720	-0.595335	0.193785	-0.126142	0.905411	0.310076	0.503862	-0.563680	0.038346	-0.160791	0.342933	0.285295	0.236963	0.341732	0.348422	0.343071	-0.057638	-0.048332	0.140757	0.006691	-0.005352	0.034649	0.006852	-0.000173	-0.000748	0.007014	-0.011599	-0.006757
2024-08-20 21:01:41.345000	0.370762	-0.601056	0.196499	-0.132712	0.908032	0.306975	0.503474	-0.563723	0.038310	-0.160850	0.345554	0.282194	0.236576	0.344309	0.345285	0.342624	-0.063360	-0.045618	0.134186	0.000976	-0.002661	0.028138	0.005063	-0.000747	-0.000372	0.005217	-0.012173	-0.006377
2024-08-20 21:01:41.607000	0.398594	-0.588841	0.184034	-0.097816	0.901216	0.312375	0.496410	-0.563766	0.038273	-0.160909	0.338738	0.287594	0.229511	0.337450	0.350649	0.335500	-0.051144	-0.058083	0.169083	0.013198	-0.015148	0.063094	0.011626	-0.000120	-0.002118	0.011772	-0.011545	-0.008120
2024-08-20 21:01:41.869000	0.364897	-0.607283	0.194228	-0.134639	0.912592	0.305309	0.499536	-0.563809	0.038237	-0.160969	0.350113	0.280527	0.232638	0.348782	0.343545	0.338568	-0.069586	-0.047889	0.132260	-0.005237	-0.004978	0.026330	0.003120	-0.001483	-0.000696	0.003258	-0.012908	-0.006695
2024-08-20 21:01:42.131000	0.388654	-0.596607	0.188010	-0.110693	0.907944	0.311337	0.499347	-0.563853	0.038200	-0.161028	0.345466	0.286556	0.232449	0.344091	0.349537	0.338319	-0.058910	-0.054107	0.156205	0.005446	-0.011218	0.050335	0.008501	-0.000776	-0.001568	0.008630	-0.012200	-0.007564
2024-08-20 21:01:42.393000	0.399489	-0.585411	0.186778	-0.097450	0.895572	0.310162	0.496939	-0.563896	0.038164	-0.161088	0.333094	0.285380	0.230041	0.331676	0.348325	0.335852	-0.047714	-0.055339	0.169448	0.016649	-0.012473	0.063637	0.012884	0.000288	-0.001744	0.013005	-0.011135	-0.007736
2024-08-20 21:01:42.655000	0.365693	-0.590793	0.184437	-0.119571	0.891619	0.300827	0.485263	-0.563939	0.038127	-0.161147	0.329141	0.276045	0.218365	0.327680	0.338954	0.324116	-0.053096	-0.057680	0.147328	0.011274	-0.014837	0.041576	0.007205	0.000316	-0.002074	0.007317	-0.011107	-0.008064
2024-08-20 21:01:42.918000	0.366090	-0.602813	0.196514	-0.132930	0.905319	0.302507	0.499021	-0.563983	0.038090	-0.161207	0.342841	0.277725	0.232122	0.341337	0.340597	0.337814	-0.065116	-0.045603	0.133968	-0.000740	-0.002783	0.028277	0.004748	-0.000977	-0.000389	0.004853	-0.012398	-0.006375
2024-08-20 21:01:43.180000	0.373048	-0.591338	0.187697	-0.115109	0.891799	0.300460	0.488157	-0.564026	0.038053	-0.161266	0.329321	0.275679	0.221259	0.327773	0.338514	0.326891	-0.053642	-0.054420	0.151789	0.010741	-0.011623	0.046157	0.008603	0.000062	-0.001625	0.008699	-0.011359	-0.007608
2024-08-20 21:01:43.442000	0.381895	-0.601711	0.195644	-0.117933	0.905895	0.304184	0.499828	-0.564070	0.038017	-0.161326	0.343416	0.279402	0.232930	0.341825	0.342201	0.338502	-0.064014	-0.046473	0.148965	0.000376	-0.003699	0.043393	0.007677	-0.001306	-0.000517	0.007765	-0.012726	-0.006497
2024-08-20 21:01:43.704000	0.393723	-0.587332	0.181942	-0.094981	0.894095	0.306763	0.488705	-0.564113	0.037980	-0.161386	0.331616	0.281981	0.221806	0.329982	0.344743	0.327319	-0.049635	-0.060175	0.171917	0.014761	-0.017424	0.066405	0.012113	0.000005	-0.002436	0.012192	-0.011414	-0.008412
2024-08-20 21:01:43.966000	0.394121	-0.592744	0.185411	-0.095747	0.897202	0.304457	0.489868	-0.564156	0.037943	-0.161446	0.334723	0.279676	0.222969	0.333045	0.342400	0.328422	-0.055048	-0.056706	0.171152	0.009355	-0.013978	0.065699	0.011639	-0.000724	-0.001954	0.011710	-0.012142	-0.007928
2024-08-20 21:01:44.228000	0.376428	-0.575615	0.174323	-0.096583	0.874304	0.298689	0.473011	-0.564200	0.037906	-0.161506	0.311826	0.273907	0.206113	0.310104	0.336595	0.311506	-0.037919	-0.067794	0.170315	0.026491	-0.025089	0.064922	0.012527	0.001687	-0.003507	0.012590	-0.009730	-0.009478
2024-08-20 21:01:44.490000	0.377124	-0.578556	0.177603	-0.094905	0.872982	0.294426	0.472029	-0.564243	0.037870	-0.161566	0.310504	0.269644	0.205130	0.308739	0.332296	0.310463	-0.040859	-0.064514	0.171993	0.023557	-0.021832	0.066660	0.012943	0.001208	-0.003052	0.012998	-0.010209	-0.009019
2024-08-20 21:01:44.753000	0.379012	-0.585050	0.184203	-0.104665	0.884524	0.299474	0.483677	-0.564287	0.037833	-0.161626	0.322046	0.274693	0.216779	0.320238	0.337307	0.322052	-0.047354	-0.057914	0.162233	0.017069	-0.015255	0.056961	0.011147	0.000590	-0.002133	0.011193	-0.010826	-0.008096
2024-08-20 21:01:45.015000	0.380106	-0.583485	0.179551	-0.099965	0.884004	0.300520	0.480071	-0.564330	0.037796	-0.161686	0.321526	0.275738	0.213172	0.319674	0.338315	0.318385	-0.045788	-0.062566	0.166933	0.018641	-0.019930	0.061721	0.011452	0.000696	-0.002786	0.011490	-0.010719	-0.008747
2024-08-20 21:01:45.277000	0.371557	-0.586678	0.182697	-0.110151	0.885689	0.299011	0.481708	-0.564374	0.037759	-0.161746	0.323210	0.274229	0.214809	0.321315	0.336770	0.319962	-0.048981	-0.059420	0.156748	0.015455	-0.016807	0.051595	0.009521	0.000567	-0.002350	0.009551	-0.010847	-0.008307
2024-08-20 21:01:45.539000	0.384678	-0.582784	0.186986	-0.102809	0.883285	0.300501	0.487487	-0.564417	0.037722	-0.161806	0.320807	0.275720	0.220589	0.318868	0.338223	0.325681	-0.045088	-0.055131	0.164089	0.019355	-0.012542	0.058997	0.012482	0.000796	-0.001753	0.012504	-0.010618	-0.007707
2024-08-20 21:01:45.801000	0.369768	-0.588975	0.181251	-0.107950	0.885442	0.296468	0.477718	-0.564461	0.037685	-0.161866	0.322964	0.271686	0.210820	0.320981	0.334152	0.315852	-0.051278	-0.060866	0.158948	0.013171	-0.018300	0.053916	0.009256	0.000207	-0.002558	0.009269	-0.011205	-0.008509
2024-08-20 21:01:46.063000	0.383585	-0.582820	0.182493	-0.102688	0.886599	0.303779	0.486272	-0.564504	0.037648	-0.161927	0.324121	0.278997	0.219374	0.322095	0.341427	0.324346	-0.045124	-0.059624	0.164211	0.019332	-0.017081	0.059239	0.011652	0.000836	-0.002388	0.011657	-0.010576	-0.008335
2024-08-20 21:01:46.325000	0.366488	-0.586765	0.186981	-0.115855	0.882126	0.295361	0.482342	-0.564548	0.037611	-0.161987	0.319648	0.270579	0.215444	0.317578	0.332972	0.320356	-0.049069	-0.055136	0.151044	0.015393	-0.012616	0.046132	0.009268	0.000688	-0.001764	0.009265	-0.010723	-0.007708
2024-08-20 21:01:46.588000	0.365295	-0.591395	0.188457	-0.123140	0.891373	0.299978	0.488435	-0.564592	0.037574	-0.162047	0.328894	0.275196	0.221537	0.326781	0.337551	0.326388	-0.053698	-0.053660	0.143758	0.010770	-0.011164	0.038907	0.007306	0.000294	-0.001561	0.007295	-0.011116	-0.007502
2024-08-20 21:01:46.850000	0.383982	-0.580606	0.181435	-0.099671	0.882824	0.302219	0.483653	-0.564635	0.037536	-0.162108	0.320346	0.277437	0.216755	0.318189	0.339755	0.321545	-0.042909	-0.060682	0.167227	0.021566	-0.018209	0.062437	0.012461	0.001040	-0.002546	0.012442	-0.010369	-0.008483
2024-08-20 21:01:47.112000	0.378416	-0.579648	0.181718	-0.104462	0.880808	0.301160	0.482878	-0.564679	0.037499	-0.162168	0.318330	0.276378	0.215980	0.316129	0.338659	0.320710	-0.041951	-0.060399	0.162436	0.022530	-0.017950	0.057706	0.011783	0.001317	-0.002509	0.011755	-0.010092	-0.008444
2024-08-20 21:01:47.374000	0.363108	-0.592703	0.187717	-0.119946	0.888041	0.295337	0.483054	-0.564722	0.037462	-0.162229	0.325562	0.270556	0.216156	0.323318	0.332799	0.320825	-0.055006	-0.054400	0.146953	0.009481	-0.011974	0.042283	0.007559	0.000024	-0.001674	0.007522	-0.011383	-0.007605
2024-08-20 21:01:47.636000	0.382094	-0.584170	0.178721	-0.093156	0.880698	0.296529	0.475250	-0.564766	0.037425	-0.162290	0.318220	0.271747	0.208351	0.315932	0.333953	0.312960	-0.046473	-0.063396	0.173742	0.018021	-0.020993	0.069133	0.012553	0.000388	-0.002935	0.012509	-0.011019	-0.008863
2024-08-20 21:01:47.898000	0.370961	-0.587636	0.179730	-0.107930	0.886796	0.299161	0.478891	-0.564809	0.037388	-0.162350	0.324318	0.274379	0.211992	0.321987	0.336548	0.316541	-0.049939	-0.062387	0.158968	0.014561	-0.020008	0.054420	0.009282	0.000394	-0.002797	0.009229	-0.011012	-0.008722
2024-08-20 21:01:48.160000	0.377124	-0.581600	0.184626	-0.105157	0.879255	0.297655	0.482280	-0.564853	0.037350	-0.162411	0.316776	0.272873	0.215382	0.314402	0.335005	0.319870	-0.043903	-0.057491	0.161742	0.020604	-0.015136	0.057254	0.011881	0.001046	-0.002116	0.011819	-0.010359	-0.008037
2024-08-20 21:01:48.423000	0.369172	-0.592729	0.189804	-0.117502	0.889599	0.296870	0.486674	-0.564897	0.037313	-0.162472	0.327120	0.272088	0.219775	0.324702	0.334182	0.324202	-0.055032	-0.052313	0.149396	0.009481	-0.009981	0.044970	0.008457	-0.000085	-0.001395	0.008388	-0.011489	-0.007313
2024-08-20 21:01:48.685000	0.362810	-0.594835	0.185659	-0.118014	0.890000	0.295165	0.480824	-0.564941	0.037275	-0.162533	0.327522	0.270383	0.213926	0.325060	0.332441	0.318292	-0.057139	-0.056458	0.148884	0.007381	-0.014149	0.044518	0.007180	-0.000301	-0.001978	0.007102	-0.011704	-0.007893
2024-08-20 21:01:48.947000	0.380801	-0.586018	0.180515	-0.102008	0.888313	0.302294	0.482810	-0.564984	0.037238	-0.162594	0.325835	0.277513	0.215911	0.323329	0.339533	0.320216	-0.048322	-0.061602	0.164890	0.016204	-0.019316	0.060585	0.010901	0.000404	-0.002700	0.010814	-0.010998	-0.008612
2024-08-20 21:01:49.209000	0.369967	-0.590144	0.188328	-0.120732	0.892514	0.302371	0.490699	-0.565028	0.037201	-0.162655	0.330036	0.277589	0.223800	0.327486	0.339571	0.328044	-0.052447	-0.053789	0.146167	0.012085	-0.011527	0.041923	0.008058	0.000374	-0.001611	0.007963	-0.011027	-0.007520
2024-08-20 21:01:49.471000	0.380006	-0.587610	0.183815	-0.106293	0.890093	0.302483	0.486299	-0.565072	0.037163	-0.162716	0.327615	0.277702	0.219400	0.325021	0.339647	0.323583	-0.049913	-0.058301	0.160606	0.014625	-0.016064	0.056423	0.010436	0.000294	-0.002246	0.010333	-0.011107	-0.008151
2024-08-20 21:01:49.733000	0.364599	-0.587399	0.183751	-0.114699	0.882946	0.295547	0.479298	-0.565115	0.037126	-0.162777	0.320467	0.270765	0.212399	0.317830	0.332673	0.316521	-0.049702	-0.058366	0.152200	0.014842	-0.016152	0.048078	0.008859	0.000592	-0.002258	0.008748	-0.010808	-0.008160
2024-08-20 21:01:49.995000	0.379907	-0.586436	0.183612	-0.105329	0.888060	0.301624	0.485236	-0.565159	0.037088	-0.162838	0.325582	0.276843	0.218337	0.322901	0.338713	0.322398	-0.048739	-0.058505	0.161569	0.015812	-0.016314	0.057509	0.010815	0.000418	-0.002281	0.010696	-0.010981	-0.008179
2024-08-20 21:01:50.258000	0.356647	-0.595943	0.187155	-0.123059	0.888494	0.292551	0.479706	-0.565203	0.037051	-0.162899	0.326015	0.267769	0.212808	0.323290	0.329602	0.316807	-0.058246	-0.054962	0.143840	0.006311	-0.012795	0.039840	0.006346	-0.000306	-0.001789	0.006218	-0.011705	-0.007684
2024-08-20 21:01:50.520000	0.366587	-0.592616	0.189342	-0.116924	0.886785	0.294169	0.483512	-0.565247	0.037013	-0.162961	0.324307	0.269388	0.216613	0.321538	0.331182	0.320551	-0.054919	-0.052775	0.149974	0.009644	-0.010632	0.046036	0.008567	-0.000090	-0.001486	0.008430	-0.011487	-0.007378
2024-08-20 21:01:50.782000	0.385672	-0.582130	0.177598	-0.089749	0.879953	0.297823	0.475421	-0.565291	0.036975	-0.163022	0.317475	0.273042	0.208523	0.314663	0.334799	0.312399	-0.044434	-0.064519	0.177149	0.020136	-0.022399	0.073273	0.013468	0.000549	-0.003131	0.013323	-0.010847	-0.009020
2024-08-20 21:01:51.044000	0.374837	-0.588630	0.181395	-0.107347	0.889419	0.300789	0.482185	-0.565334	0.036938	-0.163083	0.326941	0.276008	0.215286	0.324085	0.337727	0.319101	-0.050933	-0.060722	0.159551	0.013643	-0.018626	0.055736	0.009629	0.000215	-0.002604	0.009476	-0.011181	-0.008489
2024-08-20 21:01:51.306000	0.384082	-0.592631	0.188661	-0.109836	0.897888	0.305257	0.493918	-0.565378	0.036900	-0.163145	0.335410	0.280475	0.227020	0.332510	0.342157	0.330773	-0.054934	-0.053456	0.157062	0.009647	-0.011384	0.053308	0.009817	-0.000316	-0.001591	0.009655	-0.011710	-0.007473
2024-08-20 21:01:51.568000	0.394916	-0.583181	0.179795	-0.087904	0.886206	0.303025	0.482820	-0.565422	0.036862	-0.163206	0.323728	0.278244	0.215921	0.320784	0.339888	0.319614	-0.045484	-0.062322	0.178995	0.019103	-0.020274	0.075303	0.014075	0.000324	-0.002834	0.013905	-0.011070	-0.008713
2024-08-20 21:01:51.830000	0.385076	-0.585169	0.184004	-0.105689	0.891929	0.306761	0.490765	-0.565466	0.036825	-0.163268	0.329451	0.281979	0.223866	0.326463	0.343585	0.327497	-0.047472	-0.058113	0.161209	0.017122	-0.016088	0.057578	0.011115	0.000586	-0.002249	0.010937	-0.010806	-0.008124
2024-08-20 21:01:52.093000	0.372949	-0.598914	0.185500	-0.116539	0.902902	0.303988	0.489488	-0.565510	0.036787	-0.163330	0.340423	0.279206	0.222589	0.337392	0.340774	0.326158	-0.061217	-0.056617	0.150360	0.003382	-0.014616	0.046791	0.006786	-0.000896	-0.002043	0.006599	-0.012288	-0.007915
2024-08-20 21:01:52.355000	0.372154	-0.592332	0.185654	-0.114942	0.893774	0.301441	0.487096	-0.565554	0.036749	-0.163391	0.331295	0.276660	0.220197	0.328220	0.338190	0.323704	-0.054636	-0.056463	0.151957	0.009970	-0.014486	0.048449	0.008349	-0.000082	-0.002025	0.008154	-0.011473	-0.007893
2024-08-20 21:01:52.617000	0.392630	-0.588851	0.188040	-0.097831	0.891272	0.302421	0.490461	-0.565597	0.036711	-0.163453	0.328793	0.277639	0.223562	0.325674	0.339132	0.327008	-0.051154	-0.054077	0.169068	0.013458	-0.012124	0.065622	0.012741	-0.000201	-0.001695	0.012538	-0.011591	-0.007560
2024-08-20 21:01:52.879000	0.373247	-0.595891	0.188264	-0.121001	0.901875	0.305984	0.494248	-0.565641	0.036673	-0.163515	0.339397	0.281202	0.227349	0.336234	0.342657	0.330733	-0.058194	-0.053853	0.145898	0.006424	-0.011924	0.042514	0.007047	-0.000387	-0.001667	0.006835	-0.011776	-0.007529
2024-08-20 21:01:53.141000	0.369669	-0.601901	0.186127	-0.120159	0.905602	0.303701	0.489828	-0.565685	0.036635	-0.163577	0.343124	0.278919	0.222929	0.339917	0.340336	0.326251	-0.064204	-0.055990	0.146740	0.000419	-0.014085	0.043418	0.005692	-0.001185	-0.001969	0.005472	-0.012573	-0.007827
2024-08-20 21:02:00.822000	0.395214	-0.615785	0.211250	-0.135359	0.935109	0.319323	0.530573	-0.566978	0.035510	-0.165415	0.372631	0.294542	0.263675	0.368131	0.354833	0.365158	-0.078089	-0.030867	0.131540	-0.013298	0.010325	0.030056	0.005284	-0.002839	0.001443	0.004818	-0.014198	-0.004315
2024-08-20 21:02:01.084000	0.385573	-0.624752	0.208019	-0.136048	0.938353	0.313602	0.521621	-0.567022	0.035471	-0.165479	0.375875	0.288820	0.254722	0.371331	0.349072	0.356142	-0.087055	-0.034098	0.130850	-0.022259	0.007070	0.029430	0.002879	-0.003965	0.000988	0.002404	-0.015323	-0.004767
2024-08-20 21:02:01.346000	0.405154	-0.603266	0.199292	-0.110825	0.919953	0.316688	0.515980	-0.567066	0.035432	-0.165542	0.357475	0.291906	0.249081	0.352887	0.352119	0.350437	-0.065569	-0.042825	0.156073	-0.000768	-0.001682	0.054717	0.010024	-0.001844	-0.000235	0.009541	-0.013201	-0.005987
2024-08-20 21:02:01.608000	0.376229	-0.613473	0.203372	-0.133437	0.919767	0.306294	0.509666	-0.567110	0.035393	-0.165606	0.357289	0.281512	0.242768	0.352657	0.341687	0.344060	-0.075776	-0.038745	0.133461	-0.010970	0.002373	0.032169	0.004592	-0.002510	0.000332	0.004100	-0.013866	-0.005416
2024-08-20 21:02:01.870000	0.381895	-0.611583	0.200614	-0.128869	0.921733	0.310150	0.510764	-0.567155	0.035354	-0.165670	0.359255	0.285368	0.243865	0.354578	0.345504	0.345094	-0.073886	-0.041503	0.138029	-0.009074	-0.000410	0.036801	0.005295	-0.002378	-0.000057	0.004795	-0.013733	-0.005802
2024-08-20 21:02:02.132000	0.375334	-0.610084	0.201414	-0.131582	0.915586	0.305502	0.506916	-0.567199	0.035315	-0.165734	0.353108	0.280720	0.240018	0.348387	0.340817	0.341182	-0.072388	-0.040703	0.135317	-0.007571	0.000366	0.034152	0.005215	-0.002103	0.000051	0.004707	-0.013457	-0.005690
2024-08-20 21:02:02.394000	0.404160	-0.599712	0.199461	-0.110298	0.914710	0.314997	0.514458	-0.567243	0.035276	-0.165798	0.352231	0.290216	0.247560	0.347466	0.350273	0.348661	-0.062016	-0.042656	0.156601	0.002807	-0.001612	0.055500	0.010849	-0.001399	-0.000225	0.010332	-0.012751	-0.005963
2024-08-20 21:02:02.657000	0.388256	-0.603915	0.200554	-0.120098	0.911715	0.307800	0.508355	-0.567288	0.035237	-0.165862	0.349237	0.283019	0.241456	0.344427	0.343037	0.342493	-0.066218	-0.041563	0.146800	-0.001390	-0.000544	0.045764	0.008411	-0.001651	-0.000076	0.007886	-0.013002	-0.005810
2024-08-20 21:02:02.919000	0.379012	-0.609940	0.204381	-0.131551	0.916122	0.306182	0.510563	-0.567332	0.035198	-0.165926	0.353644	0.281401	0.243665	0.348790	0.341380	0.344638	-0.072244	-0.037736	0.135347	-0.007411	0.003258	0.034374	0.005844	-0.002122	0.000455	0.005310	-0.013472	-0.005275
2024-08-20 21:02:03.181000	0.379907	-0.613360	0.197980	-0.129417	0.924704	0.311344	0.509324	-0.567377	0.035158	-0.165990	0.362225	0.286562	0.242425	0.357327	0.346502	0.343334	-0.075663	-0.044137	0.137482	-0.010825	-0.003168	0.036573	0.004397	-0.002571	-0.000443	0.003855	-0.013920	-0.006170
2024-08-20 21:02:03.443000	0.394519	-0.606567	0.202443	-0.118359	0.917002	0.310435	0.512878	-0.567421	0.035119	-0.166054	0.354523	0.285653	0.245979	0.349581	0.345554	0.346824	-0.068870	-0.039674	0.148539	-0.004027	0.001270	0.047695	0.008642	-0.002082	0.000178	0.008091	-0.013429	-0.005546
2024-08-20 21:02:03.705000	0.379609	-0.617943	0.207398	-0.141210	0.931363	0.313420	0.520818	-0.567465	0.035080	-0.166118	0.368885	0.288639	0.253920	0.363898	0.348500	0.354700	-0.080247	-0.034719	0.125689	-0.015398	0.006200	0.024909	0.003115	-0.002904	0.000867	0.002556	-0.014251	-0.004854
2024-08-20 21:02:03.967000	0.380304	-0.616203	0.203869	-0.136616	0.929254	0.313051	0.516921	-0.567510	0.035041	-0.166182	0.366776	0.288270	0.250022	0.361744	0.348092	0.350738	-0.078506	-0.038248	0.130282	-0.013652	0.002646	0.029566	0.003648	-0.002784	0.000370	0.003081	-0.014130	-0.005347
2024-08-20 21:02:04.229000	0.368277	-0.617784	0.205455	-0.147400	0.928006	0.310222	0.515677	-0.567554	0.035001	-0.166247	0.365528	0.285441	0.248779	0.360452	0.345224	0.349430	-0.080087	-0.036662	0.119498	-0.015228	0.004207	0.018847	0.001602	-0.002664	0.000588	0.001026	-0.014009	-0.005125
2024-08-20 21:02:04.492000	0.375235	-0.617634	0.214515	-0.149225	0.927580	0.309945	0.524460	-0.567599	0.034962	-0.166311	0.365101	0.285164	0.257562	0.359981	0.344907	0.358149	-0.079938	-0.027602	0.117673	-0.015074	0.013242	0.017086	0.003030	-0.002688	0.001851	0.002446	-0.014032	-0.003859
2024-08-20 21:02:04.754000	0.376527	-0.624335	0.208690	-0.144890	0.937062	0.312727	0.521418	-0.567643	0.034923	-0.166376	0.374583	0.287946	0.254519	0.369419	0.347650	0.355042	-0.086638	-0.033427	0.122008	-0.021769	0.007392	0.021485	0.001509	-0.003648	0.001033	0.000916	-0.014990	-0.004673
2024-08-20 21:02:05.016000	0.382988	-0.611475	0.206991	-0.136799	0.924271	0.312796	0.519787	-0.567688	0.034883	-0.166440	0.361793	0.288015	0.252888	0.356584	0.347680	0.353347	-0.073778	-0.035126	0.130100	-0.008904	0.005667	0.029642	0.005123	-0.002193	0.000792	0.004522	-0.013535	-0.004911
2024-08-20 21:02:05.278000	0.392431	-0.611073	0.206349	-0.124403	0.921558	0.310484	0.516834	-0.567732	0.034844	-0.166505	0.359079	0.285703	0.249935	0.353826	0.345328	0.350329	-0.073377	-0.035768	0.142496	-0.008497	0.005001	0.042102	0.007459	-0.002533	0.000699	0.006849	-0.013873	-0.005000
2024-08-20 21:02:05.540000	0.364301	-0.619787	0.206036	-0.147897	0.925949	0.306162	0.512198	-0.567776	0.034804	-0.166569	0.363470	0.281380	0.245299	0.358172	0.340966	0.345629	-0.082090	-0.036081	0.119002	-0.017206	0.004663	0.018672	0.001290	-0.002925	0.000652	0.000671	-0.014264	-0.005044
2024-08-20 21:02:05.802000	0.370166	-0.619169	0.202537	-0.139820	0.926618	0.307449	0.509986	-0.567821	0.034765	-0.166634	0.364139	0.282667	0.243087	0.358797	0.342213	0.343352	-0.081472	-0.039579	0.127078	-0.016583	0.001138	0.026814	0.002288	-0.003065	0.000159	0.001661	-0.014403	-0.005533
2024-08-20 21:02:06.064000	0.381994	-0.616249	0.206643	-0.137777	0.929378	0.313129	0.519771	-0.567865	0.034725	-0.166699	0.366899	0.288347	0.252873	0.361512	0.347854	0.353073	-0.078552	-0.035474	0.129121	-0.013658	0.005218	0.028922	0.004018	-0.002793	0.000730	0.003383	-0.014129	-0.004959
2024-08-20 21:02:06.327000	0.380503	-0.609399	0.196872	-0.126588	0.919619	0.310219	0.507091	-0.567910	0.034686	-0.166764	0.357140	0.285438	0.240192	0.351709	0.344905	0.340327	-0.071703	-0.045245	0.140311	-0.006804	-0.004578	0.040176	0.005561	-0.002141	-0.000640	0.004918	-0.013476	-0.006325
2024-08-20 21:02:06.589000	0.371458	-0.618757	0.208546	-0.148277	0.929946	0.311189	0.519735	-0.567955	0.034646	-0.166829	0.367468	0.286407	0.252836	0.361991	0.345835	0.352906	-0.081060	-0.033571	0.118621	-0.016156	0.007071	0.018551	0.001924	-0.002809	0.000989	0.001272	-0.014144	-0.004693
2024-08-20 21:02:06.851000	0.376130	-0.612742	0.202244	-0.137351	0.923979	0.311237	0.513481	-0.567999	0.034606	-0.166894	0.361500	0.286455	0.246582	0.355980	0.345843	0.346587	-0.075045	-0.039873	0.129547	-0.010136	0.000744	0.029542	0.003929	-0.002298	0.000104	0.003268	-0.013631	-0.005574
2024-08-20 21:02:07.113000	0.380503	-0.619143	0.200584	-0.136337	0.935400	0.316256	0.516841	-0.568044	0.034567	-0.166959	0.372921	0.291475	0.249942	0.367356	0.350823	0.349882	-0.081447	-0.041533	0.130561	-0.016533	-0.000941	0.030621	0.002627	-0.003158	-0.000132	0.001958	-0.014490	-0.005806
2024-08-20 21:02:07.375000	0.396010	-0.617063	0.207860	-0.135394	0.940606	0.323544	0.531404	-0.568088	0.034527	-0.167024	0.378128	0.298762	0.264505	0.372518	0.358071	0.364380	-0.079366	-0.034257	0.131504	-0.014447	0.006310	0.031629	0.004601	-0.002996	0.000882	0.003923	-0.014327	-0.004789
2024-08-20 21:02:07.637000	0.385672	-0.614045	0.207279	-0.133757	0.926195	0.312150	0.519429	-0.568133	0.034487	-0.167089	0.363716	0.287368	0.252530	0.358062	0.346637	0.352340	-0.076348	-0.034838	0.133142	-0.011425	0.005703	0.033332	0.005371	-0.002645	0.000797	0.004684	-0.013975	-0.004870
2024-08-20 21:02:07.899000	0.369072	-0.626868	0.204829	-0.153951	0.945062	0.318194	0.523023	-0.568177	0.034448	-0.167154	0.382584	0.293413	0.256124	0.376885	0.352642	0.355869	-0.089172	-0.037288	0.112948	-0.024243	0.003227	0.013203	-0.001338	-0.003661	0.000451	-0.002033	-0.014990	-0.005213
2024-08-20 21:02:08.161000	0.388455	-0.606243	0.206846	-0.143577	0.931429	0.325186	0.532033	-0.568222	0.034408	-0.167219	0.368950	0.300404	0.265134	0.363207	0.359594	0.364814	-0.068546	-0.035271	0.123321	-0.003613	0.005220	0.023642	0.004867	-0.001297	0.000730	0.004163	-0.012624	-0.004931
2024-08-20 21:02:08.424000	0.384479	-0.627141	0.214182	-0.162666	0.960104	0.332963	0.547145	-0.568267	0.034368	-0.167284	0.397626	0.308181	0.280247	0.391838	0.367331	0.379861	-0.089445	-0.027935	0.104233	-0.024507	0.012530	0.004619	-0.001244	-0.003524	0.001752	-0.001956	-0.014850	-0.003905
2024-08-20 21:02:08.686000	0.381497	-0.624226	0.213283	-0.161023	0.953464	0.329238	0.542520	-0.568311	0.034328	-0.167350	0.390986	0.304456	0.275622	0.385153	0.363566	0.375171	-0.086530	-0.028834	0.105875	-0.021587	0.011605	0.006327	-0.000554	-0.003183	0.001622	-0.001274	-0.014508	-0.004031
2024-08-20 21:02:08.948000	0.378217	-0.623727	0.210032	-0.157266	0.949178	0.325451	0.535483	-0.568356	0.034288	-0.167415	0.386700	0.300670	0.268585	0.380822	0.359739	0.368068	-0.086030	-0.032085	0.109632	-0.021083	0.008329	0.010149	-0.000357	-0.003203	0.001164	-0.001086	-0.014527	-0.004485
2024-08-20 21:02:09.210000	0.397898	-0.617222	0.201136	-0.140789	0.954773	0.337551	0.538687	-0.568400	0.034248	-0.167481	0.392295	0.312770	0.271788	0.386373	0.371799	0.371206	-0.079526	-0.040981	0.126110	-0.014574	-0.000593	0.026692	0.002304	-0.002777	-0.000083	0.001566	-0.014099	-0.005729
2024-08-20 21:02:09.472000	0.398097	-0.620024	0.207378	-0.148120	0.958863	0.338839	0.546217	-0.568445	0.034208	-0.167546	0.396384	0.314057	0.279318	0.390418	0.373047	0.378671	-0.082327	-0.034739	0.118779	-0.017371	0.005624	0.019426	0.001588	-0.002981	0.000786	0.000843	-0.014303	-0.004856
2024-08-20 21:02:09.734000	0.377422	-0.631529	0.213054	-0.168380	0.964277	0.332748	0.545802	-0.568490	0.034168	-0.167612	0.401798	0.307966	0.278903	0.395787	0.366916	0.378190	-0.093832	-0.029063	0.098519	-0.028871	0.011274	-0.000768	-0.003326	-0.003913	0.001576	-0.004081	-0.015233	-0.004063
2024-08-20 21:02:09.996000	0.365891	-0.638095	0.223158	-0.190850	0.971679	0.333583	0.556741	-0.568534	0.034128	-0.167677	0.409200	0.308802	0.289843	0.403145	0.367712	0.389064	-0.100399	-0.018959	0.076049	-0.035433	0.021352	-0.023173	-0.006898	-0.004170	0.002985	-0.007661	-0.015489	-0.002650
2024-08-20 21:02:10.259000	0.386567	-0.620786	0.207338	-0.161059	0.961073	0.340287	0.547625	-0.568579	0.034088	-0.167743	0.398595	0.315505	0.280727	0.392494	0.374375	0.379882	-0.083089	-0.034778	0.105840	-0.018119	0.005507	0.006685	-0.001015	-0.002669	0.000770	-0.001787	-0.013986	-0.004862
2024-08-20 21:02:10.521000	0.361319	-0.639651	0.222234	-0.201284	0.980020	0.340370	0.562603	-0.568624	0.034048	-0.167809	0.417542	0.315588	0.295705	0.411396	0.374418	0.394794	-0.101954	-0.019883	0.065614	-0.036979	0.020377	-0.033475	-0.009347	-0.004032	0.002849	-0.010127	-0.015348	-0.002780
2024-08-20 21:02:10.783000	0.386368	-0.622388	0.204486	-0.161292	0.965562	0.343174	0.547660	-0.568668	0.034008	-0.167875	0.403083	0.318392	0.280761	0.396893	0.377182	0.379785	-0.084691	-0.037631	0.105607	-0.019712	0.002603	0.006583	-0.001888	-0.002843	0.000364	-0.002676	-0.014158	-0.005261
2024-08-20 21:02:11.045000	0.399787	-0.617356	0.211036	-0.156617	0.962724	0.345368	0.556404	-0.568713	0.033968	-0.167941	0.400246	0.320586	0.289506	0.394011	0.379336	0.388464	-0.079660	-0.031081	0.110281	-0.014675	0.009128	0.011323	0.001208	-0.002404	0.001276	0.000411	-0.013718	-0.004345
2024-08-20 21:02:11.307000	0.388853	-0.629103	0.210524	-0.166458	0.973890	0.344787	0.555311	-0.568758	0.033928	-0.168006	0.411412	0.320005	0.288412	0.405132	0.378714	0.387305	-0.091407	-0.031593	0.100440	-0.026418	0.008590	0.001548	-0.002944	-0.003633	0.001201	-0.003749	-0.014946	-0.004417
2024-08-20 21:02:11.569000	0.384678	-0.628341	0.212070	-0.167173	0.968122	0.339781	0.551851	-0.568802	0.033887	-0.168072	0.405644	0.315000	0.284953	0.399320	0.373669	0.383779	-0.090644	-0.030047	0.099725	-0.025651	0.010110	0.000899	-0.002634	-0.003528	0.001413	-0.003448	-0.014840	-0.004201
2024-08-20 21:02:11.831000	0.373148	-0.626698	0.211334	-0.176193	0.964704	0.338006	0.549340	-0.568847	0.033847	-0.168138	0.402226	0.313224	0.282442	0.395857	0.371853	0.381202	-0.089002	-0.030783	0.090706	-0.024004	0.009349	-0.008054	-0.004192	-0.003014	0.001307	-0.005014	-0.014324	-0.004303
2024-08-20 21:02:12.094000	0.381994	-0.626740	0.212746	-0.172213	0.968201	0.341461	0.554207	-0.568892	0.033807	-0.168205	0.405722	0.316679	0.287308	0.399309	0.375268	0.386002	-0.089043	-0.029371	0.094686	-0.024041	0.010734	-0.004008	-0.003156	-0.003165	0.001501	-0.003988	-0.014474	-0.004106
2024-08-20 21:02:12.356000	0.370663	-0.634686	0.214749	-0.183286	0.973885	0.339199	0.553948	-0.568937	0.033766	-0.168271	0.411407	0.314418	0.287050	0.404949	0.372966	0.385677	-0.096989	-0.027368	0.083613	-0.031983	0.012711	-0.015015	-0.006357	-0.003881	0.001777	-0.007197	-0.015188	-0.003826
2024-08-20 21:02:12.618000	0.364699	-0.635216	0.217090	-0.195393	0.978218	0.343002	0.560091	-0.568981	0.033726	-0.168337	0.415740	0.318220	0.293193	0.409237	0.376728	0.391754	-0.097520	-0.025027	0.071506	-0.032509	0.015026	-0.027056	-0.008318	-0.003588	0.002101	-0.009166	-0.014895	-0.003499
2024-08-20 21:02:12.880000	0.391835	-0.624504	0.209933	-0.161185	0.967592	0.343087	0.553020	-0.569026	0.033686	-0.168403	0.405114	0.318306	0.286122	0.398566	0.376773	0.384617	-0.086808	-0.032184	0.105713	-0.021793	0.007844	0.007218	-0.001144	-0.003197	0.001097	-0.002001	-0.014502	-0.004499
2024-08-20 21:02:13.142000	0.388952	-0.618510	0.203313	-0.160349	0.964498	0.345988	0.549301	-0.569071	0.033645	-0.168470	0.402020	0.321207	0.282403	0.395427	0.379634	0.380831	-0.080813	-0.038804	0.106550	-0.015794	0.001198	0.008121	-0.001138	-0.002360	0.000167	-0.002003	-0.013664	-0.005425
2024-08-20 21:02:13.404000	0.371458	-0.629124	0.213616	-0.179853	0.966819	0.337695	0.551311	-0.569116	0.033605	-0.168536	0.404341	0.312914	0.284412	0.397704	0.371300	0.382775	-0.091427	-0.028501	0.087045	-0.026403	0.011475	-0.011317	-0.004853	-0.003249	0.001604	-0.005727	-0.014552	-0.003984
2024-08-20 21:02:13.666000	0.391338	-0.626477	0.211508	-0.162301	0.968607	0.342130	0.553639	-0.569161	0.033564	-0.168603	0.406129	0.317349	0.286740	0.399447	0.375695	0.385036	-0.088780	-0.030609	0.104598	-0.023752	0.009341	0.006302	-0.001394	-0.003443	0.001306	-0.002277	-0.014744	-0.004279
2024-08-20 21:02:13.929000	0.379708	-0.626982	0.216374	-0.172872	0.963187	0.336206	0.552580	-0.569205	0.033524	-0.168669	0.400709	0.311424	0.285681	0.393982	0.369730	0.383910	-0.089285	-0.025743	0.094027	-0.024252	0.014181	-0.004202	-0.002570	-0.003225	0.001982	-0.003461	-0.014525	-0.003599
2024-08-20 21:02:14.191000	0.374440	-0.635603	0.209928	-0.175336	0.975450	0.339848	0.549776	-0.569250	0.033483	-0.168736	0.412972	0.315066	0.282877	0.406200	0.373331	0.381040	-0.097906	-0.032189	0.091563	-0.032869	0.007709	-0.006600	-0.005870	-0.004213	0.001078	-0.006770	-0.015511	-0.004500
2024-08-20 21:02:14.453000	0.385274	-0.626642	0.213954	-0.171163	0.969126	0.342484	0.556438	-0.569295	0.033443	-0.168803	0.406647	0.317702	0.289539	0.399831	0.375927	0.387635	-0.088945	-0.028163	0.095735	-0.023904	0.011708	-0.002361	-0.002628	-0.003210	0.001637	-0.003536	-0.014508	-0.003937
2024-08-20 21:02:14.715000	0.384280	-0.624932	0.206871	-0.161510	0.963851	0.338919	0.545790	-0.569340	0.033402	-0.168869	0.401373	0.314137	0.278892	0.394511	0.372321	0.376921	-0.087235	-0.035246	0.105389	-0.022190	0.004600	0.007359	-0.001814	-0.003218	0.000643	-0.002731	-0.014514	-0.004927
2024-08-20 21:02:14.977000	0.379807	-0.621605	0.210962	-0.165824	0.956275	0.334670	0.545632	-0.569385	0.033361	-0.168936	0.393797	0.309889	0.278733	0.386891	0.368032	0.376696	-0.083908	-0.031155	0.101074	-0.018859	0.008664	0.003112	-0.001230	-0.002687	0.001211	-0.002155	-0.013982	-0.004356
2024-08-20 21:02:15.239000	0.388455	-0.625787	0.209148	-0.165257	0.970351	0.344564	0.553712	-0.569430	0.033321	-0.169003	0.407873	0.319783	0.286813	0.400922	0.377885	0.384709	-0.088090	-0.032969	0.101642	-0.023037	0.006824	0.003746	-0.002236	-0.003238	0.000954	-0.003170	-0.014532	-0.004609
2024-08-20 21:02:15.501000	0.382292	-0.631163	0.208541	-0.169855	0.974770	0.343606	0.552148	-0.569474	0.033280	-0.169070	0.412291	0.318825	0.285249	0.405295	0.376886	0.383078	-0.093467	-0.033576	0.097043	-0.028409	0.006192	-0.000785	-0.004221	-0.003794	0.000866	-0.005163	-0.015086	-0.004694
2024-08-20 21:02:15.764000	0.368774	-0.632770	0.209431	-0.178388	0.970501	0.337731	0.547162	-0.569519	0.033239	-0.169137	0.408023	0.312949	0.280263	0.400982	0.370970	0.378025	-0.095073	-0.032686	0.088511	-0.030012	0.007055	-0.009251	-0.005975	-0.003743	0.000986	-0.006926	-0.015034	-0.004570
2024-08-20 21:02:16.026000	0.374837	-0.633697	0.212557	-0.178930	0.974908	0.341211	0.553768	-0.569564	0.033198	-0.169204	0.412430	0.316429	0.286869	0.405344	0.374409	0.384564	-0.096000	-0.029560	0.087968	-0.030935	0.010155	-0.009727	-0.005641	-0.003884	0.001420	-0.006600	-0.015174	-0.004132
2024-08-20 21:02:16.288000	0.379211	-0.629701	0.216324	-0.176335	0.968922	0.339221	0.555546	-0.569609	0.033157	-0.169271	0.406444	0.314440	0.288647	0.399313	0.372379	0.386275	-0.092004	-0.025793	0.090564	-0.026934	0.013896	-0.007064	-0.003670	-0.003484	0.001943	-0.004638	-0.014772	-0.003606
2024-08-20 21:02:16.550000	0.372054	-0.637029	0.215335	-0.184284	0.978033	0.341003	0.556339	-0.569654	0.033117	-0.169338	0.415554	0.316222	0.289440	0.408379	0.374120	0.387001	-0.099333	-0.026782	0.082614	-0.034259	0.012881	-0.014946	-0.006733	-0.004185	0.001801	-0.007709	-0.015472	-0.003744
2024-08-20 21:02:16.812000	0.387561	-0.625241	0.211578	-0.167077	0.968300	0.343060	0.554637	-0.569699	0.033076	-0.169405	0.405822	0.318278	0.287739	0.398601	0.376135	0.385232	-0.087544	-0.030539	0.099822	-0.022466	0.009097	0.002328	-0.001965	-0.003142	0.001272	-0.002950	-0.014428	-0.004269
2024-08-20 21:02:17.074000	0.392928	-0.625231	0.211538	-0.162940	0.969560	0.344330	0.555868	-0.569744	0.033035	-0.169472	0.407082	0.319548	0.288969	0.399817	0.377365	0.386395	-0.087534	-0.030579	0.103959	-0.022452	0.009031	0.006533	-0.001169	-0.003275	0.001263	-0.002163	-0.014559	-0.004275
2024-08-20 21:02:17.336000	0.389449	-0.624072	0.218427	-0.174514	0.969609	0.345537	0.563964	-0.569789	0.032994	-0.169540	0.407131	0.320756	0.297065	0.399820	0.378531	0.394424	-0.086375	-0.023690	0.092384	-0.021289	0.015893	-0.004975	-0.001840	-0.002828	0.002222	-0.002842	-0.014111	-0.003312
2024-08-20 21:02:17.599000	0.405154	-0.620673	0.206106	-0.145509	0.965230	0.344558	0.550663	-0.569834	0.032953	-0.169607	0.402752	0.319776	0.283765	0.395397	0.377510	0.381056	-0.082976	-0.036011	0.121390	-0.017886	0.003546	0.024098	0.001989	-0.003177	0.000496	0.000978	-0.014458	-0.005034
2024-08-20 21:02:17.861000	0.397103	-0.615121	0.210962	-0.160085	0.961348	0.346227	0.557188	-0.569879	0.032912	-0.169675	0.398869	0.321445	0.290290	0.391469	0.379138	0.387514	-0.077424	-0.031155	0.106813	-0.012331	0.008375	0.009589	0.001165	-0.002030	0.001171	0.000146	-0.013310	-0.004356
2024-08-20 21:02:18.123000	0.381100	-0.634640	0.213879	-0.174509	0.976370	0.341730	0.555609	-0.569924	0.032871	-0.169742	0.413891	0.316948	0.288710	0.406446	0.374601	0.385867	-0.096943	-0.028238	0.092389	-0.031845	0.011266	-0.004767	-0.004645	-0.004176	0.001575	-0.005673	-0.015455	-0.003948
2024-08-20 21:02:18.385000	0.393326	-0.629974	0.211598	-0.165576	0.977278	0.347304	0.558902	-0.569969	0.032830	-0.169810	0.414799	0.322522	0.292003	0.407309	0.380134	0.389092	-0.092277	-0.030519	0.101323	-0.027176	0.008958	0.004234	-0.002499	-0.003824	0.001252	-0.003535	-0.015101	-0.004267
2024-08-20 21:02:18.647000	0.391040	-0.630283	0.214187	-0.167036	0.974171	0.343889	0.558076	-0.570014	0.032788	-0.169877	0.411693	0.319107	0.291177	0.404158	0.376677	0.388199	-0.092586	-0.027930	0.099862	-0.027481	0.011521	0.002841	-0.002329	-0.003848	0.001611	-0.003374	-0.015124	-0.003905
2024-08-20 21:02:18.909000	0.369271	-0.635134	0.219296	-0.196366	0.981475	0.346341	0.565637	-0.570059	0.032747	-0.169945	0.418997	0.321559	0.298739	0.411416	0.379088	0.395692	-0.097437	-0.022821	0.070532	-0.032328	0.016604	-0.026421	-0.007859	-0.003603	0.002321	-0.008913	-0.014877	-0.003190
2024-08-20 21:02:19.171000	0.379410	-0.629464	0.219749	-0.184492	0.973617	0.344153	0.563902	-0.570103	0.032706	-0.170013	0.411139	0.319372	0.297003	0.403514	0.376860	0.393889	-0.091767	-0.022368	0.082406	-0.026654	0.017030	-0.014480	-0.004437	-0.003243	0.002381	-0.005499	-0.014516	-0.003127
2024-08-20 21:02:19.434000	0.372750	-0.635083	0.218198	-0.190551	0.980186	0.345103	0.563301	-0.570149	0.032665	-0.170081	0.417707	0.320321	0.296402	0.410037	0.377768	0.393220	-0.097386	-0.023919	0.076348	-0.032269	0.015452	-0.020470	-0.006929	-0.003773	0.002160	-0.008000	-0.015045	-0.003344
2024-08-20 21:02:19.696000	0.390443	-0.623840	0.214257	-0.171239	0.971266	0.347426	0.561682	-0.570194	0.032624	-0.170148	0.408787	0.322644	0.294784	0.401072	0.380049	0.391534	-0.086143	-0.027860	0.095659	-0.021023	0.011485	-0.001091	-0.001894	-0.002869	0.001606	-0.002973	-0.014139	-0.003895
2024-08-20 21:02:19.958000	0.375931	-0.633872	0.216911	-0.183123	0.976016	0.342143	0.559054	-0.570239	0.032582	-0.170216	0.413537	0.317362	0.292156	0.405777	0.374726	0.388838	-0.096176	-0.025206	0.083775	-0.031051	0.014112	-0.012907	-0.005511	-0.003841	0.001973	-0.006599	-0.015110	-0.003524
2024-08-20 21:02:20.220000	0.383485	-0.629505	0.208119	-0.171457	0.976329	0.346824	0.554942	-0.570284	0.032541	-0.170284	0.413850	0.322042	0.288044	0.406045	0.379365	0.384658	-0.091808	-0.033998	0.095441	-0.026681	0.005294	-0.001173	-0.004148	-0.003543	0.000740	-0.005245	-0.014811	-0.004753
2024-08-20 21:02:20.482000	0.385771	-0.624098	0.205599	-0.163437	0.967707	0.343609	0.549208	-0.570329	0.032500	-0.170352	0.405228	0.318827	0.282309	0.397378	0.376109	0.378856	-0.086401	-0.036518	0.103462	-0.021269	0.002747	0.006916	-0.002085	-0.003061	0.000384	-0.003190	-0.014327	-0.005105
2024-08-20 21:02:20.744000	0.374639	-0.628398	0.210529	-0.178023	0.970530	0.342132	0.552662	-0.570374	0.032458	-0.170420	0.408052	0.317351	0.285763	0.400157	0.374591	0.382241	-0.090701	-0.031588	0.088876	-0.025566	0.007651	-0.007603	-0.004721	-0.003216	0.001070	-0.005835	-0.014481	-0.004416
2024-08-20 21:02:21.006000	0.384082	-0.626142	0.213407	-0.174225	0.971042	0.344900	0.558307	-0.570419	0.032417	-0.170489	0.408564	0.320119	0.291409	0.400624	0.377317	0.387819	-0.088445	-0.028710	0.092673	-0.023307	0.010502	-0.003737	-0.003013	-0.003074	0.001468	-0.004136	-0.014337	-0.004014
2024-08-20 21:02:21.269000	0.399389	-0.622290	0.214331	-0.163213	0.970561	0.348271	0.562603	-0.570464	0.032375	-0.170557	0.408083	0.323490	0.295704	0.400098	0.380647	0.392046	-0.084593	-0.027786	0.103685	-0.019451	0.011399	0.007344	-0.000003	-0.002932	0.001594	-0.001133	-0.014194	-0.003884
2024-08-20 21:02:21.531000	0.395513	-0.622311	0.213978	-0.167863	0.971707	0.349397	0.563375	-0.570509	0.032334	-0.170625	0.409229	0.324615	0.296477	0.401199	0.381731	0.392750	-0.084614	-0.028139	0.099036	-0.019468	0.011019	0.002763	-0.000957	-0.002782	0.001541	-0.002096	-0.014043	-0.003934
2024-08-20 21:02:21.793000	0.392133	-0.623083	0.213024	-0.169470	0.971662	0.348579	0.561603	-0.570554	0.032292	-0.170694	0.409183	0.323797	0.294704	0.401108	0.380871	0.390909	-0.085386	-0.029093	0.097429	-0.020237	0.010038	0.001224	-0.001583	-0.002823	0.001403	-0.002731	-0.014082	-0.004067
2024-08-20 21:02:22.055000	0.389747	-0.629624	0.209351	-0.167629	0.977649	0.348025	0.557377	-0.570599	0.032251	-0.170762	0.415171	0.323244	0.290478	0.407050	0.380276	0.386615	-0.091927	-0.032766	0.099269	-0.026774	0.006339	0.003132	-0.003139	-0.003706	0.000886	-0.004296	-0.014964	-0.004581
2024-08-20 21:02:22.317000	0.395214	-0.624510	0.214177	-0.166600	0.972147	0.347637	0.561815	-0.570644	0.032209	-0.170830	0.409669	0.322856	0.294916	0.401503	0.379846	0.390984	-0.086813	-0.027940	0.100298	-0.021657	0.011138	0.004230	-0.001058	-0.003120	0.001557	-0.002223	-0.014376	-0.003906
2024-08-20 21:02:22.579000	0.382392	-0.627538	0.214376	-0.177567	0.973120	0.345582	0.559958	-0.570689	0.032167	-0.170899	0.410642	0.320801	0.293060	0.402431	0.377750	0.389060	-0.089841	-0.027741	0.089332	-0.024681	0.011310	-0.006668	-0.003674	-0.003170	0.001581	-0.004848	-0.014425	-0.003878
2024-08-20 21:02:22.841000	0.390940	-0.628321	0.216324	-0.173516	0.976452	0.348132	0.564456	-0.570734	0.032126	-0.170967	0.413974	0.323350	0.297557	0.405718	0.380257	0.393489	-0.090624	-0.025793	0.093383	-0.025461	0.013231	-0.002548	-0.002659	-0.003427	0.001850	-0.003842	-0.014680	-0.003606
2024-08-20 21:02:23.104000	0.385573	-0.626400	0.219177	-0.177749	0.970544	0.344145	0.563322	-0.570779	0.032084	-0.171036	0.408066	0.319363	0.296423	0.399765	0.376229	0.392286	-0.088703	-0.022940	0.089149	-0.023536	0.016057	-0.006713	-0.002558	-0.003070	0.002245	-0.003749	-0.014322	-0.003207
2024-08-20 21:02:23.366000	0.384082	-0.624762	0.214818	-0.173506	0.967531	0.342769	0.557587	-0.570825	0.032042	-0.171105	0.405052	0.317987	0.290689	0.396706	0.374811	0.386482	-0.087065	-0.027299	0.093393	-0.021895	0.011671	-0.002401	-0.002271	-0.002944	0.001632	-0.003471	-0.014194	-0.003816
2024-08-20 21:02:23.628000	0.408435	-0.616105	0.209485	-0.152338	0.967392	0.351287	0.560773	-0.570870	0.032000	-0.171174	0.404914	0.326506	0.293874	0.396523	0.383288	0.389599	-0.078408	-0.032631	0.114560	-0.013235	0.006311	0.018835	0.002373	-0.002424	0.000882	0.001165	-0.013673	-0.004562
2024-08-20 21:02:23.890000	0.388157	-0.628496	0.208044	-0.166595	0.975204	0.346708	0.554752	-0.570915	0.031959	-0.171242	0.412725	0.321926	0.287854	0.404289	0.378667	0.383510	-0.090799	-0.034073	0.100303	-0.025622	0.004843	0.004647	-0.002923	-0.003586	0.000677	-0.004140	-0.014834	-0.004763
2024-08-20 21:02:24.152000	0.383187	-0.632987	0.211493	-0.176314	0.980994	0.348008	0.559501	-0.570960	0.031917	-0.171311	0.418516	0.323226	0.292603	0.410035	0.379925	0.388190	-0.095290	-0.030624	0.090584	-0.030110	0.008265	-0.005003	-0.004946	-0.003906	0.001155	-0.006172	-0.015152	-0.004281
2024-08-20 21:02:24.414000	0.375136	-0.628212	0.216588	-0.182084	0.968844	0.340632	0.557220	-0.571005	0.031875	-0.171380	0.406366	0.315850	0.290321	0.397839	0.372507	0.385839	-0.090516	-0.025529	0.084815	-0.025332	0.013332	-0.010704	-0.004180	-0.003149	0.001864	-0.005414	-0.014393	-0.003569
2024-08-20 21:02:24.676000	0.379708	-0.631591	0.215261	-0.184234	0.980272	0.348681	0.563942	-0.571050	0.031833	-0.171449	0.417794	0.323899	0.297043	0.409222	0.380514	0.392493	-0.093894	-0.026856	0.082665	-0.028708	0.011978	-0.012785	-0.005464	-0.003512	0.001675	-0.006707	-0.014755	-0.003755
2024-08-20 21:02:24.939000	0.399588	-0.618175	0.205927	-0.155051	0.966887	0.348712	0.554639	-0.571095	0.031791	-0.171518	0.404408	0.323930	0.287740	0.395791	0.380503	0.383120	-0.080478	-0.036190	0.111848	-0.015289	0.002617	0.016468	0.000829	-0.002578	0.000366	-0.000423	-0.013819	-0.005059
2024-08-20 21:02:25.201000	0.368973	-0.635500	0.220410	-0.197502	0.981565	0.346065	0.566475	-0.571141	0.031749	-0.171588	0.419086	0.321283	0.299576	0.410424	0.377814	0.394887	-0.097803	-0.021707	0.069397	-0.032610	0.017073	-0.025914	-0.007724	-0.003661	0.002387	-0.008984	-0.014901	-0.003035
2024-08-20 21:02:25.463000	0.364599	-0.635994	0.217199	-0.200189	0.983583	0.347589	0.564788	-0.571186	0.031707	-0.171657	0.421105	0.322808	0.297890	0.412398	0.379296	0.393131	-0.098297	-0.024918	0.066710	-0.033101	0.013835	-0.028532	-0.008939	-0.003606	0.001934	-0.010208	-0.014844	-0.003484
2024-08-20 21:02:25.725000	0.376130	-0.629618	0.217413	-0.187331	0.975667	0.346048	0.563461	-0.571231	0.031665	-0.171726	0.413188	0.321267	0.296562	0.404436	0.377714	0.391735	-0.091922	-0.024704	0.079567	-0.026722	0.014022	-0.015606	-0.005244	-0.003182	0.001960	-0.006522	-0.014419	-0.003454
2024-08-20 21:02:25.987000	0.388256	-0.625838	0.210758	-0.175833	0.979170	0.353331	0.564089	-0.571276	0.031623	-0.171795	0.416691	0.328550	0.297191	0.407894	0.384954	0.392294	-0.088142	-0.031359	0.091066	-0.022939	0.007340	-0.004038	-0.003611	-0.002980	0.001026	-0.004897	-0.014216	-0.004384
2024-08-20 21:02:26.249000	0.372154	-0.629083	0.215623	-0.194429	0.980042	0.350960	0.566583	-0.571321	0.031581	-0.171864	0.417564	0.326178	0.299684	0.408721	0.382541	0.394719	-0.091386	-0.026493	0.072469	-0.026181	0.012178	-0.022565	-0.006833	-0.002866	0.001702	-0.008127	-0.014100	-0.003704
2024-08-20 21:02:26.511000	0.380205	-0.630252	0.215678	-0.187326	0.982105	0.351853	0.567531	-0.571366	0.031539	-0.171934	0.419627	0.327072	0.300633	0.410739	0.383392	0.395597	-0.092555	-0.026439	0.079572	-0.027347	0.012205	-0.015392	-0.005668	-0.003251	0.001706	-0.006971	-0.014483	-0.003696
2024-08-20 21:02:26.774000	0.371060	-0.632909	0.215509	-0.194394	0.982854	0.349945	0.565454	-0.571412	0.031497	-0.172004	0.420376	0.325163	0.298556	0.411443	0.381442	0.393451	-0.095213	-0.026608	0.072505	-0.030001	0.012009	-0.022390	-0.007539	-0.003374	0.001679	-0.008851	-0.014605	-0.003720
2024-08-20 21:02:27.036000	0.387859	-0.624566	0.214714	-0.178200	0.975911	0.351345	0.566059	-0.571457	0.031454	-0.172073	0.413433	0.326564	0.299161	0.404455	0.382800	0.393986	-0.086870	-0.027403	0.088698	-0.021655	0.011186	-0.006127	-0.003034	-0.002786	0.001564	-0.004354	-0.014016	-0.003831
2024-08-20 21:02:27.298000	0.365494	-0.638291	0.220524	-0.202501	0.985762	0.347471	0.567995	-0.571502	0.031412	-0.172143	0.423283	0.322689	0.301096	0.414260	0.378883	0.395852	-0.100594	-0.021593	0.064398	-0.035377	0.016969	-0.030358	-0.009108	-0.003882	0.002372	-0.010437	-0.015110	-0.003019
2024-08-20 21:02:27.560000	0.387163	-0.626003	0.212955	-0.177262	0.977474	0.351471	0.564425	-0.571547	0.031370	-0.172212	0.414996	0.326689	0.297527	0.405927	0.382841	0.392213	-0.088306	-0.029162	0.089636	-0.023086	0.009372	-0.005050	-0.003441	-0.002990	0.001310	-0.004779	-0.014216	-0.004077
2024-08-20 21:02:27.822000	0.383386	-0.628341	0.212706	-0.178429	0.977449	0.349108	0.561814	-0.571593	0.031328	-0.172282	0.414971	0.324327	0.294916	0.405857	0.380436	0.389532	-0.090644	-0.029411	0.088470	-0.025421	0.009096	-0.006147	-0.004137	-0.003260	0.001272	-0.005483	-0.014484	-0.004112
2024-08-20 21:02:28.084000	0.380106	-0.632049	0.214291	-0.181765	0.979628	0.347579	0.561870	-0.571638	0.031285	-0.172352	0.417150	0.322797	0.294972	0.407990	0.378864	0.389518	-0.094352	-0.027825	0.085134	-0.029126	0.010654	-0.009413	-0.005150	-0.003661	0.001489	-0.006505	-0.014884	-0.003890
2024-08-20 21:02:28.346000	0.379112	-0.630118	0.219475	-0.192766	0.982521	0.352403	0.571878	-0.571683	0.031243	-0.172422	0.420042	0.327621	0.304980	0.410838	0.383646	0.399457	-0.092421	-0.022642	0.074132	-0.027192	0.015811	-0.020345	-0.005896	-0.003111	0.002210	-0.007259	-0.014333	-0.003165
2024-08-20 21:02:28.609000	0.371855	-0.634351	0.212373	-0.190500	0.984334	0.349983	0.562356	-0.571728	0.031200	-0.172492	0.421855	0.325201	0.295457	0.412605	0.381183	0.389864	-0.096655	-0.029744	0.076398	-0.031422	0.008681	-0.018008	-0.007602	-0.003665	0.001214	-0.008975	-0.014885	-0.004158
2024-08-20 21:02:28.871000	0.375036	-0.629603	0.216508	-0.191306	0.979437	0.349834	0.566343	-0.571774	0.031158	-0.172562	0.416959	0.325053	0.299444	0.407664	0.380992	0.393781	-0.091906	-0.025609	0.075592	-0.026671	0.012788	-0.018745	-0.006074	-0.003060	0.001788	-0.007455	-0.014279	-0.003580
2024-08-20 21:02:29.133000	0.383485	-0.628552	0.207597	-0.176487	0.980927	0.352375	0.559972	-0.571819	0.031116	-0.172632	0.418449	0.327593	0.293073	0.409109	0.383491	0.387340	-0.090856	-0.034520	0.090412	-0.025618	0.003850	-0.003855	-0.004743	-0.003301	0.000538	-0.006133	-0.014518	-0.004826
2024-08-20 21:02:29.395000	0.378714	-0.631050	0.209436	-0.181567	0.981895	0.350845	0.560281	-0.571864	0.031073	-0.172702	0.419417	0.326063	0.293382	0.410031	0.381918	0.387579	-0.093353	-0.032681	0.085332	-0.028113	0.005661	-0.008865	-0.005817	-0.003489	0.000791	-0.007216	-0.014704	-0.004569
2024-08-20 21:02:29.657000	0.371458	-0.639115	0.213660	-0.191976	0.988888	0.349773	0.563433	-0.571909	0.031031	-0.172772	0.426410	0.324991	0.296535	0.416979	0.380804	0.390662	-0.101418	-0.028457	0.074923	-0.036175	0.009858	-0.019204	-0.008485	-0.004267	0.001378	-0.009892	-0.015481	-0.003978
2024-08-20 21:02:29.919000	0.372551	-0.637997	0.224167	-0.207733	0.994115	0.356117	0.580284	-0.571955	0.030988	-0.172842	0.431637	0.331336	0.313386	0.422160	0.387105	0.407442	-0.100301	-0.017950	0.059165	-0.035055	0.020337	-0.034891	-0.009270	-0.003732	0.002843	-0.010685	-0.014944	-0.002509
2024-08-20 21:02:30.181000	0.385076	-0.621656	0.213914	-0.183894	0.976712	0.355056	0.568970	-0.572000	0.030945	-0.172912	0.414234	0.330274	0.302071	0.404712	0.386001	0.396057	-0.083960	-0.028203	0.083005	-0.018711	0.010056	-0.010982	-0.003637	-0.002229	0.001406	-0.005061	-0.013440	-0.003943
2024-08-20 21:02:30.444000	0.382988	-0.627368	0.216115	-0.188072	0.982312	0.354944	0.571060	-0.572045	0.030903	-0.172983	0.419834	0.330163	0.304161	0.410267	0.385847	0.398077	-0.089671	-0.026001	0.078827	-0.024420	0.012230	-0.015089	-0.005063	-0.002875	0.001710	-0.006496	-0.014084	-0.003635
2024-08-20 21:02:30.706000	0.388058	-0.627095	0.209520	-0.178266	0.983898	0.356804	0.566324	-0.572091	0.030860	-0.173053	0.421420	0.332022	0.299425	0.411808	0.387664	0.393271	-0.089398	-0.032597	0.088632	-0.024144	0.005607	-0.005213	-0.004393	-0.003082	0.000784	-0.005834	-0.014289	-0.004557
2024-08-20 21:02:30.968000	0.392729	-0.621559	0.215539	-0.182408	0.981158	0.359599	0.575138	-0.572136	0.030817	-0.173124	0.418679	0.334817	0.308239	0.409022	0.390416	0.402014	-0.083862	-0.026578	0.084490	-0.018605	0.011598	-0.009285	-0.002995	-0.002287	0.001621	-0.004445	-0.013493	-0.003716
2024-08-20 21:02:31.230000	0.382789	-0.627445	0.217706	-0.191088	0.983617	0.356172	0.573878	-0.572181	0.030775	-0.173194	0.421139	0.331390	0.306979	0.411436	0.386946	0.400684	-0.089748	-0.024411	0.075810	-0.024489	0.013737	-0.017894	-0.005324	-0.002810	0.001920	-0.006783	-0.014014	-0.003413
2024-08-20 21:02:31.492000	0.392431	-0.621404	0.208705	-0.172040	0.977170	0.355766	0.564472	-0.572226	0.030732	-0.173265	0.414692	0.330985	0.297573	0.404944	0.386498	0.391207	-0.083707	-0.033412	0.094858	-0.018446	0.004709	0.001224	-0.002276	-0.002527	0.000658	-0.003743	-0.013730	-0.004671
2024-08-20 21:02:31.754000	0.369768	-0.636071	0.219922	-0.196239	0.982156	0.346085	0.566007	-0.572272	0.030689	-0.173335	0.419678	0.321303	0.299109	0.409885	0.376774	0.392672	-0.098375	-0.022194	0.070659	-0.033111	0.015898	-0.022904	-0.007466	-0.003811	0.002223	-0.008942	-0.015012	-0.003103
2024-08-20 21:02:32.016000	0.373247	-0.633007	0.213119	-0.183899	0.977035	0.344027	0.557146	-0.572317	0.030646	-0.173406	0.414556	0.319246	0.290247	0.404717	0.374674	0.383740	-0.095310	-0.028998	0.083000	-0.030044	0.009066	-0.010493	-0.005832	-0.003729	0.001267	-0.007317	-0.014929	-0.004054
2024-08-20 21:02:32.279000	0.372452	-0.626889	0.208974	-0.173612	0.963979	0.337090	0.546064	-0.572363	0.030603	-0.173477	0.401501	0.312309	0.279165	0.391617	0.367693	0.372587	-0.089192	-0.033143	0.093287	-0.023923	0.004894	-0.000135	-0.003515	-0.003208	0.000684	-0.005009	-0.014406	-0.004633
2024-08-20 21:02:32.541000	0.359828	-0.641494	0.216916	-0.193172	0.977579	0.336084	0.553000	-0.572408	0.030560	-0.173548	0.415100	0.311303	0.286102	0.405171	0.366645	0.379452	-0.103798	-0.025201	0.073726	-0.038526	0.012808	-0.019624	-0.008434	-0.004597	0.001791	-0.009936	-0.015793	-0.003523
2024-08-20 21:02:32.803000	0.365891	-0.633728	0.214590	-0.194947	0.979976	0.346248	0.560838	-0.572453	0.030517	-0.173618	0.417498	0.321467	0.293939	0.407523	0.376766	0.387220	-0.096031	-0.027527	0.071952	-0.030757	0.010454	-0.021328	-0.007775	-0.003490	0.001461	-0.009285	-0.014685	-0.003848
2024-08-20 21:02:33.065000	0.373843	-0.629299	0.205112	-0.179260	0.977291	0.347991	0.553103	-0.572499	0.030474	-0.173689	0.414812	0.323210	0.286205	0.404792	0.378466	0.379414	-0.091602	-0.037005	0.087639	-0.026326	0.000948	-0.005571	-0.005761	-0.003306	0.000133	-0.007281	-0.014499	-0.005173
2024-08-20 21:02:33.327000	0.370265	-0.635299	0.216742	-0.193740	0.982562	0.347263	0.564005	-0.572544	0.030431	-0.173760	0.420084	0.322482	0.297106	0.410018	0.377695	0.390245	-0.097602	-0.025375	0.073159	-0.032324	0.012550	-0.019980	-0.007403	-0.003764	0.001754	-0.008931	-0.014955	-0.003547
2024-08-20 21:02:33.589000	0.379609	-0.626626	0.208546	-0.171057	0.968745	0.342119	0.550665	-0.572589	0.030388	-0.173831	0.406267	0.317338	0.283767	0.396156	0.372508	0.376834	-0.088930	-0.033571	0.095842	-0.023649	0.004326	0.002775	-0.003016	-0.003259	0.000605	-0.004553	-0.014449	-0.004693
2024-08-20 21:02:33.851000	0.386467	-0.622161	0.196723	-0.159421	0.971327	0.349166	0.545888	-0.572635	0.030345	-0.173902	0.408849	0.324384	0.278990	0.398692	0.379511	0.371986	-0.084464	-0.045394	0.107477	-0.019181	-0.007525	0.014481	-0.002223	-0.002914	-0.001052	-0.003769	-0.014102	-0.006346
2024-08-20 21:02:34.114000	0.398693	-0.620328	0.202199	-0.157976	0.974798	0.354470	0.556670	-0.572680	0.030302	-0.173974	0.412319	0.329688	0.289771	0.402118	0.384772	0.382696	-0.082631	-0.039917	0.108922	-0.017346	-0.002076	0.015998	-0.000545	-0.002781	-0.000290	-0.002099	-0.013968	-0.005580
2024-08-20 21:02:34.376000	0.361120	-0.640243	0.211861	-0.194561	0.984063	0.343820	0.555681	-0.572725	0.030259	-0.174045	0.421585	0.319039	0.288783	0.411338	0.374079	0.381636	-0.102546	-0.030256	0.072337	-0.037258	0.007557	-0.020516	-0.009380	-0.004342	0.001056	-0.010943	-0.015526	-0.004230
2024-08-20 21:02:34.638000	0.375633	-0.634526	0.213790	-0.191286	0.987655	0.353129	0.566919	-0.572771	0.030216	-0.174116	0.425177	0.328347	0.300020	0.414885	0.383345	0.392802	-0.096830	-0.028327	0.075613	-0.031540	0.009457	-0.017170	-0.007314	-0.003716	0.001322	-0.008885	-0.014899	-0.003960
2024-08-20 21:02:34.900000	0.379410	-0.628413	0.204386	-0.170676	0.974113	0.345700	0.550086	-0.572816	0.030173	-0.174188	0.411635	0.320918	0.283188	0.401297	0.375873	0.375899	-0.090717	-0.037731	0.096222	-0.025424	0.000026	0.003511	-0.004031	-0.003469	0.000004	-0.005611	-0.014650	-0.005275
2024-08-20 21:02:35.162000	0.371955	-0.641278	0.208024	-0.175807	0.981016	0.339738	0.547762	-0.572862	0.030129	-0.174259	0.418537	0.314956	0.280864	0.408154	0.369867	0.373503	-0.103581	-0.034093	0.091091	-0.038287	0.003636	-0.001548	-0.006688	-0.005045	0.000508	-0.008277	-0.016224	-0.004766
2024-08-20 21:02:35.424000	0.367482	-0.638904	0.216463	-0.193152	0.983074	0.344170	0.560634	-0.572907	0.030086	-0.174330	0.420596	0.319389	0.293735	0.410167	0.374256	0.386303	-0.101207	-0.025654	0.073747	-0.035911	0.012047	-0.018821	-0.007942	-0.004269	0.001684	-0.009539	-0.015447	-0.003586
2024-08-20 21:02:35.686000	0.383783	-0.629428	0.203561	-0.168319	0.977969	0.348541	0.552102	-0.572952	0.030043	-0.174402	0.415491	0.323759	0.285204	0.405017	0.378584	0.377700	-0.091731	-0.038556	0.098580	-0.026433	-0.000884	0.006083	-0.003899	-0.003675	-0.000124	-0.005505	-0.014851	-0.005390
2024-08-20 21:02:35.949000	0.359430	-0.639970	0.219197	-0.201025	0.981229	0.341259	0.560456	-0.572998	0.029999	-0.174474	0.418751	0.316477	0.293557	0.408231	0.371258	0.385982	-0.102273	-0.022920	0.065873	-0.036973	0.014724	-0.026552	-0.009106	-0.004190	0.002058	-0.010721	-0.015364	-0.003204
2024-08-20 21:02:36.211000	0.372949	-0.632291	0.204888	-0.177638	0.977989	0.345698	0.550586	-0.573043	0.029956	-0.174545	0.415511	0.320917	0.283688	0.404946	0.375654	0.376041	-0.094595	-0.037229	0.089261	-0.029292	0.000387	-0.003092	-0.005943	-0.003771	0.000054	-0.007567	-0.014944	-0.005205
2024-08-20 21:02:36.473000	0.389052	-0.623428	0.212393	-0.178956	0.979043	0.355614	0.568007	-0.573089	0.029913	-0.174617	0.416564	0.330833	0.301109	0.405954	0.385527	0.393390	-0.085731	-0.029724	0.087943	-0.020427	0.007863	-0.004339	-0.003103	-0.002645	0.001099	-0.004735	-0.013815	-0.004155
2024-08-20 21:02:36.735000	0.379112	-0.632693	0.209963	-0.186368	0.988210	0.355517	0.565480	-0.573134	0.029869	-0.174689	0.425732	0.330735	0.298581	0.415076	0.385386	0.390791	-0.094996	-0.032154	0.080530	-0.029690	0.005404	-0.011679	-0.006698	-0.003604	0.000756	-0.008339	-0.014772	-0.004495
2024-08-20 21:02:36.997000	0.394320	-0.629809	0.209908	-0.177440	0.991661	0.361852	0.571760	-0.573179	0.029826	-0.174761	0.429182	0.337070	0.304861	0.418481	0.391677	0.396999	-0.092112	-0.032209	0.089459	-0.026804	0.005321	-0.002679	-0.004454	-0.003511	0.000744	-0.006104	-0.014679	-0.004503
2024-08-20 21:02:37.259000	0.368476	-0.635731	0.211066	-0.197000	0.990141	0.354410	0.565476	-0.573225	0.029782	-0.174833	0.427663	0.329628	0.298577	0.416916	0.384192	0.390643	-0.098035	-0.031051	0.069899	-0.032724	0.006451	-0.022167	-0.009069	-0.003678	0.000902	-0.010728	-0.014844	-0.004341
2024-08-20 21:02:37.521000	0.377024	-0.626008	0.215042	-0.197385	0.985376	0.359367	0.574409	-0.573270	0.029739	-0.174905	0.422897	0.334586	0.307511	0.412105	0.389106	0.399505	-0.088312	-0.027075	0.069513	-0.022999	0.010399	-0.022481	-0.006569	-0.002428	0.001454	-0.008236	-0.013592	-0.003785
2024-08-20 21:02:37.784000	0.361915	-0.639687	0.213924	-0.206790	0.994468	0.354782	0.568705	-0.573316	0.029695	-0.174977	0.431990	0.330000	0.301807	0.421153	0.384477	0.393729	-0.101990	-0.028193	0.060108	-0.036676	0.009252	-0.031813	-0.011112	-0.003920	0.001293	-0.012787	-0.015082	-0.003941
2024-08-20 21:02:38.046000	0.371557	-0.631169	0.216558	-0.205680	0.991848	0.360679	0.577237	-0.573361	0.029651	-0.175049	0.429369	0.335898	0.310338	0.418486	0.390331	0.402188	-0.093472	-0.025559	0.061219	-0.028156	0.011858	-0.030631	-0.008806	-0.002863	0.001658	-0.010490	-0.014023	-0.003573
2024-08-20 21:02:45.727000	0.359729	-0.625066	0.206126	-0.156278	0.934946	0.309881	0.516006	-0.574694	0.028358	-0.177188	0.372468	0.285099	0.249108	0.360252	0.338239	0.338818	-0.087369	-0.035991	0.110621	-0.022013	0.000579	0.020911	0.000043	-0.003586	0.000081	-0.001896	-0.014692	-0.005032
2024-08-20 21:02:45.990000	0.360623	-0.632585	0.210778	-0.160988	0.943418	0.310833	0.521611	-0.574740	0.028314	-0.177262	0.380940	0.286052	0.254712	0.368678	0.339147	0.344348	-0.094888	-0.031339	0.105911	-0.029531	0.005202	0.016275	-0.001349	-0.004480	0.000727	-0.003297	-0.015585	-0.004381
2024-08-20 21:02:46.252000	0.368675	-0.623835	0.211280	-0.150782	0.932012	0.308177	0.519456	-0.574786	0.028269	-0.177336	0.369533	0.283395	0.252558	0.357226	0.336446	0.342120	-0.086138	-0.030837	0.116117	-0.020780	0.005674	0.026555	0.002333	-0.003662	0.000793	0.000377	-0.014764	-0.004311
2024-08-20 21:02:46.514000	0.388455	-0.610991	0.201111	-0.130558	0.928893	0.317902	0.519013	-0.574831	0.028224	-0.177410	0.366414	0.293120	0.252114	0.354061	0.346126	0.341602	-0.073294	-0.041006	0.136341	-0.007935	-0.004524	0.046853	0.006642	-0.002505	-0.000632	0.004677	-0.013606	-0.005733
2024-08-20 21:02:46.776000	0.349590	-0.631447	0.208491	-0.162772	0.935317	0.303871	0.512362	-0.574877	0.028180	-0.177485	0.372839	0.279089	0.245464	0.360441	0.332050	0.334878	-0.093750	-0.033625	0.104126	-0.028390	0.002827	0.014712	-0.001894	-0.004253	0.000395	-0.003868	-0.015351	-0.004701
2024-08-20 21:02:47.038000	0.377919	-0.616980	0.203069	-0.137630	0.929460	0.312480	0.515549	-0.574922	0.028135	-0.177559	0.366982	0.287698	0.248650	0.354538	0.340615	0.337990	-0.079284	-0.039048	0.129268	-0.013923	-0.002624	0.039928	0.004571	-0.003094	-0.000367	0.002589	-0.014191	-0.005459
2024-08-20 21:02:47.300000	0.385771	-0.612546	0.198686	-0.129310	0.928942	0.316396	0.515082	-0.574968	0.028090	-0.177633	0.366464	0.291614	0.248183	0.353974	0.344486	0.337449	-0.074849	-0.043431	0.137588	-0.009488	-0.007037	0.048323	0.006153	-0.002730	-0.000984	0.004162	-0.013824	-0.006072
2024-08-20 21:02:47.562000	0.367681	-0.621682	0.198850	-0.142203	0.932717	0.311034	0.509884	-0.575013	0.028045	-0.177707	0.370238	0.286253	0.242985	0.357703	0.339080	0.332177	-0.083986	-0.043267	0.124695	-0.018624	-0.006903	0.035504	0.002030	-0.003524	-0.000965	0.000030	-0.014617	-0.006049
2024-08-20 21:02:47.825000	0.380404	-0.608859	0.187056	-0.124565	0.926771	0.317913	0.504969	-0.575059	0.028000	-0.177782	0.364293	0.293131	0.238070	0.351713	0.345913	0.327187	-0.071162	-0.055061	0.142334	-0.005800	-0.018726	0.053217	0.005527	-0.002269	-0.002618	0.003518	-0.013360	-0.007698
2024-08-20 21:02:48.087000	0.354460	-0.622898	0.202527	-0.154741	0.929572	0.306674	0.509202	-0.575104	0.027955	-0.177856	0.367094	0.281893	0.242303	0.354468	0.334630	0.331346	-0.085201	-0.039589	0.112157	-0.019838	-0.003284	0.023115	0.000126	-0.003326	-0.000459	-0.001892	-0.014415	-0.005535
2024-08-20 21:02:48.349000	0.351081	-0.626302	0.207776	-0.163168	0.932775	0.306473	0.514249	-0.575150	0.027910	-0.177931	0.370296	0.281691	0.247350	0.357625	0.334383	0.336318	-0.088605	-0.034341	0.103731	-0.023241	0.001935	0.014763	-0.001102	-0.003565	0.000270	-0.003128	-0.014651	-0.004801
2024-08-20 21:02:48.611000	0.386169	-0.606016	0.189238	-0.120696	0.923644	0.317628	0.506865	-0.575196	0.027865	-0.178005	0.361165	0.292846	0.239967	0.348448	0.345493	0.328860	-0.068319	-0.052879	0.146202	-0.002955	-0.016633	0.057309	0.007240	-0.002049	-0.002325	0.005206	-0.013134	-0.007393
2024-08-20 21:02:48.873000	0.349888	-0.626461	0.196976	-0.151056	0.930429	0.303968	0.500944	-0.575241	0.027820	-0.178080	0.367951	0.279186	0.234045	0.355188	0.331788	0.322864	-0.088765	-0.045141	0.115843	-0.023400	-0.008924	0.027024	-0.000869	-0.003859	-0.001248	-0.002913	-0.014942	-0.006311
2024-08-20 21:02:49.135000	0.352572	-0.626518	0.207249	-0.155330	0.927170	0.300652	0.507901	-0.575287	0.027775	-0.178154	0.364692	0.275871	0.241003	0.351884	0.328428	0.329747	-0.088821	-0.034868	0.111569	-0.023456	0.001319	0.022825	0.000285	-0.003846	0.000184	-0.001767	-0.014926	-0.004875
2024-08-20 21:02:49.397000	0.367780	-0.615137	0.203631	-0.141002	0.920288	0.305151	0.508782	-0.575332	0.027730	-0.178229	0.357809	0.280369	0.241883	0.344955	0.332881	0.330553	-0.077440	-0.038486	0.125897	-0.012074	-0.002329	0.037227	0.004453	-0.002766	-0.000326	0.002392	-0.013845	-0.005380
2024-08-20 21:02:49.660000	0.354759	-0.612510	0.189650	-0.141529	0.919148	0.306637	0.496288	-0.575378	0.027685	-0.178304	0.356669	0.281856	0.229389	0.343770	0.334323	0.317984	-0.074813	-0.052467	0.125370	-0.009447	-0.016339	0.036775	0.002158	-0.002248	-0.002284	0.000089	-0.013325	-0.007335
2024-08-20 21:02:49.922000	0.360226	-0.620158	0.205127	-0.148536	0.923792	0.303635	0.508761	-0.575423	0.027640	-0.178379	0.361314	0.278853	0.241863	0.348369	0.331275	0.330383	-0.082461	-0.036990	0.118363	-0.017094	-0.000892	0.029843	0.002383	-0.003207	-0.000125	0.000305	-0.014282	-0.005171
2024-08-20 21:02:50.184000	0.339948	-0.620215	0.199714	-0.156562	0.917010	0.296795	0.496510	-0.575469	0.027595	-0.178454	0.354531	0.272013	0.229611	0.341541	0.324390	0.318056	-0.082518	-0.042402	0.110337	-0.017151	-0.006334	0.021892	-0.000198	-0.002898	-0.000886	-0.002285	-0.013970	-0.005928
2024-08-20 21:02:50.446000	0.345017	-0.615317	0.196867	-0.148485	0.911953	0.296636	0.493502	-0.575515	0.027550	-0.178529	0.349474	0.271854	0.226604	0.336438	0.324186	0.314974	-0.077620	-0.045250	0.118413	-0.012253	-0.009212	0.030043	0.001719	-0.002482	-0.001288	-0.000377	-0.013552	-0.006326
2024-08-20 21:02:50.708000	0.362015	-0.617573	0.194297	-0.140125	0.925415	0.307842	0.502139	-0.575560	0.027505	-0.178604	0.362936	0.283061	0.235241	0.349855	0.335347	0.323536	-0.079876	-0.047820	0.126774	-0.014508	-0.011811	0.038479	0.002418	-0.003022	-0.001651	0.000314	-0.014090	-0.006685
2024-08-20 21:02:50.970000	0.360325	-0.615044	0.200574	-0.147522	0.922316	0.307273	0.507847	-0.575606	0.027459	-0.178679	0.359838	0.282491	0.240948	0.346711	0.334732	0.329168	-0.077347	-0.041543	0.119377	-0.011979	-0.005564	0.031157	0.002684	-0.002522	-0.000778	0.000571	-0.013588	-0.005808
2024-08-20 21:02:51.232000	0.358735	-0.613051	0.192876	-0.136672	0.915582	0.302531	0.495407	-0.575651	0.027414	-0.178754	0.353103	0.277749	0.228508	0.339931	0.329945	0.316653	-0.075354	-0.049241	0.130227	-0.009986	-0.013292	0.042082	0.003662	-0.002524	-0.001858	0.001540	-0.013589	-0.006884
2024-08-20 21:02:51.495000	0.379012	-0.601293	0.187563	-0.113451	0.906194	0.304901	0.492464	-0.575697	0.027368	-0.178829	0.343716	0.280119	0.225565	0.330497	0.332269	0.313634	-0.063597	-0.054554	0.153447	0.001772	-0.018635	0.065378	0.009278	-0.001663	-0.002605	0.007147	-0.012725	-0.007627
2024-08-20 21:02:51.757000	0.361617	-0.608756	0.194715	-0.133797	0.909456	0.300700	0.495414	-0.575742	0.027323	-0.178904	0.346977	0.275918	0.228516	0.333713	0.328023	0.316510	-0.071059	-0.047402	0.133101	-0.005690	-0.011513	0.045107	0.005379	-0.002075	-0.001610	0.003240	-0.013135	-0.006627
2024-08-20 21:02:52.019000	0.339650	-0.616666	0.193224	-0.150797	0.913889	0.297223	0.490447	-0.575788	0.027278	-0.178980	0.351411	0.272442	0.223548	0.338101	0.324501	0.311467	-0.078969	-0.048893	0.116102	-0.013600	-0.013034	0.028183	0.000377	-0.002557	-0.001822	-0.001771	-0.013615	-0.006835
2024-08-20 21:02:52.281000	0.356647	-0.609858	0.190485	-0.132910	0.908930	0.299072	0.489557	-0.575834	0.027232	-0.179055	0.346452	0.274290	0.222659	0.333096	0.326304	0.310502	-0.072161	-0.051632	0.133989	-0.006792	-0.015802	0.046145	0.004549	-0.002205	-0.002209	0.002393	-0.013261	-0.007218
2024-08-20 21:02:52.543000	0.351280	-0.612989	0.187235	-0.134188	0.911222	0.298232	0.485467	-0.575879	0.027187	-0.179130	0.348743	0.273451	0.218569	0.335342	0.325419	0.306337	-0.075292	-0.054882	0.132711	-0.009923	-0.019083	0.044943	0.003108	-0.002543	-0.002668	0.000943	-0.013597	-0.007673
2024-08-20 21:02:52.805000	0.339650	-0.616975	0.194074	-0.148140	0.910692	0.293717	0.487790	-0.575925	0.027141	-0.179206	0.348213	0.268935	0.220892	0.334767	0.320858	0.308584	-0.079278	-0.048043	0.118758	-0.013909	-0.012274	0.031066	0.001019	-0.002699	-0.001716	-0.001155	-0.013751	-0.006716
2024-08-20 21:02:53.067000	0.377422	-0.599558	0.185873	-0.108280	0.899387	0.299829	0.485702	-0.575970	0.027096	-0.179281	0.336908	0.275047	0.218803	0.323416	0.326925	0.306420	-0.061861	-0.056244	0.158619	0.003508	-0.020504	0.071001	0.010318	-0.001594	-0.002867	0.008135	-0.012643	-0.007863
2024-08-20 21:02:53.330000	0.337662	-0.619978	0.194163	-0.150589	0.914066	0.294088	0.488251	-0.576016	0.027050	-0.179357	0.351587	0.269306	0.221352	0.338050	0.321138	0.308894	-0.082281	-0.047954	0.116309	-0.016912	-0.012245	0.028768	0.000028	-0.003022	-0.001712	-0.002163	-0.014069	-0.006704
2024-08-20 21:02:53.592000	0.352274	-0.611635	0.187950	-0.138553	0.914511	0.302876	0.490827	-0.576061	0.027005	-0.179433	0.352032	0.278094	0.223928	0.338449	0.329881	0.311394	-0.073938	-0.054166	0.128346	-0.008569	-0.018487	0.040880	0.002695	-0.002240	-0.002584	0.000494	-0.013286	-0.007572
2024-08-20 21:02:53.854000	0.351180	-0.610296	0.187468	-0.131171	0.905178	0.294883	0.482351	-0.576107	0.026959	-0.179509	0.342700	0.270101	0.215453	0.329071	0.321842	0.302842	-0.072599	-0.054649	0.135728	-0.007230	-0.018999	0.048338	0.004274	-0.002298	-0.002656	0.002065	-0.013341	-0.007640
2024-08-20 21:02:54.116000	0.345912	-0.604198	0.185043	-0.132266	0.897333	0.293135	0.478178	-0.576153	0.026913	-0.179585	0.334855	0.268353	0.211280	0.321181	0.320048	0.298594	-0.066501	-0.057074	0.134632	-0.001132	-0.021455	0.047318	0.004736	-0.001433	-0.002999	0.002518	-0.012474	-0.007979
2024-08-20 21:02:54.378000	0.346608	-0.612541	0.194844	-0.143162	0.907467	0.294926	0.489769	-0.576198	0.026868	-0.179660	0.344988	0.270144	0.222871	0.331268	0.321793	0.310109	-0.074844	-0.047273	0.123737	-0.009475	-0.011684	0.036499	0.002995	-0.002295	-0.001633	0.000769	-0.013334	-0.006609
2024-08-20 21:02:54.640000	0.339849	-0.615435	0.194690	-0.149301	0.909895	0.294460	0.489150	-0.576244	0.026822	-0.179736	0.347417	0.269679	0.222251	0.333652	0.321282	0.309414	-0.077739	-0.047427	0.117597	-0.012370	-0.011868	0.030435	0.001261	-0.002480	-0.001659	-0.000974	-0.013517	-0.006630
2024-08-20 21:02:54.902000	0.342831	-0.626158	0.197567	-0.151781	0.923201	0.297044	0.494611	-0.576289	0.026776	-0.179812	0.360723	0.272262	0.227713	0.346912	0.323820	0.314799	-0.088461	-0.044549	0.115118	-0.023092	-0.009021	0.028032	-0.000638	-0.003850	-0.001261	-0.002882	-0.014885	-0.006228
2024-08-20 21:02:55.165000	0.342135	-0.611897	0.195863	-0.144921	0.903090	0.291193	0.487056	-0.576335	0.026730	-0.179889	0.340612	0.266411	0.220157	0.326755	0.317923	0.307167	-0.074201	-0.046254	0.121978	-0.008832	-0.010756	0.034968	0.002999	-0.002171	-0.001504	0.000747	-0.013204	-0.006466
2024-08-20 21:02:55.427000	0.349292	-0.618999	0.197403	-0.149093	0.919981	0.300982	0.498385	-0.576381	0.026684	-0.179965	0.357502	0.276200	0.231487	0.343600	0.327666	0.318420	-0.081302	-0.044714	0.117805	-0.015934	-0.009246	0.030871	0.001189	-0.002994	-0.001293	-0.001072	-0.014024	-0.006251
2024-08-20 21:02:55.689000	0.364798	-0.614457	0.192061	-0.130923	0.918117	0.303660	0.495721	-0.576426	0.026638	-0.180041	0.355638	0.278878	0.228822	0.341691	0.330298	0.315680	-0.076760	-0.050056	0.135976	-0.011392	-0.014619	0.049118	0.004495	-0.002922	-0.002044	0.002225	-0.013950	-0.006998
2024-08-20 21:02:55.951000	0.335972	-0.623011	0.201365	-0.158534	0.916152	0.293141	0.494506	-0.576472	0.026593	-0.180117	0.353674	0.268360	0.227607	0.339681	0.319734	0.314389	-0.085314	-0.040752	0.108365	-0.019947	-0.005345	0.021583	-0.000585	-0.003268	-0.000747	-0.002863	-0.014294	-0.005697
2024-08-20 21:02:56.213000	0.343328	-0.622733	0.199744	-0.155319	0.921636	0.298903	0.498647	-0.576517	0.026547	-0.180193	0.359157	0.274121	0.231748	0.345118	0.325449	0.318454	-0.085036	-0.042373	0.111579	-0.019669	-0.006996	0.024874	-0.000220	-0.003319	-0.000978	-0.002507	-0.014343	-0.005924
2024-08-20 21:02:56.475000	0.334879	-0.620817	0.200296	-0.159624	0.915024	0.294207	0.494502	-0.576563	0.026501	-0.180270	0.352545	0.269425	0.227604	0.338461	0.320707	0.314233	-0.083120	-0.041821	0.107275	-0.017754	-0.006474	0.020646	-0.000575	-0.002936	-0.000905	-0.002871	-0.013958	-0.005847
2024-08-20 21:02:56.737000	0.358635	-0.612325	0.194889	-0.137737	0.913808	0.301483	0.496372	-0.576608	0.026455	-0.180346	0.351330	0.276702	0.229473	0.337200	0.327938	0.316026	-0.074628	-0.047228	0.129162	-0.009262	-0.011912	0.042609	0.004162	-0.002461	-0.001665	0.001857	-0.013481	-0.006603
2024-08-20 21:02:57	0.350882	-0.611465	0.187593	-0.134162	0.908916	0.297452	0.485044	-0.576654	0.026409	-0.180423	0.346438	0.272670	0.218146	0.332262	0.323860	0.304622	-0.073768	-0.054524	0.132736	-0.008402	-0.019239	0.046260	0.003612	-0.002383	-0.002690	0.001299	-0.013401	-0.007622
2024-08-20 21:02:57.262000	0.332791	-0.630628	0.205420	-0.164755	0.922754	0.292126	0.497546	-0.576700	0.026362	-0.180499	0.360275	0.267344	0.230647	0.346054	0.318488	0.317047	-0.092931	-0.036697	0.102144	-0.027566	-0.001442	0.015744	-0.002364	-0.004130	-0.000202	-0.004687	-0.015145	-0.005130
2024-08-20 21:02:57.524000	0.357641	-0.610028	0.195743	-0.138634	0.910560	0.300532	0.496275	-0.576745	0.026316	-0.180576	0.348081	0.275750	0.229377	0.333815	0.326848	0.315700	-0.072331	-0.046373	0.128264	-0.006966	-0.011149	0.041942	0.004606	-0.002145	-0.001559	0.002275	-0.013158	-0.006483
2024-08-20 21:02:57.786000	0.362810	-0.606500	0.187294	-0.128920	0.910936	0.304436	0.491730	-0.576791	0.026270	-0.180652	0.348457	0.279654	0.224831	0.334145	0.330706	0.311078	-0.068803	-0.054822	0.137979	-0.003439	-0.019628	0.051732	0.005506	-0.001900	-0.002744	0.003166	-0.012911	-0.007664
2024-08-20 21:02:58.048000	0.354659	-0.610383	0.193283	-0.131714	0.903473	0.293089	0.486373	-0.576836	0.026224	-0.180729	0.340994	0.268308	0.219474	0.326636	0.319314	0.305644	-0.072686	-0.048834	0.135185	-0.007323	-0.013670	0.049016	0.005411	-0.002392	-0.001911	0.003063	-0.013401	-0.006827
2024-08-20 21:02:58.310000	0.368575	-0.599841	0.182046	-0.111844	0.898214	0.298373	0.480419	-0.576882	0.026178	-0.180806	0.335736	0.273592	0.213521	0.321333	0.324551	0.299614	-0.062144	-0.060071	0.155054	0.003219	-0.024938	0.068962	0.009021	-0.001516	-0.003486	0.006663	-0.012523	-0.008398
2024-08-20 21:02:58.572000	0.353566	-0.612814	0.200221	-0.142923	0.909082	0.296268	0.496489	-0.576927	0.026132	-0.180883	0.346603	0.271486	0.229591	0.332154	0.322399	0.315606	-0.075117	-0.041896	0.123975	-0.009755	-0.006793	0.037959	0.004164	-0.002434	-0.000950	0.001798	-0.013438	-0.005857
2024-08-20 21:02:58.835000	0.326529	-0.620132	0.201449	-0.168324	0.913536	0.293404	0.494853	-0.576973	0.026085	-0.180960	0.351058	0.268622	0.227954	0.336563	0.319489	0.313893	-0.082435	-0.040668	0.098575	-0.017074	-0.005596	0.012636	-0.001816	-0.002598	-0.000782	-0.004191	-0.013600	-0.005685
2024-08-20 21:02:59.097000	0.331400	-0.622501	0.200539	-0.159710	0.913071	0.290570	0.491110	-0.577019	0.026039	-0.181037	0.350593	0.265789	0.224211	0.336053	0.316609	0.310073	-0.084804	-0.041577	0.107188	-0.019444	-0.006536	0.021327	-0.000770	-0.003180	-0.000914	-0.003153	-0.014180	-0.005813
2024-08-20 21:02:59.359000	0.367979	-0.600181	0.184412	-0.118258	0.902006	0.301825	0.486237	-0.577064	0.025993	-0.181114	0.339527	0.277043	0.219338	0.324942	0.327817	0.305123	-0.062484	-0.057705	0.148641	0.002876	-0.022695	0.062856	0.008218	-0.001390	-0.003173	0.005826	-0.012388	-0.008067
2024-08-20 21:02:59.621000	0.331002	-0.620972	0.199819	-0.157160	0.909315	0.288343	0.488162	-0.577110	0.025946	-0.181191	0.346836	0.263561	0.221263	0.332205	0.314289	0.306971	-0.083275	-0.042298	0.109739	-0.017916	-0.007318	0.024031	-0.000119	-0.003057	-0.001023	-0.002520	-0.014052	-0.005913
2024-08-20 21:02:59.883000	0.335177	-0.596725	0.183482	-0.134497	0.882917	0.286191	0.469674	-0.577155	0.025900	-0.181268	0.320438	0.261410	0.202775	0.305762	0.312091	0.288406	-0.059029	-0.058634	0.132402	0.006330	-0.023685	0.046771	0.005584	-0.000405	-0.003311	0.003174	-0.011398	-0.008197
2024-08-20 21:03:00.145000	0.363705	-0.579669	0.166063	-0.101015	0.878325	0.298657	0.464719	-0.577201	0.025853	-0.181345	0.315847	0.273875	0.197821	0.301125	0.324510	0.283374	-0.041972	-0.076054	0.165884	0.023386	-0.041136	0.080330	0.011820	0.000961	-0.005751	0.009402	-0.010030	-0.010632
2024-08-20 21:03:00.407000	0.342632	-0.588815	0.172519	-0.117938	0.876866	0.288051	0.460570	-0.577246	0.025807	-0.181422	0.314388	0.263270	0.193672	0.299620	0.313859	0.279148	-0.051118	-0.069598	0.148960	0.014238	-0.034711	0.063484	0.008132	0.000224	-0.004853	0.005705	-0.010765	-0.009730
2024-08-20 21:03:00.670000	0.319372	-0.600866	0.183617	-0.147096	0.883717	0.282851	0.466468	-0.577292	0.025760	-0.181500	0.321239	0.258070	0.199570	0.306426	0.308612	0.284968	-0.063169	-0.058500	0.119803	0.002186	-0.023644	0.034404	0.002453	-0.000554	-0.003305	0.000018	-0.011541	-0.008178
2024-08-20 21:03:00.932000	0.345017	-0.575533	0.166127	-0.110774	0.865198	0.289665	0.455792	-0.577337	0.025714	-0.181577	0.302719	0.264883	0.188893	0.287860	0.315378	0.274215	-0.037836	-0.075990	0.156124	0.027518	-0.041164	0.070803	0.010753	0.001814	-0.005755	0.008309	-0.009171	-0.010623
2024-08-20 21:03:01.194000	0.331400	-0.591040	0.167002	-0.119196	0.874633	0.283593	0.450595	-0.577383	0.025667	-0.181655	0.312155	0.258812	0.183697	0.297250	0.309261	0.268941	-0.053343	-0.075115	0.147703	0.012010	-0.040320	0.062459	0.006444	0.000026	-0.005637	0.003991	-0.010956	-0.010501
2024-08-20 21:03:01.456000	0.327821	-0.586673	0.170829	-0.127145	0.870810	0.284138	0.454967	-0.577428	0.025621	-0.181732	0.308332	0.259356	0.188068	0.293382	0.309759	0.273235	-0.048976	-0.071288	0.139753	0.016377	-0.036524	0.054587	0.006474	0.000813	-0.005106	0.004012	-0.010166	-0.009966
2024-08-20 21:03:01.718000	0.352075	-0.567576	0.152350	-0.090692	0.857993	0.290417	0.442767	-0.577474	0.025574	-0.181810	0.295515	0.265635	0.175868	0.280519	0.315991	0.260957	-0.029880	-0.089767	0.176206	0.035472	-0.055033	0.091118	0.013454	0.002365	-0.007694	0.010983	-0.008613	-0.012549
2024-08-20 21:03:01.980000	0.355653	-0.573607	0.155650	-0.089551	0.863161	0.289554	0.445205	-0.577520	0.025527	-0.181887	0.300683	0.264773	0.178306	0.285642	0.315082	0.263317	-0.035910	-0.086466	0.177347	0.029440	-0.051764	0.092336	0.013199	0.001493	-0.007237	0.010719	-0.009482	-0.012088
2024-08-20 21:03:02.242000	0.351180	-0.562112	0.148678	-0.087782	0.852397	0.290285	0.438962	-0.577565	0.025481	-0.181965	0.289918	0.265503	0.172064	0.274832	0.315765	0.256997	-0.024415	-0.093439	0.179117	0.040934	-0.058768	0.094183	0.014335	0.003029	-0.008216	0.011847	-0.007944	-0.013063
2024-08-20 21:03:02.505000	0.326032	-0.596267	0.175988	-0.132733	0.879044	0.282777	0.458765	-0.577611	0.025434	-0.182043	0.316566	0.257995	0.191866	0.301433	0.308211	0.276722	-0.058570	-0.066129	0.134166	0.006778	-0.031489	0.049310	0.004653	-0.000340	-0.004402	0.002156	-0.011311	-0.009245
2024-08-20 21:03:02.767000	0.350484	-0.571537	0.153653	-0.092335	0.860703	0.289167	0.442819	-0.577656	0.025387	-0.182121	0.298225	0.264385	0.175921	0.283047	0.314554	0.260698	-0.033840	-0.088464	0.174564	0.031507	-0.053855	0.089786	0.012691	0.001871	-0.007529	0.010185	-0.009097	-0.012367
2024-08-20 21:03:03.029000	0.333984	-0.586698	0.167633	-0.119064	0.872113	0.285415	0.453048	-0.577702	0.025340	-0.182199	0.309635	0.260633	0.186149	0.294411	0.310755	0.270849	-0.049002	-0.074484	0.147835	0.016344	-0.039906	0.063135	0.007456	0.000571	-0.005579	0.004942	-0.010394	-0.010413
2024-08-20 21:03:03.291000	0.338556	-0.578304	0.162415	-0.105258	0.859704	0.281400	0.443815	-0.577747	0.025293	-0.182276	0.297225	0.256618	0.176916	0.281957	0.306693	0.261538	-0.040607	-0.079702	0.161640	0.024737	-0.045155	0.077018	0.010662	0.001291	-0.006313	0.008139	-0.009672	-0.011142
2024-08-20 21:03:03.553000	0.334879	-0.587677	0.162370	-0.116904	0.877090	0.289413	0.451783	-0.577793	0.025247	-0.182354	0.314611	0.264631	0.184884	0.299297	0.314659	0.269428	-0.049980	-0.079747	0.149995	0.015363	-0.045231	0.065450	0.006694	0.000427	-0.006323	0.004162	-0.010534	-0.011149
2024-08-20 21:03:03.815000	0.366587	-0.571295	0.153737	-0.081637	0.865782	0.294487	0.448224	-0.577838	0.025200	-0.182432	0.303304	0.269706	0.181326	0.287944	0.319687	0.265792	-0.033598	-0.088380	0.185261	0.031743	-0.053895	0.100795	0.014837	0.001548	-0.007535	0.012297	-0.009410	-0.012356
2024-08-20 21:03:04.077000	0.340644	-0.585442	0.161883	-0.111089	0.875291	0.289850	0.451733	-0.577884	0.025153	-0.182511	0.312813	0.265068	0.184834	0.297408	0.315003	0.269222	-0.047745	-0.080234	0.155810	0.017595	-0.045780	0.071422	0.008147	0.000535	-0.006400	0.005597	-0.010421	-0.011217
2024-08-20 21:03:04.340000	0.363108	-0.572047	0.154468	-0.086337	0.867024	0.294978	0.449445	-0.577929	0.025106	-0.182589	0.304546	0.270196	0.182547	0.289095	0.320083	0.266856	-0.034350	-0.087649	0.180562	0.030989	-0.053227	0.096252	0.013955	0.001587	-0.007441	0.011397	-0.009367	-0.012253
2024-08-20 21:03:04.602000	0.317881	-0.593285	0.169204	-0.133382	0.875344	0.282059	0.451263	-0.577975	0.025059	-0.182667	0.312866	0.257277	0.184364	0.297369	0.307118	0.268596	-0.055588	-0.072913	0.133517	0.009748	-0.038522	0.049286	0.003846	0.000131	-0.005385	0.001279	-0.010820	-0.010193
2024-08-20 21:03:04.864000	0.363307	-0.576455	0.161967	-0.096254	0.874049	0.297594	0.459561	-0.578020	0.025012	-0.182745	0.311570	0.272812	0.192662	0.296028	0.322605	0.276815	-0.038758	-0.080150	0.170645	0.026577	-0.045790	0.086492	0.012697	0.001236	-0.006401	0.010122	-0.009713	-0.011205
2024-08-20 21:03:05.126000	0.336966	-0.588918	0.172270	-0.121650	0.875263	0.286345	0.458616	-0.578066	0.024965	-0.182824	0.312785	0.261564	0.191717	0.297197	0.311310	0.275792	-0.051221	-0.069847	0.145249	0.014113	-0.035518	0.061174	0.007511	0.000291	-0.004965	0.004927	-0.010656	-0.009765
2024-08-20 21:03:05.388000	0.342831	-0.584875	0.167946	-0.116716	0.876476	0.291601	0.459547	-0.578111	0.024917	-0.182902	0.313998	0.266819	0.192649	0.298365	0.316518	0.276645	-0.047178	-0.074171	0.150182	0.018154	-0.039873	0.066186	0.008382	0.000712	-0.005574	0.005789	-0.010233	-0.010369
2024-08-20 21:03:05.650000	0.351777	-0.574915	0.151247	-0.091209	0.866654	0.291739	0.442986	-0.578157	0.024870	-0.182981	0.304176	0.266957	0.176087	0.288497	0.316609	0.260005	-0.037218	-0.090870	0.175689	0.028112	-0.056604	0.091771	0.011914	0.001390	-0.007913	0.009313	-0.009552	-0.012704
2024-08-20 21:03:05.912000	0.359927	-0.569461	0.148687	-0.085227	0.865928	0.296467	0.445154	-0.578202	0.024823	-0.183059	0.303449	0.271685	0.178256	0.287726	0.321290	0.262095	-0.031765	-0.093429	0.181672	0.033564	-0.059195	0.097832	0.013587	0.001943	-0.008275	0.010977	-0.008996	-0.013061
2024-08-20 21:03:06.175000	0.353566	-0.564306	0.146401	-0.088816	0.860287	0.295981	0.442382	-0.578248	0.024776	-0.183138	0.297809	0.271199	0.175483	0.282039	0.320757	0.259244	-0.026609	-0.095716	0.178082	0.038718	-0.061513	0.094322	0.013423	0.002763	-0.008599	0.010804	-0.008175	-0.013381
2024-08-20 21:03:06.437000	0.343129	-0.586894	0.163066	-0.106171	0.873128	0.286234	0.449300	-0.578293	0.024729	-0.183217	0.310650	0.261452	0.182401	0.294834	0.310963	0.266083	-0.049197	-0.079051	0.160728	0.016128	-0.044880	0.077046	0.009126	0.000151	-0.006274	0.006499	-0.010784	-0.011051
2024-08-20 21:03:06.699000	0.354957	-0.576666	0.148757	-0.086241	0.869107	0.292441	0.441198	-0.578339	0.024681	-0.183295	0.306629	0.267659	0.174300	0.290768	0.317122	0.257903	-0.038969	-0.093360	0.180658	0.026354	-0.059220	0.097055	0.012098	0.001017	-0.008279	0.009462	-0.009916	-0.013052
2024-08-20 21:03:06.961000	0.336867	-0.580879	0.155944	-0.107849	0.869651	0.288772	0.444716	-0.578384	0.024634	-0.183374	0.307172	0.263990	0.177817	0.291266	0.313406	0.261342	-0.043182	-0.086173	0.159050	0.022140	-0.052064	0.075525	0.008566	0.001074	-0.007279	0.005921	-0.009856	-0.012047
2024-08-20 21:03:07.223000	0.324939	-0.594701	0.171410	-0.128367	0.876597	0.281896	0.453306	-0.578430	0.024587	-0.183453	0.314119	0.257114	0.186407	0.298167	0.306482	0.269853	-0.057005	-0.070707	0.138531	0.008315	-0.036629	0.055086	0.005056	-0.000266	-0.005121	0.002402	-0.011193	-0.009885
2024-08-20 21:03:07.485000	0.335873	-0.583706	0.162733	-0.113000	0.869846	0.286140	0.448873	-0.578475	0.024539	-0.183532	0.307368	0.261358	0.181974	0.291371	0.310679	0.265341	-0.046009	-0.079384	0.153898	0.019309	-0.045338	0.070532	0.008378	0.000785	-0.006338	0.005716	-0.010140	-0.011098
2024-08-20 21:03:07.747000	0.339053	-0.583026	0.163438	-0.114364	0.873005	0.289979	0.453417	-0.578521	0.024492	-0.183611	0.310527	0.265197	0.186519	0.294485	0.314471	0.269807	-0.045330	-0.078678	0.152535	0.019986	-0.044664	0.069247	0.008387	0.000909	-0.006244	0.005716	-0.010014	-0.010999
2024-08-20 21:03:08.010000	0.332394	-0.580379	0.157002	-0.109684	0.865455	0.285076	0.442078	-0.578566	0.024444	-0.183690	0.302977	0.260294	0.175179	0.286889	0.309520	0.258388	-0.042683	-0.085115	0.157214	0.022632	-0.051132	0.074006	0.008546	0.001177	-0.007148	0.005866	-0.009743	-0.011899
2024-08-20 21:03:08.272000	0.361816	-0.568663	0.148454	-0.081896	0.863921	0.295258	0.443712	-0.578612	0.024397	-0.183769	0.301442	0.270476	0.176813	0.285309	0.319655	0.259943	-0.030966	-0.093663	0.185003	0.034346	-0.059712	0.101873	0.014407	0.001922	-0.008348	0.011719	-0.008996	-0.013094
2024-08-20 21:03:08.534000	0.335574	-0.578870	0.157793	-0.109725	0.866377	0.287507	0.445299	-0.578657	0.024349	-0.183848	0.303899	0.262725	0.178401	0.287720	0.311856	0.261451	-0.041174	-0.084324	0.157174	0.024136	-0.050405	0.074123	0.008987	0.001364	-0.007047	0.006289	-0.009551	-0.011789
2024-08-20 21:03:08.796000	0.334680	-0.581260	0.158528	-0.113766	0.871177	0.289917	0.448446	-0.578703	0.024302	-0.183927	0.308699	0.265136	0.181547	0.292475	0.314219	0.264518	-0.043563	-0.083589	0.153133	0.021745	-0.049701	0.070162	0.007920	0.001168	-0.006948	0.005214	-0.009745	-0.011686
2024-08-20 21:03:09.058000	0.334183	-0.585545	0.161600	-0.113847	0.871975	0.286430	0.448030	-0.578748	0.024254	-0.184006	0.309496	0.261648	0.181131	0.293227	0.310685	0.264023	-0.047848	-0.080517	0.153052	0.017458	-0.046661	0.070160	0.007710	0.000568	-0.006523	0.004995	-0.010342	-0.011256
2024-08-20 21:03:09.320000	0.369967	-0.556401	0.142773	-0.068764	0.852359	0.295958	0.438731	-0.578794	0.024207	-0.184086	0.289881	0.271176	0.171833	0.273565	0.320165	0.254645	-0.018704	-0.099344	0.198134	0.046600	-0.065519	0.115321	0.018138	0.003172	-0.009160	0.015415	-0.007736	-0.013888
2024-08-20 21:03:09.582000	0.318975	-0.584036	0.164944	-0.128038	0.866104	0.282068	0.447012	-0.578839	0.024159	-0.184165	0.303625	0.257286	0.180114	0.287265	0.306227	0.262847	-0.046339	-0.077173	0.138861	0.018962	-0.043380	0.056127	0.005929	0.001182	-0.006065	0.003197	-0.009724	-0.010789
2024-08-20 21:03:09.845000	0.333885	-0.575785	0.160292	-0.111697	0.861075	0.285289	0.445582	-0.578885	0.024111	-0.184245	0.298596	0.260508	0.178683	0.282190	0.309401	0.261337	-0.038089	-0.081824	0.155201	0.027211	-0.048064	0.072548	0.009704	0.001794	-0.006719	0.006963	-0.009109	-0.011439
2024-08-20 21:03:10.107000	0.355554	-0.571047	0.152166	-0.088608	0.863043	0.291996	0.444162	-0.578930	0.024064	-0.184324	0.300565	0.267214	0.177264	0.284113	0.316059	0.259838	-0.033351	-0.089950	0.178290	0.031946	-0.056221	0.095716	0.013454	0.001765	-0.007860	0.010704	-0.009136	-0.012575
2024-08-20 21:03:10.369000	0.332195	-0.586822	0.163344	-0.114242	0.869915	0.283093	0.446437	-0.578975	0.024016	-0.184404	0.307437	0.258311	0.179539	0.290940	0.307109	0.262033	-0.049125	-0.078773	0.152656	0.016170	-0.045076	0.070162	0.007776	0.000380	-0.006302	0.005018	-0.010518	-0.011012
2024-08-20 21:03:10.631000	0.318279	-0.588279	0.170928	-0.132920	0.868550	0.280271	0.451199	-0.579021	0.023968	-0.184483	0.306072	0.255489	0.184300	0.289529	0.304239	0.266716	-0.050583	-0.071189	0.133978	0.014710	-0.037523	0.051563	0.005393	0.000702	-0.005246	0.002626	-0.010194	-0.009952
2024-08-20 21:03:10.893000	0.337364	-0.579282	0.162643	-0.112351	0.866354	0.287072	0.449715	-0.579066	0.023920	-0.184563	0.303875	0.262290	0.182816	0.287288	0.310992	0.265152	-0.041586	-0.079474	0.154547	0.023704	-0.045840	0.072212	0.009418	0.001317	-0.006408	0.006642	-0.009576	-0.011110
2024-08-20 21:03:11.155000	0.326032	-0.582192	0.167335	-0.125310	0.866199	0.284007	0.451342	-0.579112	0.023873	-0.184643	0.303721	0.259226	0.184444	0.287088	0.307880	0.266699	-0.044495	-0.074782	0.141588	0.020792	-0.041180	0.059333	0.007306	0.001295	-0.005757	0.004521	-0.009595	-0.010455
2024-08-20 21:03:11.417000	0.334779	-0.584010	0.155486	-0.106445	0.869747	0.285737	0.441224	-0.579157	0.023825	-0.184723	0.307269	0.260956	0.174325	0.290590	0.309562	0.256501	-0.046313	-0.086630	0.160454	0.018972	-0.053061	0.078278	0.008316	0.000578	-0.007418	0.005523	-0.010310	-0.012111
2024-08-20 21:03:11.680000	0.328815	-0.580493	0.160253	-0.114263	0.863318	0.282825	0.443078	-0.579203	0.023777	-0.184803	0.300839	0.258043	0.176179	0.284115	0.306602	0.258275	-0.042796	-0.081864	0.152636	0.022487	-0.048327	0.070540	0.008394	0.001238	-0.006756	0.005592	-0.009647	-0.011445
2024-08-20 21:03:11.942000	0.324541	-0.583665	0.159110	-0.117847	0.866943	0.283278	0.442388	-0.579248	0.023729	-0.184883	0.304465	0.258497	0.175490	0.287695	0.307007	0.257506	-0.045968	-0.083007	0.149051	0.019312	-0.049502	0.067035	0.006908	0.000945	-0.006920	0.004098	-0.009938	-0.011604
2024-08-20 21:03:12.204000	0.356150	-0.569899	0.155660	-0.088106	0.858495	0.288596	0.444257	-0.579293	0.023681	-0.184963	0.296017	0.263815	0.177358	0.279202	0.312277	0.259294	-0.032202	-0.086457	0.178792	0.033075	-0.052983	0.096856	0.014504	0.001841	-0.007407	0.011685	-0.009039	-0.012087
2024-08-20 21:03:12.466000	0.317384	-0.588640	0.160317	-0.122998	0.868705	0.280065	0.440382	-0.579339	0.023633	-0.185043	0.306227	0.255283	0.173484	0.289366	0.303698	0.255340	-0.050943	-0.081800	0.143900	0.014332	-0.048358	0.062044	0.005249	0.000436	-0.006760	0.002421	-0.010442	-0.011436
2024-08-20 21:03:12.728000	0.321857	-0.583861	0.161828	-0.118090	0.861980	0.278119	0.439948	-0.579384	0.023585	-0.185123	0.299502	0.253338	0.173049	0.282596	0.301704	0.254825	-0.046164	-0.080289	0.148808	0.019108	-0.046879	0.067032	0.007374	0.000889	-0.006554	0.004537	-0.009986	-0.011224
2024-08-20 21:03:12.990000	0.321261	-0.581311	0.159756	-0.118516	0.861333	0.280021	0.439777	-0.579429	0.023537	-0.185203	0.298854	0.255240	0.172879	0.281903	0.303558	0.254574	-0.043615	-0.082361	0.148382	0.021655	-0.048984	0.066686	0.007375	0.001260	-0.006848	0.004529	-0.009613	-0.011514
2024-08-20 21:03:13.252000	0.343924	-0.578917	0.155934	-0.098667	0.865574	0.286658	0.442591	-0.579475	0.023489	-0.185283	0.303096	0.261876	0.175693	0.286099	0.310146	0.257308	-0.041220	-0.086183	0.168231	0.024047	-0.052838	0.086616	0.010897	0.000977	-0.007387	0.008043	-0.009893	-0.012048
2024-08-20 21:03:13.514000	0.328716	-0.578700	0.161689	-0.114917	0.860644	0.281943	0.443632	-0.579520	0.023441	-0.185363	0.298165	0.257162	0.176734	0.281124	0.305384	0.258269	-0.041004	-0.080428	0.151982	0.024260	-0.047115	0.070447	0.008937	0.001462	-0.006587	0.006075	-0.009406	-0.011244
2024-08-20 21:03:13.777000	0.311818	-0.576506	0.157643	-0.122233	0.852913	0.276407	0.434050	-0.579566	0.023392	-0.185444	0.290435	0.251625	0.167152	0.273348	0.299799	0.248607	-0.038810	-0.084474	0.144666	0.026451	-0.051193	0.063211	0.007172	0.002030	-0.007157	0.004301	-0.008835	-0.011809
2024-08-20 21:03:14.039000	0.344819	-0.563554	0.151217	-0.089998	0.847153	0.283599	0.434816	-0.579611	0.023344	-0.185524	0.284675	0.258817	0.167918	0.267542	0.306943	0.249292	-0.025857	-0.090900	0.176901	0.039401	-0.057651	0.095527	0.014523	0.002771	-0.008060	0.011643	-0.008091	-0.012708
2024-08-20 21:03:14.301000	0.326131	-0.577645	0.154145	-0.106779	0.856411	0.278766	0.432911	-0.579656	0.023296	-0.185605	0.293932	0.253984	0.166012	0.276754	0.302062	0.247306	-0.039948	-0.087972	0.160119	0.025308	-0.054756	0.078825	0.009268	0.001416	-0.007655	0.006379	-0.009444	-0.012299
2024-08-20 21:03:14.563000	0.348198	-0.559784	0.144547	-0.085146	0.848581	0.288796	0.433344	-0.579702	0.023248	-0.185685	0.286102	0.264015	0.166445	0.268879	0.312044	0.247659	-0.022088	-0.097569	0.181753	0.043165	-0.064385	0.100539	0.014886	0.003182	-0.009001	0.011989	-0.007675	-0.013640
2024-08-20 21:03:14.825000	0.336071	-0.563364	0.151888	-0.098657	0.846204	0.282840	0.434729	-0.579747	0.023199	-0.185766	0.283726	0.258059	0.167830	0.266457	0.306040	0.248963	-0.025667	-0.090229	0.168241	0.039583	-0.057077	0.087108	0.013054	0.003059	-0.007979	0.010147	-0.007795	-0.012614
2024-08-20 21:03:15.087000	0.334978	-0.565357	0.142197	-0.094114	0.852252	0.286896	0.429092	-0.579792	0.023151	-0.185846	0.289774	0.262114	0.162194	0.272460	0.310047	0.243246	-0.027660	-0.099920	0.172784	0.037587	-0.066801	0.091732	0.011700	0.002756	-0.009339	0.008785	-0.008096	-0.013969
2024-08-20 21:03:15.349000	0.343526	-0.562020	0.144458	-0.088441	0.849529	0.287509	0.431967	-0.579838	0.023103	-0.185927	0.287051	0.262728	0.165069	0.269691	0.310612	0.246041	-0.024323	-0.097659	0.178457	0.040921	-0.064572	0.097486	0.013849	0.002986	-0.009027	0.010926	-0.007863	-0.013653
2024-08-20 21:03:15.612000	0.321261	-0.568890	0.146068	-0.105573	0.849655	0.280765	0.426833	-0.579883	0.023054	-0.186008	0.287176	0.255983	0.159935	0.269772	0.303819	0.240825	-0.031193	-0.096049	0.161326	0.034048	-0.062994	0.080435	0.009611	0.002610	-0.008807	0.006679	-0.008236	-0.013428
2024-08-20 21:03:15.874000	0.317086	-0.573875	0.154189	-0.117092	0.853863	0.279988	0.434178	-0.579928	0.023006	-0.186089	0.291385	0.255207	0.167279	0.273935	0.302994	0.248089	-0.036178	-0.087928	0.149807	0.029059	-0.054905	0.068997	0.008050	0.002229	-0.007676	0.005109	-0.008614	-0.012292
2024-08-20 21:03:16.136000	0.342731	-0.562457	0.143568	-0.087092	0.848713	0.286255	0.429824	-0.579974	0.022957	-0.186170	0.286234	0.261474	0.162925	0.268739	0.309213	0.243654	-0.024761	-0.098549	0.179806	0.040474	-0.065558	0.099077	0.013882	0.002887	-0.009165	0.010932	-0.007954	-0.013777
2024-08-20 21:03:16.398000	0.327026	-0.575152	0.145472	-0.102607	0.859313	0.284161	0.429633	-0.580019	0.022909	-0.186250	0.296834	0.259379	0.162734	0.279294	0.307070	0.243382	-0.037455	-0.096645	0.164292	0.027776	-0.063687	0.083644	0.008932	0.001686	-0.008903	0.005973	-0.009152	-0.013511
2024-08-20 21:03:16.660000	0.313011	-0.577341	0.154994	-0.118050	0.853407	0.276066	0.431060	-0.580064	0.022860	-0.186331	0.290928	0.251284	0.164162	0.273343	0.298926	0.244729	-0.039644	-0.087123	0.148849	0.025584	-0.054197	0.068282	0.007406	0.001785	-0.007577	0.004439	-0.009050	-0.012180
2024-08-20 21:03:16.922000	0.338954	-0.561314	0.147534	-0.096213	0.848947	0.287633	0.435167	-0.580110	0.022812	-0.186412	0.286469	0.262851	0.168269	0.268837	0.310445	0.248755	-0.023617	-0.094582	0.170685	0.041607	-0.061690	0.090199	0.013134	0.003279	-0.008624	0.010158	-0.007554	-0.013223
2024-08-20 21:03:17.184000	0.352075	-0.544479	0.129270	-0.068455	0.835739	0.291260	0.420530	-0.580155	0.022763	-0.186494	0.273260	0.266479	0.153631	0.255584	0.314023	0.234036	-0.006782	-0.112847	0.198443	0.058439	-0.079987	0.118038	0.018069	0.004809	-0.011182	0.015085	-0.006021	-0.015776
2024-08-20 21:03:17.447000	0.331598	-0.561886	0.142033	-0.095341	0.846793	0.284907	0.426940	-0.580200	0.022714	-0.186575	0.284314	0.260125	0.160041	0.266592	0.307621	0.240365	-0.024189	-0.100084	0.171557	0.041029	-0.067257	0.091234	0.012155	0.003231	-0.009402	0.009162	-0.007596	-0.013992
2024-08-20 21:03:17.709000	0.322056	-0.570635	0.154264	-0.113411	0.851838	0.281203	0.435467	-0.580245	0.022666	-0.186656	0.289360	0.256421	0.168568	0.271593	0.303869	0.248811	-0.032939	-0.087853	0.153488	0.032276	-0.055058	0.073245	0.009431	0.002519	-0.007697	0.006429	-0.008306	-0.012282
2024-08-20 21:03:17.971000	0.325237	-0.572536	0.155327	-0.113669	0.856115	0.283579	0.438906	-0.580291	0.022617	-0.186737	0.293636	0.258797	0.172008	0.275824	0.306196	0.252169	-0.034839	-0.086790	0.153229	0.030372	-0.054027	0.073068	0.009243	0.002261	-0.007553	0.006232	-0.008561	-0.012133
2024-08-20 21:03:18.233000	0.348894	-0.563245	0.153986	-0.090231	0.848384	0.285139	0.439125	-0.580336	0.022568	-0.186819	0.285906	0.260358	0.172226	0.268049	0.307708	0.252306	-0.025548	-0.088131	0.176668	0.039659	-0.055402	0.096588	0.015207	0.002745	-0.007745	0.012188	-0.008074	-0.012321
2024-08-20 21:03:18.495000	0.345117	-0.575131	0.154945	-0.094915	0.860219	0.285088	0.440032	-0.580381	0.022520	-0.186900	0.297741	0.260306	0.173134	0.279838	0.307607	0.253132	-0.037435	-0.087172	0.171983	0.027769	-0.054475	0.091985	0.012301	0.001314	-0.007616	0.009273	-0.009503	-0.012187
2024-08-20 21:03:18.757000	0.340942	-0.580050	0.162017	-0.106080	0.865054	0.285005	0.447022	-0.580426	0.022471	-0.186982	0.302576	0.260223	0.180123	0.284628	0.307475	0.260040	-0.042353	-0.080100	0.160819	0.022848	-0.047435	0.080902	0.010618	0.000942	-0.006631	0.007582	-0.009872	-0.011198
2024-08-20 21:03:19.019000	0.327125	-0.580529	0.163945	-0.116580	0.860288	0.279760	0.443705	-0.580472	0.022422	-0.187063	0.297810	0.254978	0.176806	0.279817	0.302182	0.256642	-0.042832	-0.078172	0.150319	0.022365	-0.045540	0.070484	0.008896	0.001193	-0.006366	0.005851	-0.009619	-0.010928
2024-08-20 21:03:19.282000	0.345813	-0.560073	0.144229	-0.083772	0.845428	0.285355	0.429584	-0.580517	0.022373	-0.187145	0.282949	0.260573	0.162686	0.264911	0.307728	0.242439	-0.022376	-0.097888	0.183127	0.042817	-0.065289	0.103373	0.015191	0.003054	-0.009127	0.012138	-0.007754	-0.013685
2024-08-20 21:03:19.544000	0.342731	-0.577485	0.156510	-0.101755	0.865461	0.287976	0.444486	-0.580562	0.022324	-0.187227	0.302982	0.263194	0.177588	0.284899	0.310300	0.257259	-0.039788	-0.085607	0.165144	0.025401	-0.053041	0.085472	0.010890	0.001195	-0.007415	0.007827	-0.009611	-0.011968
2024-08-20 21:03:19.806000	0.347502	-0.577351	0.162539	-0.102161	0.864475	0.287124	0.449663	-0.580607	0.022275	-0.187308	0.301997	0.262342	0.182764	0.283868	0.309399	0.262355	-0.039654	-0.079578	0.164738	0.025532	-0.047045	0.085148	0.012005	0.001155	-0.006577	0.008933	-0.009648	-0.011125
2024-08-20 21:03:20.068000	0.333984	-0.577789	0.162017	-0.111033	0.860789	0.283000	0.445017	-0.580653	0.022226	-0.187390	0.298310	0.258218	0.178118	0.280136	0.305226	0.257627	-0.040092	-0.080100	0.155866	0.025090	-0.047599	0.076357	0.010131	0.001386	-0.006654	0.007051	-0.009414	-0.011198
2024-08-20 21:03:20.330000	0.331002	-0.571377	0.151739	-0.101324	0.851964	0.280587	0.432326	-0.580698	0.022177	-0.187472	0.289486	0.255805	0.165427	0.271266	0.302764	0.244854	-0.033680	-0.090378	0.165575	0.031498	-0.057910	0.086148	0.011212	0.002032	-0.008096	0.008123	-0.008765	-0.012635
2024-08-20 21:03:20.592000	0.362015	-0.563884	0.149358	-0.081297	0.857838	0.293954	0.443312	-0.580743	0.022128	-0.187554	0.295359	0.269172	0.176414	0.277095	0.316082	0.255759	-0.026187	-0.092758	0.185601	0.038987	-0.060324	0.106256	0.015990	0.002401	-0.008433	0.012892	-0.008394	-0.012968
2024-08-20 21:03:20.854000	0.316390	-0.576249	0.156674	-0.116301	0.852266	0.276017	0.432691	-0.580788	0.022079	-0.187636	0.289787	0.251235	0.165792	0.271478	0.298096	0.245055	-0.038552	-0.085443	0.150598	0.026618	-0.053041	0.071335	0.008405	0.001811	-0.007415	0.005299	-0.008981	-0.011945
2024-08-20 21:03:21.117000	0.316987	-0.580415	0.154169	-0.119480	0.862712	0.282297	0.436466	-0.580833	0.022030	-0.187718	0.300234	0.257515	0.169568	0.281879	0.304327	0.248748	-0.042719	-0.087948	0.147419	0.022448	-0.055579	0.068238	0.006551	0.001388	-0.007770	0.003436	-0.009401	-0.012295
2024-08-20 21:03:21.379000	0.339252	-0.578036	0.161977	-0.107854	0.863165	0.285129	0.447106	-0.580878	0.021981	-0.187800	0.300687	0.260347	0.180208	0.282287	0.307110	0.259306	-0.040339	-0.080140	0.159044	0.024824	-0.047804	0.079946	0.010730	0.001238	-0.006683	0.007607	-0.009548	-0.011204
2024-08-20 21:03:21.641000	0.319869	-0.584108	0.162807	-0.124899	0.866069	0.281961	0.444769	-0.580924	0.021932	-0.187882	0.303591	0.257180	0.177870	0.285146	0.303893	0.256887	-0.046411	-0.079310	0.141999	0.018748	-0.047007	0.062983	0.006506	0.000973	-0.006572	0.003375	-0.009810	-0.011087
2024-08-20 21:03:21.903000	0.321857	-0.587296	0.157947	-0.121350	0.872557	0.285261	0.443208	-0.580969	0.021883	-0.187964	0.310078	0.260479	0.176309	0.291588	0.307144	0.255243	-0.049599	-0.084170	0.145548	0.015556	-0.051900	0.066614	0.005670	0.000490	-0.007256	0.002530	-0.010291	-0.011767
2024-08-20 21:03:22.165000	0.351280	-0.585215	0.157788	-0.096381	0.875088	0.289873	0.447660	-0.581014	0.021834	-0.188046	0.312609	0.265091	0.180762	0.294074	0.311706	0.259614	-0.047518	-0.084329	0.170518	0.017632	-0.052092	0.091666	0.010820	-0.000041	-0.007283	0.007671	-0.010819	-0.011789
2024-08-20 21:03:22.427000	0.334481	-0.581914	0.160750	-0.111413	0.867059	0.285145	0.445894	-0.581059	0.021784	-0.188129	0.304580	0.260363	0.178996	0.286000	0.306929	0.257765	-0.044217	-0.081367	0.155485	0.020929	-0.049163	0.076716	0.009128	0.000843	-0.006873	0.005971	-0.009932	-0.011375
2024-08-20 21:03:22.689000	0.362810	-0.569147	0.149020	-0.077819	0.860756	0.291609	0.440629	-0.581104	0.021735	-0.188211	0.298278	0.266827	0.173731	0.279652	0.313344	0.252418	-0.031450	-0.093096	0.189079	0.033692	-0.060926	0.110392	0.015686	0.001575	-0.008517	0.012519	-0.009197	-0.013015
2024-08-20 21:03:22.952000	0.352969	-0.575755	0.146953	-0.083579	0.865350	0.289595	0.436548	-0.581149	0.021686	-0.188294	0.302872	0.264814	0.169650	0.284201	0.311281	0.248255	-0.038058	-0.095164	0.183320	0.027080	-0.063026	0.104715	0.012969	0.000909	-0.008811	0.009794	-0.009861	-0.013304
2024-08-20 21:03:30.632000	nan	nan	nan	nan	nan	nan	nan	-0.582467	0.020226	-0.190735	nan	nan	nan	nan	nan	nan	nan	nan	nan	nan	nan	nan	nan	nan	nan	nan	nan	nan
2024-08-20 21:03:30.894000	0.346011	-0.582547	0.169164	-0.103393	0.862787	0.280240	0.449404	-0.582512	0.020176	-0.190819	0.300309	0.255458	0.182505	0.280276	0.300416	0.258584	-0.044851	-0.072953	0.163506	0.020140	-0.041832	0.087427	0.012446	0.000312	-0.005848	0.009009	-0.010368	-0.010199
2024-08-20 21:03:31.156000	0.344123	-0.579581	0.166674	-0.103372	0.860402	0.280821	0.447495	-0.582556	0.020126	-0.190904	0.297924	0.256039	0.180596	0.277846	0.300947	0.256591	-0.041884	-0.075443	0.163526	0.023101	-0.044356	0.087532	0.012529	0.000728	-0.006201	0.009083	-0.009949	-0.010547
2024-08-20 21:03:31.418000	0.374340	-0.570481	0.160327	-0.072658	0.857152	0.286671	0.446999	-0.582601	0.020076	-0.190988	0.294674	0.261890	0.180100	0.274551	0.306747	0.256011	-0.032784	-0.081790	0.194240	0.032196	-0.050736	0.118330	0.018890	0.001008	-0.007093	0.015436	-0.009666	-0.011434
2024-08-20 21:03:31.680000	0.335873	-0.583660	0.176440	-0.116422	0.859515	0.275855	0.452295	-0.582646	0.020025	-0.191072	0.297036	0.251073	0.185396	0.276869	0.295880	0.261223	-0.045963	-0.065677	0.150476	0.019011	-0.034658	0.074650	0.011167	0.000494	-0.004845	0.007704	-0.010177	-0.009182
2024-08-20 21:03:31.942000	0.319372	-0.598868	0.181658	-0.136282	0.872863	0.273995	0.455654	-0.582691	0.019975	-0.191157	0.310385	0.249214	0.188755	0.290172	0.293970	0.264497	-0.061171	-0.060458	0.130617	0.003798	-0.029473	0.054875	0.005555	-0.000936	-0.004120	0.002084	-0.011603	-0.008452
2024-08-20 21:03:32.205000	0.351578	-0.573921	0.169069	-0.103296	0.859726	0.285805	0.454874	-0.582736	0.019924	-0.191242	0.297247	0.261023	0.187975	0.276990	0.305729	0.263632	-0.036224	-0.073047	0.163602	0.028739	-0.042096	0.087945	0.014086	0.001433	-0.005885	0.010607	-0.009231	-0.010212
2024-08-20 21:03:32.467000	0.363307	-0.575801	0.164030	-0.085227	0.860305	0.284504	0.448534	-0.582780	0.019874	-0.191326	0.297826	0.259722	0.181635	0.277524	0.304378	0.257208	-0.038104	-0.078087	0.181672	0.026853	-0.047170	0.106099	0.016242	0.000657	-0.006594	0.012753	-0.010005	-0.010917
2024-08-20 21:03:32.729000	0.322652	-0.587816	0.175868	-0.128677	0.863276	0.275461	0.451329	-0.582825	0.019823	-0.191411	0.300798	0.250679	0.184430	0.280451	0.295284	0.259918	-0.050119	-0.066249	0.138222	0.014832	-0.035366	0.062734	0.007972	0.000334	-0.004944	0.004476	-0.010324	-0.009262
2024-08-20 21:03:32.991000	0.359132	-0.564775	0.156729	-0.084294	0.851472	0.286697	0.443426	-0.582870	0.019773	-0.191495	0.288993	0.261915	0.176527	0.268602	0.306470	0.251931	-0.027078	-0.085388	0.182605	0.037868	-0.054539	0.107202	0.017076	0.002157	-0.007625	0.013570	-0.008498	-0.011937
2024-08-20 21:03:33.253000	0.365096	-0.573813	0.161426	-0.084877	0.862360	0.288547	0.449973	-0.582914	0.019722	-0.191580	0.299882	0.263766	0.183075	0.279446	0.308270	0.258393	-0.036116	-0.080691	0.182022	0.028824	-0.049877	0.106703	0.016202	0.000927	-0.006973	0.012688	-0.009725	-0.011281
2024-08-20 21:03:33.515000	0.352969	-0.581718	0.168553	-0.103210	0.869345	0.287627	0.456179	-0.582959	0.019672	-0.191665	0.306867	0.262845	0.189281	0.286386	0.307298	0.264515	-0.044022	-0.073564	0.163689	0.020912	-0.042784	0.088455	0.012602	0.000391	-0.005981	0.009080	-0.010258	-0.010284
2024-08-20 21:03:33.777000	0.341638	-0.587847	0.175158	-0.116767	0.871094	0.283247	0.458405	-0.583004	0.019621	-0.191750	0.308616	0.258466	0.191506	0.288090	0.302868	0.266655	-0.050150	-0.066959	0.150131	0.014778	-0.036213	0.074982	0.010147	-0.000058	-0.005063	0.006616	-0.010704	-0.009361
2024-08-20 21:03:34.040000	0.346807	-0.580225	0.165079	-0.100528	0.862481	0.282256	0.447335	-0.583049	0.019570	-0.191835	0.300002	0.257474	0.180436	0.279432	0.301826	0.255500	-0.042528	-0.077038	0.166371	0.022394	-0.046326	0.091307	0.012742	0.000535	-0.006476	0.009203	-0.010108	-0.010770
2024-08-20 21:03:34.302000	0.348695	-0.586508	0.166073	-0.105588	0.874718	0.288210	0.454283	-0.583093	0.019519	-0.191920	0.312240	0.263429	0.187384	0.291625	0.307730	0.262363	-0.048811	-0.076044	0.161311	0.016105	-0.045367	0.086332	0.010808	-0.000146	-0.006342	0.007260	-0.010786	-0.010631
2024-08-20 21:03:34.564000	0.324442	-0.596890	0.176902	-0.131278	0.875707	0.278817	0.455719	-0.583138	0.019469	-0.192005	0.313229	0.254035	0.188821	0.292569	0.298286	0.263714	-0.059193	-0.065215	0.135621	0.005716	-0.034571	0.060727	0.006052	-0.000814	-0.004833	0.002495	-0.011450	-0.009117
2024-08-20 21:03:34.826000	0.322155	-0.596622	0.175804	-0.131490	0.874464	0.277842	0.453646	-0.583182	0.019418	-0.192090	0.311986	0.253060	0.186747	0.291282	0.297260	0.261556	-0.058926	-0.066313	0.135408	0.005978	-0.035704	0.060599	0.005858	-0.000762	-0.004991	0.002293	-0.011396	-0.009271
2024-08-20 21:03:35.088000	0.364301	-0.576233	0.162524	-0.086342	0.864353	0.288119	0.450643	-0.583227	0.019367	-0.192175	0.301874	0.263338	0.183745	0.281126	0.307486	0.258468	-0.038537	-0.079593	0.180556	0.026361	-0.049018	0.105833	0.015744	0.000621	-0.006853	0.012170	-0.010009	-0.011127
2024-08-20 21:03:35.350000	0.330406	-0.586441	0.172916	-0.121198	0.865129	0.278688	0.451604	-0.583272	0.019316	-0.192260	0.302650	0.253906	0.184705	0.281857	0.298004	0.259344	-0.048744	-0.069201	0.145700	0.016147	-0.038660	0.071062	0.009179	0.000276	-0.005405	0.005596	-0.010351	-0.009674
2024-08-20 21:03:35.612000	0.362114	-0.574802	0.153986	-0.083011	0.865942	0.291140	0.445125	-0.583316	0.019266	-0.192345	0.303463	0.266358	0.178227	0.282625	0.310405	0.252780	-0.037105	-0.088131	0.183887	0.027780	-0.057625	0.109334	0.015023	0.000792	-0.008056	0.011432	-0.009832	-0.012321
2024-08-20 21:03:35.875000	0.356349	-0.574580	0.152549	-0.084390	0.862770	0.288190	0.440739	-0.583361	0.019214	-0.192431	0.300292	0.263408	0.173841	0.279409	0.307404	0.248308	-0.036884	-0.089568	0.182508	0.027995	-0.059096	0.108041	0.014532	0.000878	-0.008262	0.010932	-0.009742	-0.012522
2024-08-20 21:03:36.137000	0.342035	-0.588537	0.163130	-0.108731	0.876173	0.287636	0.450767	-0.583405	0.019164	-0.192516	0.313695	0.262855	0.183868	0.292768	0.306800	0.258250	-0.050840	-0.078987	0.158167	0.014032	-0.048550	0.083785	0.009324	-0.000302	-0.006787	0.005716	-0.010919	-0.011042
2024-08-20 21:03:36.399000	0.333189	-0.586657	0.164418	-0.114415	0.869843	0.283186	0.447603	-0.583450	0.019113	-0.192602	0.307365	0.258404	0.180705	0.286393	0.302299	0.255002	-0.048960	-0.077699	0.152484	0.015906	-0.047297	0.078187	0.008839	0.000112	-0.006612	0.005222	-0.010503	-0.010862
2024-08-20 21:03:36.661000	0.341737	-0.590211	0.161411	-0.104204	0.874741	0.284530	0.445941	-0.583495	0.019062	-0.192687	0.312262	0.259749	0.179042	0.291246	0.303592	0.253254	-0.052514	-0.080706	0.162695	0.012346	-0.050338	0.088483	0.009569	-0.000656	-0.007037	0.005943	-0.011267	-0.011283
2024-08-20 21:03:36.923000	0.338656	-0.581651	0.169885	-0.118237	0.868660	0.287009	0.456893	-0.583539	0.019011	-0.192773	0.306182	0.262227	0.189995	0.285121	0.306019	0.264121	-0.043955	-0.072232	0.148661	0.020898	-0.041899	0.074535	0.010102	0.000828	-0.005857	0.006468	-0.009780	-0.010098
2024-08-20 21:03:37.185000	0.335376	-0.581394	0.165809	-0.115165	0.866125	0.284732	0.450541	-0.583584	0.018960	-0.192858	0.303647	0.259950	0.183642	0.282542	0.303691	0.257682	-0.043697	-0.076308	0.151734	0.021149	-0.046009	0.077693	0.009963	0.000805	-0.006432	0.006321	-0.009799	-0.010668
2024-08-20 21:03:37.447000	0.339650	-0.579267	0.157360	-0.101157	0.862713	0.283446	0.440806	-0.583628	0.018909	-0.192944	0.300235	0.258665	0.173908	0.279085	0.302355	0.247863	-0.041570	-0.084757	0.165742	0.023270	-0.054492	0.091787	0.011426	0.000726	-0.007618	0.007775	-0.009875	-0.011849
2024-08-20 21:03:37.710000	0.311818	-0.593924	0.171564	-0.136814	0.870991	0.277067	0.448632	-0.583673	0.018857	-0.193030	0.308513	0.252286	0.181733	0.287318	0.295925	0.255602	-0.056227	-0.070553	0.130085	0.008606	-0.040323	0.056216	0.004616	-0.000223	-0.005637	0.000957	-0.010821	-0.009863
2024-08-20 21:03:37.972000	0.322454	-0.588192	0.167240	-0.127926	0.871331	0.283139	0.450380	-0.583717	0.018806	-0.193116	0.308853	0.258358	0.183481	0.287614	0.301946	0.257264	-0.050495	-0.074876	0.138972	0.014332	-0.044681	0.065189	0.006559	0.000293	-0.006246	0.002891	-0.010302	-0.010468
2024-08-20 21:03:38.234000	0.352472	-0.566819	0.156769	-0.092558	0.855081	0.288262	0.445030	-0.583762	0.018755	-0.193202	0.292603	0.263480	0.178132	0.271319	0.307017	0.251829	-0.029123	-0.085348	0.174341	0.035697	-0.055188	0.100644	0.015292	0.002089	-0.007715	0.011615	-0.008502	-0.011932
2024-08-20 21:03:38.496000	0.346011	-0.578433	0.161918	-0.101248	0.863774	0.285342	0.447259	-0.583806	0.018704	-0.193287	0.301296	0.260560	0.180361	0.279968	0.304046	0.253972	-0.040736	-0.080199	0.165651	0.024077	-0.050074	0.092039	0.012474	0.000775	-0.007000	0.008789	-0.009813	-0.011212
2024-08-20 21:03:38.758000	0.345415	-0.577099	0.155178	-0.091001	0.858337	0.281238	0.436416	-0.583850	0.018653	-0.193373	0.295858	0.256456	0.169518	0.274486	0.299891	0.243043	-0.039402	-0.086939	0.175897	0.025404	-0.056848	0.102372	0.013398	0.000694	-0.007947	0.009704	-0.009891	-0.012154
2024-08-20 21:03:39.020000	0.348993	-0.579885	0.159154	-0.095458	0.865182	0.285297	0.444451	-0.583895	0.018601	-0.193459	0.302704	0.260515	0.177553	0.281287	0.303898	0.250992	-0.042188	-0.082963	0.171441	0.022611	-0.052906	0.098001	0.012801	0.000422	-0.007396	0.009098	-0.010160	-0.011598
2024-08-20 21:03:39.282000	0.360027	-0.572108	0.156625	-0.081130	0.856641	0.284532	0.441157	-0.583939	0.018550	-0.193545	0.294162	0.259751	0.174258	0.272702	0.303082	0.247612	-0.034412	-0.085492	0.185768	0.030381	-0.055471	0.112415	0.016509	0.001012	-0.007755	0.012799	-0.009567	-0.011952
2024-08-20 21:03:39.545000	0.335674	-0.581739	0.159095	-0.104802	0.863120	0.281381	0.440476	-0.583984	0.018499	-0.193632	0.300642	0.256599	0.173577	0.279136	0.299880	0.246844	-0.044042	-0.083022	0.162097	0.020743	-0.053036	0.088830	0.010672	0.000472	-0.007414	0.006952	-0.010103	-0.011607
2024-08-20 21:03:39.807000	0.339153	-0.579746	0.157151	-0.103758	0.865505	0.285759	0.442910	-0.584028	0.018447	-0.193718	0.303026	0.260977	0.176012	0.281477	0.304206	0.249192	-0.042049	-0.084966	0.163141	0.022730	-0.055014	0.089960	0.010876	0.000720	-0.007691	0.007148	-0.009852	-0.011878
2024-08-20 21:03:40.069000	0.353466	-0.571449	0.156222	-0.087062	0.855756	0.284306	0.440528	-0.584072	0.018396	-0.193804	0.293277	0.259525	0.173630	0.271683	0.302702	0.246724	-0.033752	-0.085895	0.179837	0.031019	-0.055978	0.106742	0.015443	0.001284	-0.007826	0.011706	-0.009284	-0.012008
2024-08-20 21:03:40.331000	0.354759	-0.575137	0.159035	-0.087741	0.858602	0.283465	0.442500	-0.584117	0.018345	-0.193890	0.296123	0.258683	0.175601	0.274485	0.301810	0.248610	-0.037440	-0.083082	0.179157	0.027325	-0.053200	0.106149	0.015179	0.000785	-0.007437	0.011434	-0.009780	-0.011615
2024-08-20 21:03:40.593000	0.349987	-0.575425	0.156724	-0.090358	0.859046	0.283621	0.440345	-0.584161	0.018293	-0.193977	0.296568	0.258839	0.173446	0.274885	0.301914	0.246368	-0.037728	-0.085393	0.176541	0.027029	-0.055546	0.103619	0.014188	0.000853	-0.007765	0.010435	-0.009708	-0.011938
2024-08-20 21:03:40.855000	0.343725	-0.575626	0.152882	-0.093658	0.860127	0.284501	0.437383	-0.584205	0.018242	-0.194063	0.297649	0.259720	0.170485	0.275922	0.302743	0.243320	-0.037929	-0.089235	0.173240	0.026821	-0.059423	0.100405	0.012788	0.000973	-0.008307	0.009026	-0.009586	-0.012475
2024-08-20 21:03:41.117000	0.322454	-0.583958	0.167588	-0.124048	0.862871	0.278913	0.446501	-0.584250	0.018190	-0.194150	0.300393	0.254131	0.179603	0.278622	0.297103	0.252352	-0.046262	-0.074529	0.142851	0.018481	-0.044751	0.070102	0.008256	0.000683	-0.006256	0.004485	-0.009872	-0.010419
2024-08-20 21:03:41.380000	0.348298	-0.581152	0.160302	-0.098459	0.867606	0.286455	0.446757	-0.584294	0.018138	-0.194236	0.305128	0.261673	0.179858	0.283312	0.304593	0.252521	-0.043455	-0.081815	0.168439	0.021281	-0.052072	0.095777	0.012288	0.000308	-0.007280	0.008509	-0.010243	-0.011438
2024-08-20 21:03:41.642000	0.320565	-0.584937	0.169755	-0.129924	0.865670	0.280733	0.450489	-0.584338	0.018087	-0.194323	0.303192	0.255952	0.183590	0.281332	0.298820	0.256166	-0.047240	-0.072362	0.136975	0.017488	-0.042654	0.064399	0.007382	0.000713	-0.005963	0.003594	-0.009836	-0.010116
2024-08-20 21:03:41.904000	0.362015	-0.567690	0.153086	-0.081794	0.858413	0.290723	0.443809	-0.584382	0.018035	-0.194410	0.295934	0.265942	0.176911	0.274030	0.308758	0.249400	-0.029993	-0.089031	0.185104	0.034728	-0.059359	0.112615	0.016605	0.001623	-0.008298	0.012809	-0.008922	-0.012447
2024-08-20 21:03:42.166000	0.318378	-0.588928	0.170049	-0.129853	0.867111	0.278182	0.448231	-0.584427	0.017984	-0.194496	0.304632	0.253401	0.181332	0.282684	0.296166	0.253735	-0.051232	-0.072068	0.137046	0.013482	-0.042431	0.064643	0.006729	0.000173	-0.005932	0.002925	-0.010368	-0.010075
2024-08-20 21:03:42.428000	0.325038	-0.577753	0.158637	-0.114800	0.858953	0.281201	0.439838	-0.584471	0.017932	-0.194583	0.296475	0.256419	0.172939	0.274482	0.299133	0.245255	-0.040056	-0.083480	0.152099	0.024650	-0.053877	0.079783	0.009499	0.001288	-0.007532	0.005686	-0.009250	-0.011670
2024-08-20 21:03:42.690000	0.347999	-0.568478	0.154323	-0.092462	0.854615	0.286138	0.440461	-0.584515	0.017880	-0.194670	0.292137	0.261356	0.173562	0.270100	0.304018	0.245791	-0.030781	-0.087793	0.174437	0.033918	-0.058227	0.102208	0.014678	0.001838	-0.008140	0.010856	-0.008697	-0.012274
2024-08-20 21:03:42.952000	0.329610	-0.586029	0.166182	-0.117452	0.866909	0.280880	0.447062	-0.584559	0.017829	-0.194757	0.304431	0.256099	0.180163	0.282350	0.298709	0.252305	-0.048332	-0.075935	0.149447	0.016359	-0.046403	0.077305	0.008926	0.000190	-0.006487	0.005096	-0.010342	-0.010616
2024-08-20 21:03:43.215000	0.353069	-0.579432	0.161391	-0.093704	0.864813	0.285382	0.446773	-0.584604	0.017777	-0.194844	0.302335	0.260600	0.179874	0.280210	0.303158	0.251929	-0.041735	-0.080726	0.173195	0.022949	-0.051230	0.101140	0.013787	0.000346	-0.007162	0.009949	-0.010182	-0.011286
2024-08-20 21:03:43.477000	0.306848	-0.581080	0.163866	-0.131643	0.855704	0.274624	0.438490	-0.584648	0.017725	-0.194931	0.293226	0.249843	0.171592	0.271056	0.292349	0.243560	-0.043383	-0.078251	0.135256	0.021293	-0.048790	0.063288	0.006694	0.001319	-0.006821	0.002846	-0.009205	-0.010939
2024-08-20 21:03:43.739000	0.332791	-0.586487	0.164835	-0.114303	0.868746	0.282259	0.447094	-0.584692	0.017673	-0.195018	0.306268	0.257478	0.180196	0.284055	0.299932	0.252077	-0.048790	-0.077282	0.152595	0.015878	-0.047856	0.080715	0.009211	0.000033	-0.006690	0.005355	-0.010488	-0.010804
2024-08-20 21:03:44.001000	0.332195	-0.581492	0.158001	-0.111748	0.867433	0.285941	0.443943	-0.584736	0.017621	-0.195105	0.304955	0.261160	0.177044	0.282697	0.303563	0.248838	-0.043795	-0.084116	0.155151	0.020866	-0.054725	0.083357	0.009320	0.000683	-0.007651	0.005456	-0.009835	-0.011759
2024-08-20 21:03:44.263000	0.323348	-0.573432	0.153344	-0.111469	0.854905	0.281473	0.434817	-0.584780	0.017569	-0.195192	0.292426	0.256691	0.167919	0.270125	0.299042	0.239625	-0.035735	-0.088773	0.155430	0.028917	-0.059417	0.083723	0.009979	0.001787	-0.008306	0.006107	-0.008728	-0.012410
2024-08-20 21:03:44.525000	0.336071	-0.575986	0.158160	-0.104391	0.858289	0.282302	0.440463	-0.584824	0.017517	-0.195279	0.295810	0.257521	0.173564	0.273465	0.299820	0.245184	-0.038290	-0.083957	0.162507	0.026355	-0.054636	0.090888	0.011798	0.001164	-0.007638	0.007917	-0.009347	-0.011737
2024-08-20 21:03:44.787000	0.338159	-0.581487	0.167330	-0.108615	0.860930	0.279443	0.446773	-0.584868	0.017466	-0.195366	0.298452	0.254662	0.179875	0.276062	0.296909	0.251407	-0.043790	-0.074787	0.158284	0.020847	-0.045502	0.086752	0.011741	0.000468	-0.006361	0.007852	-0.010039	-0.010455
2024-08-20 21:03:45.050000	0.337960	-0.570429	0.150333	-0.098307	0.856364	0.285935	0.436267	-0.584912	0.017413	-0.195454	0.293886	0.261153	0.169369	0.271452	0.303348	0.240813	-0.032733	-0.091784	0.168591	0.031896	-0.062535	0.097147	0.012505	0.001783	-0.008742	0.008607	-0.008721	-0.012831
2024-08-20 21:03:45.312000	0.339948	-0.572912	0.147853	-0.092304	0.857312	0.284400	0.432252	-0.584956	0.017361	-0.195541	0.294833	0.259618	0.165354	0.272355	0.301761	0.236711	-0.035215	-0.094264	0.174594	0.029406	-0.065050	0.103237	0.012727	0.001286	-0.009094	0.008821	-0.009215	-0.013178
2024-08-20 21:03:45.574000	0.337662	-0.581584	0.165267	-0.108437	0.862416	0.280832	0.446099	-0.585000	0.017309	-0.195629	0.299938	0.256050	0.179200	0.277415	0.298141	0.250470	-0.043888	-0.076850	0.158461	0.020725	-0.047671	0.087192	0.011386	0.000462	-0.006664	0.007471	-0.010035	-0.010744
2024-08-20 21:03:45.836000	0.319770	-0.585627	0.163031	-0.121178	0.863544	0.277917	0.440948	-0.585044	0.017257	-0.195716	0.301066	0.253135	0.174049	0.278500	0.295174	0.245232	-0.047930	-0.079086	0.145720	0.016675	-0.049943	0.074538	0.007773	0.000360	-0.006982	0.003850	-0.010133	-0.011056
2024-08-20 21:03:46.098000	0.332592	-0.592585	0.176097	-0.122496	0.871576	0.278992	0.455089	-0.585088	0.017205	-0.195804	0.309098	0.254210	0.188190	0.286488	0.296197	0.259285	-0.054888	-0.066020	0.144402	0.009709	-0.036912	0.073307	0.008753	-0.000666	-0.005160	0.004821	-0.011156	-0.009230
2024-08-20 21:03:46.360000	0.313806	-0.597081	0.171102	-0.133655	0.873440	0.276359	0.447461	-0.585132	0.017153	-0.195891	0.310961	0.251577	0.180563	0.288307	0.293512	0.251570	-0.059384	-0.071015	0.133243	0.005205	-0.041942	0.062236	0.004829	-0.000847	-0.005864	0.000889	-0.011334	-0.009928
2024-08-20 21:03:46.622000	0.347204	-0.586374	0.161356	-0.101167	0.873389	0.287015	0.448371	-0.585176	0.017101	-0.195979	0.310910	0.262233	0.181472	0.288213	0.304116	0.252392	-0.048677	-0.080761	0.165732	0.015903	-0.051724	0.094812	0.011174	-0.000374	-0.007231	0.007225	-0.010857	-0.011290
2024-08-20 21:03:46.885000	0.327622	-0.583881	0.157892	-0.115495	0.869106	0.285225	0.443117	-0.585220	0.017049	-0.196067	0.306628	0.260443	0.176218	0.283886	0.302274	0.247050	-0.046185	-0.084225	0.151404	0.018388	-0.055224	0.080572	0.008232	0.000451	-0.007720	0.004274	-0.010028	-0.011775
2024-08-20 21:03:47.147000	0.343228	-0.577856	0.164204	-0.103078	0.859958	0.282103	0.446306	-0.585264	0.016996	-0.196155	0.297480	0.257321	0.179408	0.274694	0.299099	0.250152	-0.040159	-0.077913	0.163820	0.024405	-0.048947	0.093077	0.012950	0.000773	-0.006843	0.008984	-0.009703	-0.010892
2024-08-20 21:03:47.409000	0.322255	-0.592734	0.167718	-0.125797	0.873068	0.280334	0.448052	-0.585308	0.016944	-0.196243	0.310590	0.255552	0.181153	0.287760	0.297278	0.251809	-0.055037	-0.074399	0.141102	0.009518	-0.045469	0.070446	0.006524	-0.000503	-0.006357	0.002549	-0.010975	-0.010401
2024-08-20 21:03:47.671000	0.332095	-0.589284	0.159984	-0.110709	0.872103	0.282820	0.442804	-0.585352	0.016892	-0.196330	0.309625	0.258038	0.175905	0.286751	0.299712	0.246474	-0.051587	-0.082133	0.156190	0.012960	-0.053238	0.085622	0.008576	-0.000450	-0.007443	0.004594	-0.010919	-0.011482
2024-08-20 21:03:47.933000	0.329909	-0.590082	0.171351	-0.124438	0.873078	0.282996	0.454347	-0.585396	0.016840	-0.196418	0.310599	0.258214	0.187448	0.287682	0.299836	0.257928	-0.052385	-0.070766	0.142460	0.012154	-0.041907	0.071980	0.007991	-0.000244	-0.005859	0.004000	-0.010709	-0.009893
2024-08-20 21:03:48.195000	0.336966	-0.586575	0.164353	-0.112554	0.871742	0.285167	0.449520	-0.585440	0.016787	-0.196506	0.309263	0.260385	0.182621	0.286302	0.301954	0.253014	-0.048878	-0.077764	0.154345	0.015652	-0.048941	0.083952	0.009581	-0.000089	-0.006842	0.005582	-0.010551	-0.010871
2024-08-20 21:03:48.457000	0.310625	-0.594928	0.168940	-0.136606	0.873219	0.278291	0.447231	-0.585484	0.016735	-0.196594	0.310740	0.253509	0.180333	0.287735	0.295026	0.250637	-0.057231	-0.073177	0.130292	0.007290	-0.044389	0.059988	0.004314	-0.000472	-0.006206	0.000306	-0.010930	-0.010230
2024-08-20 21:03:48.720000	0.335177	-0.588769	0.172991	-0.121827	0.872782	0.284013	0.457004	-0.585528	0.016682	-0.196683	0.310303	0.259231	0.190105	0.287254	0.300695	0.260321	-0.051072	-0.069126	0.145072	0.013441	-0.040374	0.074856	0.009075	-0.000184	-0.005644	0.005059	-0.010639	-0.009664
2024-08-20 21:03:48.982000	0.328119	-0.593048	0.169696	-0.121726	0.873198	0.280149	0.449845	-0.585571	0.016630	-0.196771	0.310719	0.255368	0.182946	0.287626	0.296779	0.253074	-0.055352	-0.072421	0.145173	0.009153	-0.043705	0.075045	0.007677	-0.000719	-0.006110	0.003652	-0.011170	-0.010124
2024-08-20 21:03:49.244000	0.320068	-0.578762	0.159592	-0.120549	0.859788	0.281026	0.440617	-0.585615	0.016577	-0.196859	0.297310	0.256244	0.173719	0.274173	0.297603	0.243758	-0.041065	-0.082525	0.146349	0.023430	-0.053845	0.076310	0.008614	0.001239	-0.007528	0.004580	-0.009209	-0.011537
2024-08-20 21:03:49.506000	0.329113	-0.589330	0.171420	-0.124088	0.871111	0.281781	0.453202	-0.585659	0.016525	-0.196947	0.308633	0.257000	0.186303	0.285453	0.298306	0.256254	-0.051633	-0.070697	0.142810	0.012854	-0.042052	0.072859	0.008261	-0.000178	-0.005879	0.004219	-0.010622	-0.009883
2024-08-20 21:03:49.768000	0.316688	-0.595417	0.172573	-0.133341	0.872873	0.277456	0.450029	-0.585703	0.016472	-0.197036	0.310395	0.252674	0.183131	0.287171	0.293929	0.252994	-0.057721	-0.069544	0.133558	0.006758	-0.040935	0.063695	0.005590	-0.000700	-0.005723	0.001540	-0.011141	-0.009722
2024-08-20 21:03:50.030000	0.332493	-0.588836	0.162102	-0.112032	0.871259	0.282423	0.444525	-0.585746	0.016420	-0.197124	0.308780	0.257642	0.177626	0.285513	0.298843	0.247401	-0.051139	-0.080015	0.154867	0.013331	-0.051442	0.085092	0.008889	-0.000404	-0.007192	0.004830	-0.010841	-0.011186
2024-08-20 21:03:50.292000	0.325933	-0.598085	0.178035	-0.129412	0.875394	0.277309	0.455344	-0.585790	0.016367	-0.197212	0.312916	0.252527	0.188446	0.289604	0.293676	0.258132	-0.060388	-0.064082	0.137487	0.004072	-0.035544	0.067801	0.006916	-0.001248	-0.004969	0.002849	-0.011681	-0.008959
2024-08-20 21:03:50.555000	0.320664	-0.588959	0.159905	-0.117163	0.866881	0.277922	0.437827	-0.585834	0.016315	-0.197301	0.304403	0.253141	0.170928	0.281048	0.294237	0.240526	-0.051262	-0.082212	0.149736	0.013189	-0.053711	0.080139	0.007477	-0.000238	-0.007509	0.003401	-0.010667	-0.011493
2024-08-20 21:03:50.817000	0.328915	-0.595186	0.166540	-0.118278	0.875838	0.280653	0.447193	-0.585877	0.016262	-0.197390	0.313360	0.255871	0.180294	0.289961	0.296915	0.249803	-0.057489	-0.075577	0.148621	0.006954	-0.047112	0.079112	0.007394	-0.001102	-0.006586	0.003310	-0.011528	-0.010566
2024-08-20 21:03:51.079000	0.346111	-0.584582	0.160561	-0.099985	0.870117	0.285535	0.446096	-0.585921	0.016209	-0.197478	0.307639	0.260754	0.179198	0.284196	0.301745	0.248618	-0.046885	-0.081556	0.166913	0.017549	-0.053127	0.097493	0.011723	-0.000228	-0.007427	0.007631	-0.010650	-0.011402
2024-08-20 21:03:51.341000	0.351379	-0.584092	0.160039	-0.098064	0.873496	0.289404	0.449443	-0.585965	0.016157	-0.197567	0.311018	0.264622	0.182544	0.287532	0.305561	0.251876	-0.046396	-0.082078	0.168835	0.018029	-0.053685	0.099503	0.012090	-0.000223	-0.007505	0.007990	-0.010641	-0.011474
2024-08-20 21:03:51.603000	0.318577	-0.599728	0.170242	-0.134178	0.882240	0.282512	0.452755	-0.586008	0.016104	-0.197656	0.319762	0.257731	0.185856	0.296232	0.298616	0.255099	-0.062031	-0.071875	0.132721	0.002384	-0.043517	0.063478	0.004242	-0.001242	-0.006084	0.000133	-0.011657	-0.010048
2024-08-20 21:03:51.865000	0.318478	-0.592580	0.168940	-0.130948	0.873065	0.280485	0.449426	-0.586052	0.016051	-0.197744	0.310587	0.255704	0.182527	0.287013	0.296536	0.251681	-0.054883	-0.073177	0.135951	0.009523	-0.044855	0.066797	0.005943	-0.000391	-0.006271	0.001826	-0.010803	-0.010230
2024-08-20 21:03:52.127000	0.332195	-0.599110	0.168617	-0.119074	0.881761	0.282652	0.451269	-0.586095	0.015998	-0.197833	0.319283	0.257870	0.184370	0.295666	0.298650	0.253436	-0.061413	-0.073500	0.147825	0.002984	-0.045214	0.078759	0.006956	-0.001636	-0.006321	0.002830	-0.012043	-0.010275
2024-08-20 21:03:52.390000	0.325833	-0.592765	0.164910	-0.124991	0.878679	0.285914	0.450824	-0.586139	0.015945	-0.197922	0.316201	0.261133	0.183925	0.292540	0.301860	0.252901	-0.055068	-0.077207	0.141908	0.009319	-0.048958	0.072932	0.006292	-0.000570	-0.006844	0.002158	-0.010974	-0.010794
2024-08-20 21:03:52.652000	0.350981	-0.576373	0.155521	-0.094540	0.866373	0.290000	0.445522	-0.586183	0.015892	-0.198011	0.303895	0.265219	0.178623	0.280190	0.305893	0.247510	-0.038676	-0.086596	0.172358	0.025703	-0.058383	0.103471	0.013369	0.000715	-0.008162	0.009226	-0.009685	-0.012106
2024-08-20 21:03:52.914000	0.320565	-0.602102	0.181390	-0.140297	0.881574	0.279472	0.460862	-0.586226	0.015840	-0.198100	0.319096	0.254690	0.193963	0.295348	0.295312	0.262762	-0.064405	-0.060727	0.126602	-0.000036	-0.032550	0.057803	0.004815	-0.001501	-0.004550	0.000664	-0.011898	-0.008490
2024-08-20 21:03:53.176000	0.361816	-0.580168	0.161257	-0.091564	0.872292	0.292124	0.453380	-0.586270	0.015787	-0.198189	0.309813	0.267342	0.186482	0.286022	0.307910	0.255191	-0.042471	-0.080860	0.175334	0.021888	-0.052720	0.106625	0.014356	0.000046	-0.007370	0.010196	-0.010346	-0.011304
2024-08-20 21:03:53.438000	0.317682	-0.603899	0.177275	-0.143329	0.887636	0.283736	0.461011	-0.586313	0.015734	-0.198279	0.325157	0.258955	0.194113	0.301322	0.299470	0.262733	-0.066203	-0.064842	0.123570	-0.001852	-0.036737	0.054950	0.003126	-0.001602	-0.005136	-0.001042	-0.011991	-0.009065
2024-08-20 21:03:53.700000	0.340644	-0.596870	0.174223	-0.121690	0.884980	0.288111	0.462334	-0.586357	0.015681	-0.198368	0.322502	0.263329	0.195435	0.298624	0.303791	0.263966	-0.059173	-0.067894	0.145208	0.005168	-0.039825	0.076678	0.007998	-0.001341	-0.005568	0.003822	-0.011726	-0.009492
2024-08-20 21:03:53.962000	0.316987	-0.604801	0.184238	-0.146188	0.883738	0.278937	0.463175	-0.586400	0.015628	-0.198457	0.321259	0.254155	0.196276	0.297338	0.294565	0.264718	-0.067104	-0.057879	0.120710	-0.002773	-0.029847	0.052268	0.003767	-0.001715	-0.004173	-0.000418	-0.012096	-0.008091
2024-08-20 21:03:54.224000	0.342035	-0.588238	0.162554	-0.107378	0.875097	0.286859	0.449413	-0.586443	0.015575	-0.198546	0.312619	0.262078	0.182514	0.288654	0.302434	0.250867	-0.050541	-0.079563	0.159521	0.013780	-0.051567	0.091169	0.010113	-0.000539	-0.007209	0.005920	-0.010917	-0.011123
2024-08-20 21:03:54.487000	0.310426	-0.590978	0.163816	-0.135825	0.873413	0.282435	0.446251	-0.586487	0.015522	-0.198636	0.310935	0.257654	0.179353	0.286926	0.297957	0.247616	-0.053281	-0.078301	0.131073	0.011031	-0.050341	0.062810	0.004403	-0.000003	-0.007038	0.000202	-0.010377	-0.010946
2024-08-20 21:03:54.749000	0.330008	-0.595639	0.172240	-0.127658	0.881064	0.285425	0.457666	-0.586530	0.015468	-0.198725	0.318586	0.260644	0.190767	0.294534	0.300894	0.258940	-0.057942	-0.069877	0.139241	0.006360	-0.041953	0.071068	0.006734	-0.000979	-0.005865	0.002524	-0.011349	-0.009769
2024-08-20 21:03:55.011000	0.342632	-0.585843	0.161038	-0.105699	0.873137	0.287293	0.448331	-0.586574	0.015415	-0.198815	0.310658	0.262512	0.181433	0.286563	0.302709	0.249517	-0.048147	-0.081079	0.161199	0.016146	-0.053192	0.093115	0.010612	-0.000271	-0.007436	0.006394	-0.010638	-0.011335
2024-08-20 21:03:55.273000	0.321460	-0.597673	0.167698	-0.125057	0.876491	0.278818	0.446516	-0.586617	0.015362	-0.198904	0.314013	0.254037	0.179618	0.289874	0.294181	0.247612	-0.059976	-0.074419	0.141842	0.004306	-0.046569	0.073847	0.005999	-0.001288	-0.006510	0.001773	-0.011651	-0.010404
2024-08-20 21:03:55.535000	0.318080	-0.604528	0.178274	-0.142710	0.887044	0.282516	0.460790	-0.586660	0.015309	-0.198994	0.324566	0.257735	0.193892	0.300384	0.297825	0.261797	-0.066831	-0.063843	0.124188	-0.002558	-0.036029	0.056283	0.003387	-0.001746	-0.005037	-0.000847	-0.012105	-0.008925
2024-08-20 21:03:55.797000	0.314899	-0.606201	0.177205	-0.145646	0.889541	0.283340	0.460545	-0.586704	0.015256	-0.199083	0.327063	0.258558	0.193647	0.302837	0.298596	0.261462	-0.068505	-0.064912	0.121253	-0.004242	-0.037134	0.053437	0.002318	-0.001865	-0.005191	-0.001925	-0.012220	-0.009075
2024-08-20 21:03:56.060000	0.315694	-0.604857	0.177638	-0.144079	0.886993	0.282136	0.459774	-0.586747	0.015202	-0.199173	0.324515	0.257354	0.192875	0.300246	0.297338	0.260600	-0.067160	-0.064479	0.122819	-0.002908	-0.036738	0.055094	0.002958	-0.001746	-0.005136	-0.001293	-0.012098	-0.009014
2024-08-20 21:03:56.322000	0.345117	-0.598497	0.175386	-0.117528	0.885755	0.287258	0.462644	-0.586790	0.015149	-0.199263	0.323277	0.262477	0.195746	0.298965	0.302407	0.263382	-0.060800	-0.066731	0.149371	0.003443	-0.039026	0.081735	0.008802	-0.001740	-0.005456	0.004542	-0.012088	-0.009329
2024-08-20 21:03:56.584000	0.357144	-0.591689	0.165088	-0.099904	0.883649	0.291960	0.457049	-0.586834	0.015096	-0.199353	0.321170	0.267178	0.190150	0.296815	0.307056	0.257696	-0.053992	-0.077028	0.166994	0.010241	-0.049360	0.099448	0.011469	-0.001298	-0.006901	0.007201	-0.011641	-0.010769
2024-08-20 21:03:56.846000	0.298001	-0.621574	0.191499	-0.172050	0.900127	0.278553	0.470052	-0.586877	0.015043	-0.199442	0.337648	0.253771	0.203153	0.313250	0.293595	0.270609	-0.083877	-0.050618	0.094848	-0.019655	-0.022986	0.027392	-0.002809	-0.003219	-0.003213	-0.007086	-0.013559	-0.007076
2024-08-20 21:03:57.108000	0.326628	-0.603729	0.169074	-0.130938	0.892221	0.288492	0.457566	-0.586920	0.014989	-0.199532	0.329743	0.263710	0.190668	0.305301	0.303481	0.258034	-0.066033	-0.073043	0.135961	-0.001820	-0.045447	0.068594	0.004073	-0.001940	-0.006353	-0.000212	-0.012276	-0.010211
2024-08-20 21:03:57.370000	0.342334	-0.593162	0.161590	-0.111063	0.884969	0.291807	0.453397	-0.586963	0.014936	-0.199622	0.322491	0.267026	0.186498	0.298006	0.306743	0.253775	-0.055465	-0.080527	0.155835	0.008737	-0.052968	0.088559	0.008409	-0.001105	-0.007405	0.004116	-0.011437	-0.011258
2024-08-20 21:03:57.632000	0.307842	-0.608184	0.179392	-0.148561	0.885195	0.277011	0.456403	-0.587006	0.014882	-0.199712	0.322717	0.252229	0.189504	0.298189	0.291893	0.256691	-0.070487	-0.062725	0.118337	-0.006295	-0.035202	0.051151	0.001870	-0.002084	-0.004921	-0.002431	-0.012412	-0.008769
2024-08-20 21:03:57.894000	0.338954	-0.606474	0.178736	-0.127647	0.894340	0.287865	0.466601	-0.587049	0.014829	-0.199802	0.331861	0.263084	0.199703	0.307290	0.302694	0.266799	-0.068778	-0.063381	0.139251	-0.004596	-0.035895	0.072155	0.006078	-0.002528	-0.005018	0.001769	-0.012853	-0.008861
2024-08-20 21:03:58.157000	0.314999	-0.606660	0.175530	-0.139364	0.885492	0.278832	0.454363	-0.587093	0.014775	-0.199893	0.323014	0.254051	0.187464	0.298399	0.293608	0.254470	-0.068963	-0.066586	0.127534	-0.004792	-0.039137	0.060528	0.003190	-0.002143	-0.005471	-0.001128	-0.012464	-0.009309
2024-08-20 21:03:58.419000	0.335972	-0.595639	0.163478	-0.114841	0.882973	0.287334	0.450813	-0.587136	0.014722	-0.199983	0.320495	0.262553	0.183914	0.295837	0.302056	0.250830	-0.057942	-0.078639	0.152058	0.006219	-0.051226	0.085142	0.007623	-0.001347	-0.007161	0.003296	-0.011664	-0.010994
2024-08-20 21:03:58.681000	0.304164	-0.616264	0.188348	-0.158529	0.890609	0.274345	0.462693	-0.587179	0.014668	-0.200073	0.328131	0.249563	0.195794	0.303430	0.289013	0.262620	-0.078568	-0.053769	0.108370	-0.014417	-0.026393	0.041544	0.000219	-0.002945	-0.003690	-0.004116	-0.013258	-0.007517
2024-08-20 21:03:58.943000	0.347105	-0.600258	0.167911	-0.113340	0.892791	0.292533	0.460445	-0.587222	0.014615	-0.200163	0.330313	0.267752	0.193546	0.305570	0.307148	0.260281	-0.062562	-0.074205	0.153559	0.001578	-0.046866	0.086823	0.007924	-0.002062	-0.006552	0.003581	-0.012372	-0.010374
2024-08-20 21:03:59.205000	0.338954	-0.607921	0.181818	-0.131394	0.896452	0.288531	0.470348	-0.587265	0.014561	-0.200253	0.333974	0.263749	0.203450	0.309187	0.303092	0.270095	-0.070225	-0.060299	0.135504	-0.006096	-0.032997	0.068859	0.005726	-0.002652	-0.004613	0.001375	-0.012958	-0.008430
2024-08-20 21:03:59.467000	0.314203	-0.611717	0.176778	-0.143942	0.893085	0.281368	0.458146	-0.587308	0.014507	-0.200344	0.330606	0.256586	0.191247	0.305777	0.295875	0.257802	-0.074020	-0.065339	0.122956	-0.009902	-0.038073	0.056401	0.001657	-0.002697	-0.005323	-0.002703	-0.012998	-0.009134
2024-08-20 21:03:59.729000	0.323746	-0.613082	0.182667	-0.140338	0.894498	0.281416	0.464083	-0.587351	0.014454	-0.200434	0.332019	0.256634	0.197185	0.307147	0.295870	0.263649	-0.075385	-0.059450	0.126561	-0.011277	-0.032221	0.060097	0.003236	-0.003063	-0.004504	-0.001132	-0.013360	-0.008311
2024-08-20 21:03:59.992000	0.321957	-0.609765	0.175426	-0.138021	0.894316	0.284551	0.459977	-0.587394	0.014400	-0.200525	0.331838	0.259769	0.193079	0.306922	0.298951	0.259452	-0.072068	-0.066691	0.128878	-0.007971	-0.039499	0.062504	0.002910	-0.002622	-0.005522	-0.001466	-0.012916	-0.009323
2024-08-20 21:04:00.254000	0.330008	-0.612000	0.183627	-0.139704	0.898086	0.286085	0.469712	-0.587437	0.014346	-0.200616	0.335607	0.261304	0.202813	0.310649	0.300432	0.269096	-0.074304	-0.058490	0.127195	-0.010217	-0.031335	0.060912	0.003759	-0.002959	-0.004381	-0.000625	-0.013249	-0.008177
2024-08-20 21:04:00.516000	0.332592	-0.617578	0.186251	-0.138614	0.902533	0.284955	0.471206	-0.587480	0.014293	-0.200706	0.340055	0.260174	0.204308	0.315053	0.299248	0.270500	-0.079881	-0.055866	0.128285	-0.015805	-0.028748	0.062092	0.003448	-0.003764	-0.004019	-0.000945	-0.014049	-0.007810
2024-08-20 21:04:00.778000	0.344719	-0.600711	0.170879	-0.117229	0.891781	0.291069	0.461948	-0.587523	0.014239	-0.200797	0.329302	0.266288	0.195049	0.304258	0.305308	0.261151	-0.063015	-0.071238	0.149670	0.001050	-0.044157	0.083568	0.007723	-0.002058	-0.006173	0.003322	-0.012339	-0.009959
2024-08-20 21:04:01.040000	0.326529	-0.611712	0.174318	-0.131754	0.895677	0.283965	0.458283	-0.587565	0.014185	-0.200887	0.333199	0.259184	0.191385	0.308112	0.298150	0.257396	-0.074015	-0.067799	0.135144	-0.009961	-0.040755	0.069133	0.003571	-0.003085	-0.005698	-0.000838	-0.013362	-0.009478
2024-08-20 21:04:01.302000	0.322354	-0.612845	0.175525	-0.136809	0.896482	0.283638	0.459163	-0.587608	0.014131	-0.200978	0.334004	0.258856	0.192265	0.308874	0.297769	0.258185	-0.075148	-0.066591	0.130090	-0.011105	-0.039584	0.064169	0.002633	-0.003089	-0.005534	-0.001785	-0.013363	-0.009309
2024-08-20 21:04:01.564000	0.326330	-0.608220	0.172971	-0.131577	0.893156	0.284936	0.457907	-0.587651	0.014077	-0.201069	0.330678	0.260154	0.191008	0.305505	0.299013	0.256838	-0.070523	-0.069146	0.135322	-0.006492	-0.042175	0.069492	0.004009	-0.002622	-0.005896	-0.000417	-0.012892	-0.009667
2024-08-20 21:04:01.827000	0.318279	-0.618366	0.190798	-0.152044	0.897890	0.279525	0.470323	-0.587694	0.014023	-0.201160	0.335412	0.254743	0.203424	0.310196	0.293548	0.269163	-0.080669	-0.051319	0.114854	-0.016648	-0.024385	0.049116	0.001643	-0.003506	-0.003409	-0.002791	-0.013772	-0.007174
2024-08-20 21:04:02.089000	0.325933	-0.616228	0.178597	-0.136211	0.899775	0.283546	0.462143	-0.587737	0.013969	-0.201251	0.337296	0.258765	0.195245	0.312038	0.297516	0.260892	-0.078532	-0.063520	0.130688	-0.014522	-0.036623	0.065040	0.002736	-0.003601	-0.005120	-0.001706	-0.013863	-0.008880
2024-08-20 21:04:02.351000	0.344819	-0.596761	0.166232	-0.108701	0.884049	0.287288	0.453519	-0.587780	0.013915	-0.201342	0.321571	0.262506	0.186621	0.296270	0.301203	0.252177	-0.059065	-0.075885	0.158198	0.004934	-0.049026	0.092641	0.009245	-0.001783	-0.006854	0.004795	-0.012041	-0.010609
2024-08-20 21:04:02.613000	0.329213	-0.614673	0.174338	-0.133549	0.903097	0.288424	0.462762	-0.587822	0.013861	-0.201433	0.340619	0.263642	0.195863	0.315275	0.302285	0.261329	-0.076976	-0.067779	0.133350	-0.012989	-0.040957	0.067884	0.002732	-0.003442	-0.005726	-0.001727	-0.013696	-0.009476
2024-08-20 21:04:02.875000	0.312514	-0.615878	0.183179	-0.151294	0.896506	0.280628	0.463807	-0.587865	0.013807	-0.201524	0.334028	0.255847	0.196909	0.308641	0.294436	0.262283	-0.078181	-0.058938	0.115605	-0.014206	-0.032152	0.050230	0.000815	-0.003132	-0.004495	-0.003651	-0.013382	-0.008239
2024-08-20 21:04:03.137000	0.355355	-0.603297	0.172027	-0.112184	0.898809	0.295512	0.467539	-0.587908	0.013753	-0.201615	0.336331	0.270731	0.200640	0.310901	0.309266	0.265924	-0.065600	-0.070090	0.154715	-0.001636	-0.043342	0.089431	0.008506	-0.002610	-0.006059	0.004031	-0.012856	-0.009799
2024-08-20 21:04:03.399000	0.329113	-0.617552	0.174676	-0.130116	0.902106	0.284554	0.459230	-0.587950	0.013699	-0.201706	0.339628	0.259773	0.192331	0.314156	0.298254	0.257524	-0.079855	-0.067441	0.136782	-0.015902	-0.040730	0.071590	0.002946	-0.003948	-0.005694	-0.001537	-0.014190	-0.009428
2024-08-20 21:04:03.662000	0.305456	-0.620209	0.188621	-0.161946	0.898990	0.278781	0.467402	-0.587993	0.013645	-0.201798	0.336512	0.253999	0.200504	0.310997	0.292426	0.265604	-0.082513	-0.053495	0.104953	-0.018571	-0.026822	0.039852	-0.000958	-0.003434	-0.003750	-0.005449	-0.013672	-0.007479
2024-08-20 21:04:03.924000	0.335873	-0.617475	0.179392	-0.133179	0.907134	0.289659	0.469051	-0.588036	0.013591	-0.201889	0.344656	0.264878	0.202153	0.319098	0.303250	0.267162	-0.079778	-0.062725	0.133720	-0.015848	-0.036088	0.068710	0.003297	-0.003900	-0.005045	-0.001203	-0.014134	-0.008769
2024-08-20 21:04:04.186000	0.313011	-0.625364	0.188890	-0.157733	0.907218	0.281854	0.470743	-0.588078	0.013537	-0.201980	0.344740	0.257072	0.203845	0.319140	0.295390	0.268763	-0.087668	-0.053227	0.109166	-0.023749	-0.026628	0.044248	-0.001037	-0.004261	-0.003723	-0.005545	-0.014491	-0.007441
2024-08-20 21:04:04.448000	0.323448	-0.623423	0.185128	-0.144530	0.906274	0.282851	0.467978	-0.588121	0.013483	-0.202072	0.343795	0.258069	0.201080	0.318153	0.296333	0.265906	-0.085726	-0.056989	0.122368	-0.021819	-0.030427	0.057541	0.001139	-0.004392	-0.004254	-0.003378	-0.014618	-0.007967
2024-08-20 21:04:04.710000	0.317682	-0.626920	0.194123	-0.157723	0.908202	0.281282	0.475405	-0.588163	0.013428	-0.202163	0.345723	0.256500	0.208506	0.320038	0.294710	0.273242	-0.089223	-0.047994	0.109176	-0.025328	-0.021469	0.044441	-0.000300	-0.004534	-0.003001	-0.004824	-0.014755	-0.006710
2024-08-20 21:04:04.972000	0.312514	-0.623521	0.181877	-0.147598	0.901755	0.278234	0.460111	-0.588206	0.013374	-0.202255	0.339277	0.253453	0.193213	0.313549	0.291609	0.257857	-0.085824	-0.060240	0.119301	-0.021941	-0.033752	0.054657	-0.000076	-0.004278	-0.004719	-0.004609	-0.014496	-0.008422
2024-08-20 21:04:05.234000	0.300983	-0.618690	0.185630	-0.161373	0.895417	0.276727	0.462356	-0.588248	0.013320	-0.202346	0.332938	0.251945	0.195458	0.307168	0.290047	0.260010	-0.080993	-0.056487	0.105526	-0.017122	-0.030037	0.040973	-0.001092	-0.003243	-0.004199	-0.005633	-0.013456	-0.007897
2024-08-20 21:04:05.497000	0.331698	-0.613210	0.173001	-0.129179	0.901086	0.287876	0.460876	-0.588291	0.013266	-0.202438	0.338608	0.263094	0.193978	0.312795	0.301141	0.258438	-0.075514	-0.069116	0.137720	-0.011654	-0.042703	0.073260	0.003674	-0.003419	-0.005970	-0.000875	-0.013628	-0.009662
2024-08-20 21:04:05.759000	0.316092	-0.614709	0.173423	-0.139820	0.897198	0.282489	0.455912	-0.588333	0.013211	-0.202530	0.334720	0.257708	0.189014	0.308865	0.295700	0.253383	-0.077012	-0.068694	0.127078	-0.013165	-0.042318	0.062709	0.001446	-0.003283	-0.005916	-0.003112	-0.013488	-0.009603
2024-08-20 21:04:06.021000	0.325933	-0.601520	0.170491	-0.132743	0.889704	0.288184	0.458675	-0.588376	0.013157	-0.202622	0.327226	0.263403	0.191777	0.301329	0.301341	0.256054	-0.063823	-0.071626	0.134156	0.000013	-0.045288	0.069879	0.004689	-0.001741	-0.006331	0.000124	-0.011942	-0.010013
2024-08-20 21:04:06.283000	0.310625	-0.609436	0.170133	-0.140703	0.890630	0.281195	0.451328	-0.588418	0.013103	-0.202713	0.328152	0.256413	0.184429	0.302212	0.294297	0.248614	-0.071739	-0.071984	0.126196	-0.007915	-0.045683	0.062011	0.001637	-0.002530	-0.006386	-0.002937	-0.012727	-0.010063
2024-08-20 21:04:06.545000	0.319969	-0.613200	0.179367	-0.139344	0.893145	0.279945	0.459312	-0.588461	0.013048	-0.202805	0.330667	0.255164	0.192414	0.304685	0.292993	0.256507	-0.075503	-0.062750	0.127555	-0.011692	-0.036486	0.063461	0.002984	-0.003178	-0.005101	-0.001598	-0.013371	-0.008772
2024-08-20 21:04:06.807000	0.318378	-0.609018	0.178990	-0.140941	0.889348	0.280330	0.459319	-0.588503	0.012994	-0.202897	0.326870	0.255548	0.192421	0.300845	0.293323	0.256422	-0.071322	-0.063127	0.125958	-0.007522	-0.036901	0.061956	0.003388	-0.002575	-0.005159	-0.001202	-0.012763	-0.008825
2024-08-20 21:04:07.069000	0.296808	-0.612963	0.178895	-0.157885	0.888761	0.275798	0.454693	-0.588545	0.012939	-0.202989	0.326283	0.251016	0.187795	0.300216	0.288737	0.251704	-0.075267	-0.063222	0.109014	-0.011479	-0.037033	0.045104	-0.000601	-0.002553	-0.005177	-0.005199	-0.012737	-0.008838
2024-08-20 21:04:07.332000	0.344123	-0.596555	0.166222	-0.112671	0.887127	0.290572	0.456793	-0.588588	0.012885	-0.203081	0.324649	0.265790	0.189895	0.298539	0.303456	0.253712	-0.058859	-0.075895	0.154228	0.004917	-0.049744	0.090411	0.008677	-0.001705	-0.006954	0.004070	-0.011885	-0.010610
2024-08-20 21:04:07.594000	0.347403	-0.593774	0.164184	-0.104493	0.881486	0.287712	0.451896	-0.588630	0.012830	-0.203173	0.319008	0.262930	0.184997	0.292856	0.300542	0.248722	-0.056078	-0.077933	0.162406	0.007686	-0.051819	0.098681	0.010376	-0.001583	-0.007244	0.005761	-0.011759	-0.010895
2024-08-20 21:04:07.856000	0.329809	-0.604764	0.176231	-0.125584	0.883926	0.279162	0.455393	-0.588672	0.012776	-0.203265	0.321448	0.254380	0.188495	0.295254	0.291937	0.252128	-0.067068	-0.065886	0.141315	-0.003317	-0.039810	0.077681	0.006622	-0.002493	-0.005565	0.001999	-0.012665	-0.009211
2024-08-20 21:04:08.118000	0.313806	-0.610527	0.181281	-0.143126	0.886179	0.275651	0.456932	-0.588714	0.012721	-0.203357	0.323700	0.250870	0.190033	0.297464	0.288372	0.253574	-0.072831	-0.060836	0.123772	-0.009092	-0.034798	0.060231	0.003171	-0.002750	-0.004865	-0.001460	-0.012918	-0.008505
2024-08-20 21:04:15.799000	0.330903	-0.625751	0.181117	-0.133397	0.908933	0.283183	0.464299	-0.589940	0.011109	-0.206081	0.346455	0.258401	0.197401	0.318993	0.294292	0.258218	-0.088054	-0.061000	0.133502	-0.024702	-0.036073	0.072684	0.002422	-0.005197	-0.005043	-0.002446	-0.015239	-0.008528
2024-08-20 21:04:16.062000	0.317484	-0.617011	0.187578	-0.145692	0.892609	0.275597	0.463175	-0.589982	0.011053	-0.206175	0.330130	0.250816	0.196277	0.302627	0.286651	0.257000	-0.079314	-0.054539	0.121207	-0.015976	-0.029651	0.060484	0.002934	-0.003724	-0.004145	-0.001942	-0.013762	-0.007625
2024-08-20 21:04:16.324000	0.313905	-0.625210	0.185436	-0.147603	0.901282	0.276072	0.461508	-0.590023	0.010998	-0.206269	0.338804	0.251291	0.194610	0.311259	0.287070	0.255239	-0.087513	-0.056681	0.119296	-0.024189	-0.031831	0.058666	0.000645	-0.004725	-0.004450	-0.004238	-0.014758	-0.007924
2024-08-20 21:04:16.586000	0.301977	-0.631581	0.189909	-0.162580	0.906229	0.274648	0.464557	-0.590064	0.010942	-0.206363	0.343750	0.249867	0.197658	0.316164	0.285591	0.258194	-0.093884	-0.052208	0.104319	-0.030574	-0.027397	0.043783	-0.002537	-0.005139	-0.003830	-0.007429	-0.015167	-0.007299
2024-08-20 21:04:16.848000	0.330008	-0.614647	0.185311	-0.134887	0.894231	0.279584	0.464895	-0.590106	0.010887	-0.206457	0.331753	0.254802	0.197997	0.304126	0.290471	0.258439	-0.076951	-0.056806	0.132011	-0.013655	-0.032032	0.071569	0.005031	-0.003748	-0.004478	0.000132	-0.013772	-0.007941
2024-08-20 21:04:17.110000	0.317981	-0.625694	0.183960	-0.144546	0.904261	0.278567	0.462526	-0.590147	0.010831	-0.206551	0.341782	0.253785	0.195628	0.314114	0.289398	0.255976	-0.087997	-0.058157	0.122353	-0.024716	-0.033422	0.062005	0.000882	-0.004885	-0.004672	-0.004026	-0.014904	-0.008130
2024-08-20 21:04:17.372000	0.347701	-0.594737	0.164835	-0.106267	0.883871	0.289133	0.453968	-0.590188	0.010776	-0.206644	0.321392	0.264352	0.187070	0.293683	0.299909	0.247324	-0.057041	-0.077282	0.160631	0.006227	-0.052585	0.100377	0.010283	-0.001821	-0.007351	0.005368	-0.011836	-0.010804
2024-08-20 21:04:17.635000	0.309730	-0.626770	0.189924	-0.157048	0.903626	0.276855	0.466779	-0.590230	0.010720	-0.206739	0.341147	0.252074	0.199880	0.313396	0.287575	0.260040	-0.089074	-0.052193	0.109850	-0.025821	-0.027535	0.049691	-0.000551	-0.004700	-0.003849	-0.005475	-0.014710	-0.007297
2024-08-20 21:04:17.897000	0.300784	-0.636159	0.195405	-0.166676	0.908214	0.272055	0.467461	-0.590271	0.010664	-0.206833	0.345736	0.247274	0.200562	0.317943	0.282720	0.260628	-0.098462	-0.046711	0.100222	-0.035224	-0.022092	0.040157	-0.003074	-0.005695	-0.003088	-0.008005	-0.015701	-0.006530
2024-08-20 21:04:18.159000	0.315595	-0.623892	0.184481	-0.147040	0.902045	0.278154	0.462635	-0.590312	0.010609	-0.206927	0.339567	0.253372	0.195737	0.311733	0.288763	0.255708	-0.086195	-0.057636	0.119858	-0.022971	-0.033054	0.059887	0.000870	-0.004590	-0.004621	-0.004070	-0.014592	-0.008057
2024-08-20 21:04:18.421000	0.332692	-0.614704	0.182702	-0.136941	0.901634	0.286930	0.469633	-0.590353	0.010553	-0.207021	0.339156	0.262149	0.202734	0.311281	0.297484	0.262611	-0.077007	-0.059415	0.129958	-0.013798	-0.034872	0.070080	0.004173	-0.003687	-0.004875	-0.000774	-0.013684	-0.008306
2024-08-20 21:04:18.683000	0.347502	-0.615286	0.176107	-0.114323	0.901005	0.285719	0.461826	-0.590394	0.010498	-0.207115	0.338526	0.260937	0.194927	0.310611	0.296216	0.254711	-0.077589	-0.066010	0.152575	-0.014394	-0.041506	0.092792	0.007141	-0.004423	-0.005803	0.002185	-0.014415	-0.009228
2024-08-20 21:04:18.945000	0.343328	-0.613973	0.172683	-0.118952	0.903570	0.289597	0.462280	-0.590435	0.010442	-0.207210	0.341092	0.264816	0.195381	0.313135	0.300039	0.255070	-0.076276	-0.069434	0.147946	-0.013096	-0.044969	0.088257	0.005846	-0.004067	-0.006287	0.000883	-0.014055	-0.009707
2024-08-20 21:04:19.207000	0.334083	-0.614761	0.180873	-0.132368	0.900338	0.285578	0.466451	-0.590476	0.010386	-0.207304	0.337860	0.260796	0.199552	0.309862	0.295964	0.259147	-0.077064	-0.061244	0.134531	-0.013898	-0.036817	0.074936	0.004711	-0.003835	-0.005147	-0.000260	-0.013818	-0.008562
2024-08-20 21:04:19.470000	0.332692	-0.618484	0.183398	-0.133437	0.901215	0.282731	0.466129	-0.590518	0.010330	-0.207399	0.338737	0.257950	0.199231	0.310698	0.293061	0.258731	-0.080787	-0.058719	0.133461	-0.017636	-0.034331	0.073961	0.004310	-0.004325	-0.004799	-0.000669	-0.014304	-0.008209
2024-08-20 21:04:19.732000	0.317285	-0.619509	0.177757	-0.139552	0.898588	0.279080	0.456837	-0.590559	0.010274	-0.207493	0.336110	0.254298	0.189938	0.308030	0.289354	0.249344	-0.081812	-0.064360	0.127347	-0.018676	-0.040010	0.067941	0.001872	-0.004205	-0.005593	-0.003116	-0.014179	-0.008998
2024-08-20 21:04:19.994000	0.320068	-0.622805	0.179695	-0.141063	0.904240	0.281435	0.461131	-0.590599	0.010219	-0.207587	0.341762	0.256654	0.194232	0.313641	0.291654	0.253543	-0.085108	-0.062422	0.125836	-0.021987	-0.038111	0.066525	0.001352	-0.004618	-0.005328	-0.003643	-0.014587	-0.008727
2024-08-20 21:04:20.256000	0.324939	-0.609214	0.168279	-0.126071	0.891944	0.282730	0.451009	-0.590640	0.010163	-0.207682	0.329466	0.257948	0.184111	0.301304	0.292893	0.243327	-0.071517	-0.073838	0.140828	-0.008411	-0.049565	0.081611	0.004556	-0.003183	-0.006929	-0.000447	-0.013148	-0.010323
2024-08-20 21:04:20.518000	0.330903	-0.613406	0.172976	-0.126071	0.897404	0.283997	0.456973	-0.590681	0.010107	-0.207776	0.334925	0.259216	0.190075	0.306722	0.294104	0.249197	-0.075709	-0.069141	0.140828	-0.012618	-0.044907	0.081706	0.004690	-0.003794	-0.006278	-0.000321	-0.013754	-0.009666
2024-08-20 21:04:20.780000	0.332493	-0.624618	0.176301	-0.132535	0.913345	0.288727	0.465028	-0.590722	0.010051	-0.207871	0.350866	0.263945	0.198129	0.322623	0.298778	0.257157	-0.086921	-0.065816	0.134364	-0.023845	-0.041621	0.075336	0.002022	-0.005107	-0.005819	-0.002997	-0.015063	-0.009201
2024-08-20 21:04:21.042000	0.356349	-0.608333	0.171858	-0.107256	0.900081	0.291747	0.463605	-0.590763	0.009995	-0.207966	0.337602	0.266966	0.196706	0.309318	0.301742	0.255639	-0.070637	-0.070259	0.159643	-0.007575	-0.046103	0.100710	0.009037	-0.003726	-0.006445	0.004011	-0.013678	-0.009822
2024-08-20 21:04:21.304000	0.322454	-0.631447	0.179874	-0.138756	0.912782	0.281335	0.461209	-0.590804	0.009939	-0.208060	0.350303	0.256553	0.194311	0.321978	0.291274	0.253149	-0.093750	-0.062243	0.128143	-0.030704	-0.038125	0.069305	0.000268	-0.005857	-0.005330	-0.004767	-0.015804	-0.008702
2024-08-20 21:04:21.567000	0.310227	-0.633162	0.190162	-0.155061	0.908288	0.275126	0.465288	-0.590845	0.009883	-0.208155	0.345809	0.250345	0.198390	0.317443	0.285009	0.257133	-0.095465	-0.051955	0.111838	-0.032434	-0.027876	0.053095	-0.001189	-0.005679	-0.003897	-0.006232	-0.015621	-0.007263
2024-08-20 21:04:21.829000	0.320664	-0.618536	0.176708	-0.138923	0.901415	0.282879	0.459587	-0.590885	0.009827	-0.208250	0.338936	0.258097	0.192689	0.310529	0.292706	0.251337	-0.080839	-0.065409	0.127975	-0.017823	-0.041369	0.069327	0.002034	-0.004122	-0.005783	-0.003017	-0.014059	-0.009144
2024-08-20 21:04:22.091000	0.340047	-0.612938	0.170362	-0.119231	0.901854	0.288917	0.459279	-0.590926	0.009771	-0.208345	0.339376	0.264135	0.192380	0.310928	0.298688	0.250933	-0.075241	-0.071755	0.147667	-0.012240	-0.047754	0.089114	0.005633	-0.003950	-0.006676	0.000575	-0.013883	-0.010031
2024-08-20 21:04:22.353000	0.302971	-0.632585	0.186410	-0.159102	0.908248	0.275663	0.462073	-0.590967	0.009715	-0.208440	0.345770	0.250881	0.195174	0.317281	0.285378	0.253633	-0.094888	-0.055707	0.107797	-0.031903	-0.031745	0.049338	-0.002555	-0.005444	-0.004438	-0.007621	-0.015372	-0.007788
2024-08-20 21:04:22.615000	0.331300	-0.621435	0.174551	-0.132043	0.910227	0.288792	0.463343	-0.591008	0.009659	-0.208535	0.347749	0.264010	0.196445	0.319219	0.298451	0.254808	-0.083738	-0.067566	0.134855	-0.020769	-0.043642	0.076492	0.002425	-0.004716	-0.006101	-0.002649	-0.014639	-0.009446
2024-08-20 21:04:22.877000	0.335773	-0.617470	0.183383	-0.131531	0.901391	0.283921	0.467304	-0.591048	0.009603	-0.208630	0.338912	0.259140	0.200406	0.310343	0.293524	0.258674	-0.079773	-0.058734	0.135368	-0.016819	-0.034850	0.077099	0.004963	-0.004312	-0.004872	-0.000118	-0.014231	-0.008211
2024-08-20 21:04:23.139000	0.316987	-0.623037	0.174333	-0.136434	0.902124	0.279088	0.453420	-0.591089	0.009547	-0.208725	0.339646	0.254306	0.186522	0.311036	0.288634	0.244695	-0.085340	-0.067784	0.130465	-0.022401	-0.043939	0.072291	0.001260	-0.004793	-0.006143	-0.003830	-0.014707	-0.009476
2024-08-20 21:04:23.402000	0.318478	-0.628053	0.180217	-0.140596	0.906909	0.278857	0.459074	-0.591129	0.009490	-0.208820	0.344431	0.254075	0.192175	0.315780	0.288347	0.250253	-0.090356	-0.061900	0.126302	-0.027433	-0.038093	0.068224	0.000673	-0.005391	-0.005325	-0.004425	-0.015301	-0.008654
2024-08-20 21:04:23.664000	0.293131	-0.643807	0.196136	-0.171488	0.912289	0.268482	0.464618	-0.591170	0.009434	-0.208916	0.349810	0.243701	0.197720	0.321119	0.277916	0.255703	-0.106110	-0.045981	0.095411	-0.043203	-0.022213	0.037428	-0.005098	-0.006659	-0.003105	-0.010203	-0.016564	-0.006428
2024-08-20 21:04:23.926000	0.321658	-0.622161	0.179472	-0.136844	0.901192	0.279031	0.458503	-0.591210	0.009378	-0.209011	0.338714	0.254249	0.191604	0.309982	0.288409	0.249492	-0.084464	-0.062645	0.130054	-0.021573	-0.038917	0.072166	0.002355	-0.004736	-0.005441	-0.002758	-0.014635	-0.008758
2024-08-20 21:04:24.188000	0.325833	-0.625292	0.170471	-0.131237	0.911892	0.286599	0.457070	-0.591251	0.009322	-0.209106	0.349413	0.261818	0.190172	0.320641	0.295921	0.247964	-0.087596	-0.071646	0.135662	-0.024720	-0.047957	0.077869	0.001127	-0.005233	-0.006704	-0.003994	-0.015128	-0.010016
2024-08-20 21:04:24.450000	0.336966	-0.620462	0.183970	-0.130492	0.903950	0.283488	0.467458	-0.591291	0.009265	-0.209201	0.341471	0.258707	0.200559	0.312659	0.292753	0.258256	-0.082765	-0.058147	0.136407	-0.019905	-0.034497	0.078710	0.004768	-0.004776	-0.004823	-0.000361	-0.014666	-0.008129
2024-08-20 21:04:24.712000	0.285278	-0.645037	0.201946	-0.184036	0.912405	0.267368	0.469314	-0.591332	0.009209	-0.209297	0.349927	0.242586	0.202415	0.321074	0.276577	0.260017	-0.107341	-0.040171	0.082863	-0.044497	-0.016560	0.025261	-0.006583	-0.006501	-0.002315	-0.011720	-0.016387	-0.005616
2024-08-20 21:04:24.974000	0.300089	-0.632600	0.189074	-0.162108	0.905723	0.273123	0.462197	-0.591372	0.009153	-0.209392	0.343245	0.248341	0.195298	0.314351	0.282276	0.252805	-0.094904	-0.053043	0.104790	-0.032075	-0.029471	0.047284	-0.002543	-0.005426	-0.004120	-0.007688	-0.015307	-0.007415
2024-08-20 21:04:25.237000	0.335674	-0.621821	0.183045	-0.132733	0.907183	0.285361	0.468406	-0.591413	0.009096	-0.209488	0.344704	0.260580	0.201508	0.315770	0.294458	0.258919	-0.084125	-0.059072	0.134166	-0.021313	-0.035539	0.076755	0.003933	-0.004887	-0.004968	-0.001220	-0.014763	-0.008258
2024-08-20 21:04:25.499000	0.328219	-0.622177	0.182439	-0.137184	0.905141	0.282964	0.465403	-0.591453	0.009040	-0.209583	0.342662	0.258182	0.198504	0.313688	0.292004	0.255820	-0.084480	-0.059678	0.129715	-0.021684	-0.036184	0.072399	0.002905	-0.004788	-0.005059	-0.002256	-0.014660	-0.008343
2024-08-20 21:04:25.761000	0.325833	-0.624767	0.179541	-0.136718	0.907777	0.283010	0.462551	-0.591493	0.008983	-0.209679	0.345298	0.258228	0.195652	0.316284	0.291993	0.252872	-0.087070	-0.062576	0.130181	-0.024291	-0.039121	0.072961	0.001965	-0.005118	-0.005469	-0.003203	-0.014984	-0.008748
2024-08-20 21:04:26.023000	0.303269	-0.637045	0.183865	-0.161464	0.917913	0.280869	0.464734	-0.591533	0.008927	-0.209774	0.355435	0.256087	0.197835	0.326380	0.289796	0.254959	-0.099348	-0.058252	0.105434	-0.036584	-0.034836	0.048310	-0.004213	-0.005995	-0.004870	-0.009389	-0.015856	-0.008144
2024-08-20 21:04:26.285000	0.331002	-0.625699	0.173716	-0.125564	0.908548	0.282849	0.456566	-0.591574	0.008871	-0.209870	0.346070	0.258068	0.189667	0.316975	0.291720	0.246696	-0.088003	-0.068401	0.141335	-0.025255	-0.045024	0.084306	0.002826	-0.005544	-0.006294	-0.002358	-0.015401	-0.009562
2024-08-20 21:04:26.547000	0.340445	-0.626158	0.190356	-0.131227	0.907473	0.281316	0.471672	-0.591614	0.008814	-0.209966	0.344995	0.256534	0.204773	0.315860	0.290130	0.261706	-0.088461	-0.051761	0.135672	-0.025730	-0.028424	0.078739	0.004863	-0.005613	-0.003974	-0.000328	-0.015466	-0.007236
2024-08-20 21:04:26.809000	0.328517	-0.632219	0.176311	-0.135156	0.919581	0.287362	0.463673	-0.591654	0.008758	-0.210061	0.357103	0.262581	0.196774	0.327928	0.296120	0.253612	-0.094522	-0.065806	0.131743	-0.031808	-0.042508	0.074905	0.000294	-0.006134	-0.005943	-0.004905	-0.015982	-0.009200
2024-08-20 21:04:27.072000	0.330604	-0.625725	0.181335	-0.135445	0.910439	0.284714	0.466049	-0.591694	0.008701	-0.210157	0.347961	0.259932	0.199151	0.318745	0.293415	0.255892	-0.088028	-0.060782	0.131454	-0.025330	-0.037523	0.074712	0.002416	-0.005329	-0.005246	-0.002791	-0.015172	-0.008497
2024-08-20 21:04:27.334000	0.340544	-0.622311	0.180903	-0.123242	0.905193	0.282883	0.463786	-0.591734	0.008644	-0.210253	0.342715	0.258101	0.196887	0.313459	0.291527	0.253533	-0.084614	-0.061214	0.143657	-0.021932	-0.037995	0.087012	0.005312	-0.005271	-0.005312	0.000097	-0.015109	-0.008558
2024-08-20 21:04:27.596000	0.295417	-0.640531	0.195048	-0.173303	0.914203	0.273672	0.468720	-0.591774	0.008588	-0.210349	0.351725	0.248890	0.201821	0.322429	0.282260	0.258370	-0.102835	-0.047069	0.093596	-0.040169	-0.023889	0.037046	-0.004931	-0.006228	-0.003340	-0.010154	-0.016061	-0.006580
2024-08-20 21:04:27.858000	0.315197	-0.632770	0.178353	-0.144059	0.913673	0.280903	0.459256	-0.591814	0.008531	-0.210445	0.351195	0.256121	0.192358	0.321859	0.289434	0.248811	-0.095073	-0.063764	0.122840	-0.032425	-0.040623	0.066386	-0.001091	-0.005963	-0.005679	-0.006321	-0.015791	-0.008914
2024-08-20 21:04:28.120000	0.313110	-0.633290	0.195192	-0.160045	0.911253	0.277963	0.473155	-0.591854	0.008475	-0.210541	0.348775	0.253181	0.206256	0.319399	0.286438	0.262614	-0.095594	-0.046925	0.106854	-0.032962	-0.023824	0.050496	-0.001006	-0.005710	-0.003331	-0.006244	-0.015533	-0.006560
2024-08-20 21:04:28.382000	0.333686	-0.611439	0.170849	-0.127054	0.901330	0.289891	0.460740	-0.591894	0.008418	-0.210637	0.338852	0.265110	0.193841	0.309436	0.298309	0.250103	-0.073742	-0.071268	0.139844	-0.011127	-0.048206	0.083583	0.004692	-0.003620	-0.006739	-0.000554	-0.013439	-0.009963
2024-08-20 21:04:28.644000	0.340147	-0.627620	0.182260	-0.131627	0.917134	0.289514	0.471774	-0.591934	0.008361	-0.210733	0.354656	0.264733	0.204876	0.325201	0.297876	0.261041	-0.089923	-0.059857	0.135271	-0.027325	-0.036835	0.079106	0.003021	-0.005742	-0.005149	-0.002233	-0.015555	-0.008368
2024-08-20 21:04:28.907000	0.334680	-0.632250	0.184864	-0.135653	0.917719	0.285469	0.470333	-0.591974	0.008304	-0.210830	0.355240	0.260687	0.203434	0.325745	0.293773	0.259503	-0.094553	-0.057253	0.131246	-0.031972	-0.034270	0.075177	0.001900	-0.006257	-0.004791	-0.003361	-0.016066	-0.008004
2024-08-20 21:04:29.169000	0.319173	-0.637961	0.193179	-0.157672	0.921628	0.283666	0.476845	-0.592014	0.008248	-0.210926	0.359149	0.258885	0.209947	0.329614	0.291914	0.265920	-0.100265	-0.048938	0.109227	-0.037700	-0.025995	0.053254	-0.001772	-0.006400	-0.003634	-0.007041	-0.016204	-0.006842
2024-08-20 21:04:29.431000	0.317484	-0.637333	0.183368	-0.151705	0.923153	0.285820	0.469188	-0.592054	0.008191	-0.211022	0.360675	0.261038	0.202290	0.331099	0.294011	0.258166	-0.099636	-0.058749	0.115194	-0.037089	-0.035845	0.059317	-0.002391	-0.006404	-0.005011	-0.007667	-0.016203	-0.008213
2024-08-20 21:04:29.693000	0.330406	-0.631519	0.180774	-0.134041	0.915191	0.283672	0.464446	-0.592093	0.008134	-0.211118	0.352713	0.258891	0.197548	0.323098	0.291807	0.253328	-0.093822	-0.061343	0.132858	-0.031291	-0.038479	0.077078	0.001581	-0.006181	-0.005379	-0.003703	-0.015975	-0.008576
2024-08-20 21:04:29.955000	0.340346	-0.622645	0.180769	-0.125721	0.907943	0.285298	0.466066	-0.592133	0.008077	-0.211214	0.345464	0.260516	0.199168	0.315810	0.293375	0.254852	-0.084949	-0.061348	0.141178	-0.022435	-0.038523	0.085494	0.004826	-0.005283	-0.005386	-0.000466	-0.015072	-0.008576
2024-08-20 21:04:30.217000	0.329909	-0.629639	0.183348	-0.140763	0.916963	0.287324	0.470672	-0.592173	0.008021	-0.211311	0.354484	0.262542	0.203774	0.324790	0.295344	0.259361	-0.091942	-0.058769	0.126135	-0.029446	-0.035983	0.070547	0.001151	-0.005755	-0.005030	-0.004149	-0.015540	-0.008216
2024-08-20 21:04:30.479000	0.345813	-0.619076	0.181191	-0.123977	0.907674	0.288598	0.469789	-0.592212	0.007964	-0.211407	0.345196	0.263816	0.202891	0.315462	0.296562	0.258382	-0.081380	-0.060926	0.142922	-0.018900	-0.038180	0.087430	0.005918	-0.004882	-0.005338	0.000611	-0.014662	-0.008517
2024-08-20 21:04:30.742000	0.330903	-0.625282	0.177394	-0.132687	0.911477	0.286195	0.463590	-0.592252	0.007907	-0.211504	0.348999	0.261414	0.196691	0.319225	0.294102	0.252086	-0.087585	-0.064723	0.134212	-0.025123	-0.042016	0.078817	0.002377	-0.005384	-0.005874	-0.002939	-0.015158	-0.009048
2024-08-20 21:04:31.004000	0.340743	-0.623536	0.180973	-0.127495	0.910802	0.287266	0.468238	-0.592292	0.007850	-0.211600	0.348324	0.262484	0.201340	0.318510	0.295116	0.256638	-0.085840	-0.061144	0.139403	-0.023395	-0.038478	0.084105	0.004391	-0.005365	-0.005379	-0.000932	-0.015135	-0.008548
2024-08-20 21:04:31.266000	0.323448	-0.635541	0.191429	-0.151846	0.919406	0.283865	0.475294	-0.592331	0.007793	-0.211697	0.356927	0.259083	0.208396	0.327074	0.291657	0.263597	-0.097844	-0.050687	0.115052	-0.035417	-0.028060	0.059851	-0.000482	-0.006288	-0.003923	-0.005812	-0.016052	-0.007086
2024-08-20 21:04:31.528000	0.321161	-0.628671	0.187225	-0.148784	0.911392	0.282721	0.469946	-0.592371	0.007736	-0.211794	0.348913	0.257939	0.203047	0.319021	0.290457	0.258152	-0.090974	-0.054892	0.118114	-0.028564	-0.032305	0.063009	0.000577	-0.005438	-0.004516	-0.004762	-0.015197	-0.007674
2024-08-20 21:04:31.790000	0.323448	-0.628449	0.189128	-0.146548	0.909317	0.280868	0.469996	-0.592410	0.007679	-0.211890	0.346839	0.256086	0.203097	0.316907	0.288547	0.258106	-0.090753	-0.052989	0.120350	-0.028360	-0.030441	0.065342	0.001420	-0.005507	-0.004256	-0.003926	-0.015261	-0.007408
2024-08-20 21:04:32.052000	0.314899	-0.634619	0.192269	-0.160227	0.917476	0.282857	0.475126	-0.592450	0.007622	-0.211987	0.354998	0.258075	0.208228	0.325026	0.290479	0.263140	-0.096922	-0.049848	0.106671	-0.034547	-0.027339	0.051760	-0.001733	-0.005921	-0.003822	-0.007087	-0.015670	-0.006969
2024-08-20 21:04:32.314000	0.312514	-0.644445	0.188055	-0.158402	0.927306	0.282861	0.470916	-0.592489	0.007565	-0.212084	0.364828	0.258079	0.204017	0.334817	0.290426	0.258832	-0.106749	-0.054062	0.108497	-0.044391	-0.031594	0.053682	-0.004006	-0.007234	-0.004417	-0.009367	-0.016979	-0.007558
2024-08-20 21:04:32.577000	0.346111	-0.625210	0.179129	-0.125325	0.917517	0.292307	0.471436	-0.592529	0.007508	-0.212181	0.355039	0.267526	0.204538	0.324989	0.299815	0.259255	-0.087513	-0.062988	0.141573	-0.025174	-0.040560	0.086855	0.004188	-0.005665	-0.005670	-0.001180	-0.015405	-0.008806
2024-08-20 21:04:32.839000	0.324143	-0.630813	0.189909	-0.149007	0.914055	0.283242	0.473151	-0.592568	0.007451	-0.212278	0.351577	0.258460	0.206252	0.321487	0.290693	0.260873	-0.093116	-0.052208	0.117891	-0.030794	-0.029820	0.063270	0.000691	-0.005768	-0.004169	-0.004685	-0.015503	-0.007299
2024-08-20 21:04:33.101000	0.325237	-0.624839	0.179243	-0.137869	0.908701	0.283862	0.463105	-0.592607	0.007394	-0.212374	0.346223	0.259081	0.196207	0.316094	0.291256	0.250731	-0.087142	-0.062874	0.129030	-0.024838	-0.040525	0.074506	0.001890	-0.005224	-0.005665	-0.003494	-0.014953	-0.008790
2024-08-20 21:04:33.363000	0.310625	-0.642056	0.189427	-0.162088	0.925342	0.283286	0.472713	-0.592647	0.007336	-0.212471	0.362864	0.258505	0.205814	0.332695	0.290623	0.260242	-0.104359	-0.052690	0.104811	-0.042073	-0.030381	0.050383	-0.003976	-0.006836	-0.004247	-0.009367	-0.016560	-0.007366
2024-08-20 21:04:33.625000	0.322951	-0.620977	0.182111	-0.142051	0.903868	0.282891	0.465002	-0.592686	0.007279	-0.212568	0.341389	0.258109	0.198103	0.311182	0.290170	0.252434	-0.083280	-0.060006	0.124847	-0.021012	-0.037737	0.070517	0.002370	-0.004622	-0.005276	-0.003029	-0.014341	-0.008389
2024-08-20 21:04:33.887000	0.327026	-0.633512	0.198691	-0.151750	0.913597	0.280086	0.478776	-0.592725	0.007222	-0.212665	0.351119	0.255304	0.211878	0.320872	0.287308	0.266111	-0.095815	-0.043426	0.115148	-0.033565	-0.021197	0.060915	0.001385	-0.006155	-0.002963	-0.004022	-0.015869	-0.006071
2024-08-20 21:04:34.149000	0.328815	-0.633007	0.189089	-0.144267	0.917001	0.283993	0.473082	-0.592764	0.007165	-0.212762	0.354522	0.259212	0.206183	0.324236	0.291158	0.260320	-0.095310	-0.053028	0.122632	-0.033078	-0.030839	0.068495	0.001074	-0.006226	-0.004311	-0.004340	-0.015936	-0.007413
2024-08-20 21:04:34.412000	0.338059	-0.620457	0.181335	-0.130218	0.907398	0.286942	0.468277	-0.592804	0.007108	-0.212860	0.344920	0.262160	0.201379	0.314595	0.294049	0.255418	-0.082760	-0.060782	0.136681	-0.020546	-0.038632	0.082642	0.004609	-0.004940	-0.005401	-0.000814	-0.014645	-0.008497
2024-08-20 21:04:34.674000	0.313905	-0.637266	0.198427	-0.160739	0.913483	0.276217	0.474644	-0.592843	0.007050	-0.212957	0.351005	0.251436	0.207746	0.320641	0.283268	0.261688	-0.099569	-0.043690	0.106159	-0.037373	-0.021580	0.052218	-0.001061	-0.006373	-0.003017	-0.006491	-0.016072	-0.006108
2024-08-20 21:04:34.936000	0.322851	-0.632678	0.193318	-0.152171	0.914382	0.281704	0.475022	-0.592882	0.006993	-0.213054	0.351903	0.256922	0.208124	0.321500	0.288697	0.261968	-0.094981	-0.048799	0.114728	-0.032803	-0.026729	0.060883	0.000456	-0.005991	-0.003737	-0.004981	-0.015685	-0.006822
2024-08-20 21:04:35.198000	0.317682	-0.629253	0.190644	-0.156795	0.913086	0.283833	0.474477	-0.592921	0.006936	-0.213151	0.350607	0.259051	0.207579	0.320165	0.290769	0.261326	-0.091556	-0.051473	0.110104	-0.029396	-0.029443	0.056356	-0.000303	-0.005365	-0.004116	-0.005747	-0.015054	-0.007196
2024-08-20 21:04:35.460000	0.334282	-0.617985	0.175083	-0.129229	0.906413	0.288428	0.463511	-0.592960	0.006878	-0.213249	0.343934	0.263647	0.196613	0.313453	0.295307	0.250263	-0.080288	-0.067034	0.137669	-0.018146	-0.045044	0.084019	0.004084	-0.004596	-0.006297	-0.001369	-0.014280	-0.009371
2024-08-20 21:04:35.722000	0.306748	-0.630566	0.184909	-0.161277	0.913682	0.283116	0.468025	-0.592999	0.006821	-0.213346	0.351204	0.258335	0.201127	0.320684	0.289937	0.254679	-0.092869	-0.057208	0.105622	-0.030746	-0.035258	0.052069	-0.002493	-0.005340	-0.004929	-0.007953	-0.015019	-0.007998
2024-08-20 21:04:35.984000	0.325436	-0.624056	0.188860	-0.143055	0.903687	0.279631	0.468491	-0.593037	0.006764	-0.213443	0.341209	0.254849	0.201592	0.310650	0.286394	0.255047	-0.086360	-0.053257	0.123843	-0.024255	-0.031347	0.070388	0.002973	-0.005117	-0.004382	-0.002494	-0.014791	-0.007445
2024-08-20 21:04:36.247000	0.323945	-0.621229	0.181649	-0.142751	0.906276	0.285047	0.466696	-0.593076	0.006706	-0.213541	0.343798	0.260265	0.199797	0.313200	0.291753	0.253155	-0.083532	-0.060468	0.124148	-0.021446	-0.038599	0.070790	0.002176	-0.004678	-0.005396	-0.003299	-0.014347	-0.008453
2024-08-20 21:04:36.509000	0.345117	-0.611805	0.175898	-0.119814	0.900837	0.289033	0.464931	-0.593115	0.006649	-0.213638	0.338359	0.264251	0.198032	0.307722	0.295682	0.251293	-0.074108	-0.066219	0.147084	-0.012040	-0.044389	0.093824	0.007220	-0.004113	-0.006206	0.001737	-0.013777	-0.009257
2024-08-20 21:04:36.771000	0.323646	-0.630648	0.189382	-0.142634	0.907547	0.276899	0.466281	-0.593154	0.006591	-0.213736	0.345069	0.252117	0.199382	0.314393	0.283490	0.252545	-0.092952	-0.052735	0.124264	-0.030903	-0.030945	0.071102	0.001956	-0.006022	-0.004326	-0.003534	-0.015680	-0.007372
2024-08-20 21:04:37.033000	0.336966	-0.622558	0.183149	-0.129848	0.906222	0.283664	0.466814	-0.593193	0.006534	-0.213833	0.343744	0.258883	0.199915	0.313029	0.290198	0.252980	-0.084861	-0.058967	0.137051	-0.022831	-0.037218	0.083986	0.004715	-0.005301	-0.005203	-0.000783	-0.014954	-0.008244
2024-08-20 21:04:37.295000	0.319571	-0.619931	0.176748	-0.137666	0.900420	0.280489	0.457237	-0.593232	0.006476	-0.213931	0.337941	0.255707	0.190338	0.307188	0.286965	0.243306	-0.082235	-0.065369	0.129233	-0.020223	-0.043659	0.076265	0.002479	-0.004636	-0.006104	-0.003026	-0.014284	-0.009139
2024-08-20 21:04:37.557000	0.328318	-0.612974	0.170864	-0.129554	0.899982	0.287008	0.457872	-0.593270	0.006419	-0.214029	0.337504	0.262227	0.190973	0.306712	0.293427	0.243843	-0.075277	-0.071253	0.137345	-0.013284	-0.049584	0.084475	0.004199	-0.003918	-0.006932	-0.001314	-0.013561	-0.009961
2024-08-20 21:04:37.819000	0.315297	-0.632554	0.185580	-0.152130	0.914401	0.281847	0.467427	-0.593309	0.006361	-0.214126	0.351923	0.257066	0.200529	0.321092	0.288209	0.253301	-0.094857	-0.056537	0.114768	-0.032884	-0.034908	0.061996	-0.000918	-0.005946	-0.004880	-0.006439	-0.015583	-0.007904
2024-08-20 21:04:38.082000	0.301878	-0.633357	0.187265	-0.164060	0.912031	0.278673	0.465938	-0.593348	0.006304	-0.214224	0.349552	0.253892	0.199039	0.318683	0.284977	0.251713	-0.095661	-0.054852	0.102838	-0.033706	-0.033263	0.050164	-0.003022	-0.005692	-0.004650	-0.008550	-0.015324	-0.007668
2024-08-20 21:04:38.344000	0.332394	-0.619653	0.176564	-0.128185	0.903667	0.284014	0.460578	-0.593386	0.006246	-0.214322	0.341189	0.259233	0.193680	0.310281	0.290260	0.246256	-0.081956	-0.065553	0.138714	-0.020021	-0.044004	0.086137	0.004343	-0.004924	-0.006152	-0.001193	-0.014551	-0.009164
2024-08-20 21:04:38.606000	0.301480	-0.632425	0.190803	-0.168314	0.911416	0.278991	0.469794	-0.593425	0.006188	-0.214420	0.348938	0.254209	0.202895	0.317991	0.285179	0.255374	-0.094728	-0.051314	0.098585	-0.032812	-0.029805	0.046106	-0.002970	-0.005482	-0.004167	-0.008513	-0.015104	-0.007174
2024-08-20 21:04:38.868000	0.332294	-0.616754	0.181723	-0.134396	0.901720	0.284967	0.466690	-0.593463	0.006131	-0.214518	0.339242	0.260185	0.199791	0.308257	0.291098	0.252172	-0.079057	-0.060394	0.132503	-0.017160	-0.038926	0.080122	0.004696	-0.004409	-0.005442	-0.000854	-0.014026	-0.008443
2024-08-20 21:04:39.130000	0.329213	-0.629706	0.181425	-0.137620	0.915114	0.285408	0.466833	-0.593502	0.006073	-0.214616	0.352636	0.260626	0.199934	0.321612	0.291481	0.252217	-0.092009	-0.060692	0.129278	-0.030131	-0.039264	0.076996	0.001629	-0.006017	-0.005489	-0.003929	-0.015628	-0.008485
2024-08-20 21:04:39.392000	0.333089	-0.623886	0.189874	-0.142310	0.909412	0.285525	0.475399	-0.593540	0.006016	-0.214714	0.346933	0.260744	0.208501	0.315872	0.291541	0.260685	-0.086190	-0.052243	0.124589	-0.024331	-0.030855	0.072404	0.003440	-0.005197	-0.004314	-0.002125	-0.014804	-0.007304
2024-08-20 21:04:39.654000	0.337463	-0.621466	0.181897	-0.132743	0.909775	0.288309	0.470206	-0.593578	0.005958	-0.214812	0.347296	0.263527	0.203307	0.316196	0.294267	0.255394	-0.083769	-0.060220	0.134156	-0.021930	-0.038873	0.082069	0.004196	-0.005102	-0.005434	-0.001377	-0.014703	-0.008419
2024-08-20 21:04:39.917000	0.331996	-0.625262	0.179308	-0.137275	0.915225	0.289964	0.469271	-0.593617	0.005900	-0.214910	0.352747	0.265182	0.202373	0.321608	0.295864	0.254361	-0.087565	-0.062809	0.129623	-0.025745	-0.041502	0.077635	0.002134	-0.005433	-0.005802	-0.003446	-0.015029	-0.008781
2024-08-20 21:04:40.179000	0.325734	-0.626008	0.185898	-0.139993	0.905837	0.279829	0.465727	-0.593655	0.005842	-0.215008	0.343359	0.255047	0.198828	0.312182	0.285671	0.250718	-0.088312	-0.056219	0.126906	-0.026511	-0.034953	0.075015	0.002749	-0.005523	-0.004886	-0.002838	-0.015114	-0.007859
2024-08-20 21:04:40.441000	0.341340	-0.624916	0.180888	-0.128403	0.913771	0.288854	0.469742	-0.593694	0.005784	-0.215106	0.351292	0.264073	0.202844	0.320077	0.294639	0.254636	-0.087220	-0.061229	0.138496	-0.025439	-0.040003	0.086704	0.004217	-0.005702	-0.005592	-0.001378	-0.015287	-0.008560
2024-08-20 21:04:40.703000	0.332394	-0.625251	0.179800	-0.134101	0.911947	0.286695	0.466495	-0.593732	0.005727	-0.215205	0.349468	0.261914	0.199597	0.318215	0.292422	0.251291	-0.087554	-0.062317	0.132797	-0.025793	-0.041132	0.081103	0.002861	-0.005555	-0.005750	-0.002741	-0.015135	-0.008712
2024-08-20 21:04:40.965000	0.345514	-0.625025	0.177131	-0.122476	0.915884	0.290860	0.467990	-0.593770	0.005669	-0.215303	0.353406	0.266078	0.201092	0.322114	0.296528	0.252688	-0.087328	-0.064986	0.144423	-0.025586	-0.043841	0.092827	0.004626	-0.005875	-0.006129	-0.000984	-0.015450	-0.009085
2024-08-20 21:04:41.227000	0.310426	-0.631684	0.193030	-0.160536	0.909616	0.277933	0.470963	-0.593808	0.005611	-0.215401	0.347138	0.253151	0.204064	0.315808	0.283544	0.255562	-0.093987	-0.049087	0.106362	-0.032264	-0.027982	0.054865	-0.000839	-0.005712	-0.003912	-0.006456	-0.015281	-0.006862
2024-08-20 21:04:41.489000	0.335873	-0.616203	0.171311	-0.123252	0.904016	0.287813	0.459124	-0.593846	0.005553	-0.215499	0.341538	0.263032	0.192226	0.310170	0.293367	0.243625	-0.078506	-0.070806	0.143647	-0.016803	-0.049742	0.092248	0.005007	-0.004631	-0.006954	-0.000618	-0.014195	-0.009899
2024-08-20 21:04:41.752000	0.301281	-0.641906	0.194685	-0.170540	0.919042	0.277136	0.471821	-0.593884	0.005495	-0.215598	0.356564	0.252355	0.204922	0.325158	0.282631	0.256223	-0.104210	-0.047432	0.096359	-0.042527	-0.026408	0.045058	-0.004317	-0.006769	-0.003692	-0.009949	-0.016327	-0.006631
2024-08-20 21:04:42.014000	0.329113	-0.629567	0.189382	-0.143892	0.913190	0.283623	0.473005	-0.593922	0.005437	-0.215696	0.350712	0.258842	0.206107	0.319268	0.289060	0.257309	-0.091870	-0.052735	0.123007	-0.030207	-0.031752	0.071805	0.002065	-0.005944	-0.004439	-0.003575	-0.015497	-0.007372
2024-08-20 21:04:42.276000	0.315197	-0.634454	0.190768	-0.157692	0.916575	0.282121	0.472890	-0.593960	0.005379	-0.215795	0.354097	0.257340	0.205991	0.322615	0.287500	0.257095	-0.096758	-0.051348	0.109206	-0.035115	-0.030406	0.058103	-0.001212	-0.006165	-0.004251	-0.006859	-0.015713	-0.007179
2024-08-20 21:04:42.538000	0.325634	-0.625926	0.181017	-0.139354	0.909897	0.283971	0.464988	-0.593998	0.005321	-0.215893	0.347419	0.259189	0.198090	0.315899	0.289292	0.249095	-0.088229	-0.061100	0.127545	-0.026606	-0.040197	0.076539	0.002015	-0.005526	-0.005620	-0.003639	-0.015069	-0.008542
2024-08-20 21:04:42.800000	0.341837	-0.615204	0.175431	-0.123779	0.905388	0.290185	0.465616	-0.594036	0.005263	-0.215992	0.342910	0.265403	0.198717	0.311352	0.295448	0.249624	-0.077507	-0.066686	0.143120	-0.015904	-0.045824	0.092213	0.005920	-0.004555	-0.006406	0.000258	-0.014092	-0.009323
2024-08-20 21:04:43.062000	0.339948	-0.624870	0.181942	-0.125112	0.907989	0.283119	0.465060	-0.594074	0.005205	-0.216090	0.345510	0.258337	0.198162	0.313915	0.288324	0.248970	-0.087173	-0.060175	0.141786	-0.025591	-0.039354	0.090978	0.005133	-0.005867	-0.005502	-0.000536	-0.015398	-0.008412
2024-08-20 21:04:43.324000	0.337264	-0.625668	0.180317	-0.127510	0.910126	0.284458	0.464775	-0.594112	0.005147	-0.216189	0.347648	0.259677	0.197876	0.316015	0.289605	0.248586	-0.087972	-0.061800	0.139388	-0.026409	-0.041020	0.088679	0.004221	-0.005882	-0.005735	-0.001456	-0.015408	-0.008640
2024-08-20 21:04:43.587000	0.347005	-0.608864	0.168145	-0.111900	0.899624	0.290760	0.458905	-0.594150	0.005089	-0.216288	0.337146	0.265979	0.192007	0.305474	0.295849	0.242617	-0.071167	-0.073972	0.154999	-0.009625	-0.053232	0.104388	0.007992	-0.004036	-0.007442	0.002308	-0.013557	-0.010341
2024-08-20 21:04:43.849000	0.336767	-0.621899	0.182324	-0.129016	0.905358	0.283459	0.465783	-0.594188	0.005031	-0.216387	0.342879	0.258677	0.198885	0.311170	0.288490	0.249397	-0.084202	-0.059792	0.137882	-0.022680	-0.039093	0.087371	0.005031	-0.005369	-0.005465	-0.000660	-0.014885	-0.008359
2024-08-20 21:04:44.111000	0.324740	-0.621935	0.184188	-0.143572	0.906058	0.284124	0.468312	-0.594225	0.004973	-0.216486	0.343580	0.259342	0.201413	0.311833	0.289097	0.251827	-0.084238	-0.057929	0.123326	-0.022736	-0.037270	0.072913	0.002600	-0.004932	-0.005210	-0.003099	-0.014442	-0.008098
2024-08-20 21:04:44.373000	0.318975	-0.636076	0.187265	-0.151385	0.919172	0.283095	0.470360	-0.594263	0.004915	-0.216584	0.356693	0.258313	0.203461	0.324909	0.288010	0.253775	-0.098380	-0.054852	0.115513	-0.036899	-0.034235	0.065199	-0.000918	-0.006587	-0.004786	-0.006624	-0.016091	-0.007668
2024-08-20 21:04:44.635000	0.325933	-0.632307	0.195396	-0.152866	0.915709	0.283403	0.478798	-0.594301	0.004857	-0.216683	0.353231	0.258621	0.211900	0.321409	0.288259	0.262115	-0.094610	-0.046721	0.114033	-0.033149	-0.026144	0.063818	0.001067	-0.006138	-0.003655	-0.004646	-0.015637	-0.006532
2024-08-20 21:04:44.897000	0.307941	-0.638935	0.198392	-0.167797	0.916280	0.277345	0.475738	-0.594338	0.004799	-0.216782	0.353802	0.252564	0.208839	0.321942	0.282144	0.258956	-0.101238	-0.043724	0.099102	-0.039798	-0.023188	0.048985	-0.002439	-0.006571	-0.003242	-0.008160	-0.016065	-0.006113
2024-08-20 21:04:45.159000	0.304164	-0.632075	0.187344	-0.162362	0.911256	0.279182	0.466526	-0.594376	0.004740	-0.216881	0.348778	0.254400	0.199627	0.316881	0.283922	0.249645	-0.094378	-0.054773	0.104537	-0.032959	-0.034277	0.054519	-0.002244	-0.005722	-0.004792	-0.007972	-0.015211	-0.007657
2024-08-20 21:04:45.422000	0.329312	-0.629927	0.181365	-0.136266	0.914141	0.284213	0.465579	-0.594413	0.004682	-0.216980	0.351662	0.259432	0.198680	0.319727	0.288895	0.248598	-0.092231	-0.060752	0.130632	-0.030832	-0.040297	0.080714	0.002014	-0.006217	-0.005634	-0.003721	-0.015700	-0.008493
2024-08-20 21:04:45.684000	0.330604	-0.622692	0.180083	-0.133828	0.907041	0.284349	0.464432	-0.594451	0.004624	-0.217079	0.344562	0.259568	0.197534	0.312590	0.288973	0.247353	-0.084995	-0.062034	0.133071	-0.023617	-0.041620	0.083252	0.003582	-0.005332	-0.005818	-0.002161	-0.014809	-0.008672
2024-08-20 21:04:45.946000	0.307842	-0.633275	0.191673	-0.163447	0.912890	0.279615	0.471288	-0.594488	0.004566	-0.217178	0.350412	0.254834	0.204390	0.318402	0.284181	0.254110	-0.095578	-0.050444	0.103452	-0.034221	-0.030071	0.053732	-0.001820	-0.005911	-0.004204	-0.007570	-0.015382	-0.007052
2024-08-20 21:04:46.208000	0.305556	-0.638677	0.193944	-0.167021	0.917310	0.278632	0.472577	-0.594526	0.004507	-0.217277	0.354831	0.253851	0.205678	0.322784	0.283140	0.255299	-0.100981	-0.048173	0.099878	-0.039644	-0.027840	0.050256	-0.003062	-0.006540	-0.003892	-0.008819	-0.016006	-0.006735
2024-08-20 21:04:46.470000	0.313905	-0.634722	0.197393	-0.165348	0.916582	0.281860	0.479253	-0.594563	0.004449	-0.217376	0.354103	0.257078	0.212355	0.322019	0.286309	0.261877	-0.097025	-0.044723	0.101551	-0.035710	-0.024432	0.052029	-0.001338	-0.006115	-0.003416	-0.007102	-0.015576	-0.006252
2024-08-20 21:04:46.732000	0.334382	-0.624072	0.188716	-0.143876	0.913614	0.289542	0.478258	-0.594600	0.004391	-0.217476	0.351136	0.264761	0.211359	0.319014	0.293933	0.260782	-0.086375	-0.053401	0.123022	-0.025081	-0.033150	0.073599	0.003089	-0.005309	-0.004634	-0.002682	-0.014765	-0.007465
2024-08-20 21:04:46.994000	0.335773	-0.617686	0.176674	-0.129153	0.905939	0.288253	0.464926	-0.594637	0.004332	-0.217575	0.343460	0.263471	0.198028	0.311301	0.292585	0.247352	-0.079989	-0.065443	0.137745	-0.018716	-0.045234	0.088422	0.004786	-0.004811	-0.006324	-0.000993	-0.014261	-0.009149
2024-08-20 21:04:47.257000	0.316589	-0.629160	0.185689	-0.151623	0.911683	0.282523	0.468212	-0.594675	0.004274	-0.217675	0.349205	0.257742	0.201314	0.317009	0.286797	0.250538	-0.091463	-0.056428	0.115275	-0.030211	-0.036259	0.066051	0.000094	-0.005709	-0.005069	-0.005692	-0.015153	-0.007889
2024-08-20 21:04:47.519000	0.315197	-0.625370	0.193308	-0.158777	0.906036	0.280666	0.473975	-0.594712	0.004215	-0.217774	0.343558	0.255885	0.207076	0.311324	0.284882	0.256201	-0.087673	-0.048809	0.108121	-0.026442	-0.028681	0.058997	0.000897	-0.005069	-0.004010	-0.004896	-0.014508	-0.006823
2024-08-20 21:04:47.781000	0.306947	-0.625437	0.180973	-0.153641	0.905052	0.279616	0.460588	-0.594749	0.004157	-0.217873	0.342574	0.254834	0.193690	0.310303	0.283773	0.242715	-0.087740	-0.061144	0.113257	-0.026530	-0.041058	0.064232	-0.000496	-0.005110	-0.005740	-0.006296	-0.014544	-0.008548
2024-08-20 21:04:48.043000	0.332692	-0.617408	0.183388	-0.138345	0.905057	0.287649	0.471037	-0.594786	0.004099	-0.217973	0.342578	0.262867	0.204138	0.310270	0.291747	0.253064	-0.079711	-0.058729	0.128553	-0.018523	-0.038683	0.079627	0.004395	-0.004576	-0.005408	-0.001412	-0.014004	-0.008210
2024-08-20 21:04:48.305000	0.339252	-0.619777	0.187031	-0.135232	0.907230	0.287453	0.474484	-0.594823	0.004040	-0.218072	0.344752	0.262672	0.207586	0.312407	0.291493	0.256412	-0.082080	-0.055086	0.131666	-0.020913	-0.035081	0.082840	0.005261	-0.005035	-0.004904	-0.000554	-0.014457	-0.007701
2024-08-20 21:04:48.567000	0.327523	-0.614967	0.176962	-0.134482	0.900010	0.285043	0.462005	-0.594860	0.003982	-0.218171	0.337531	0.260261	0.195106	0.305149	0.289025	0.243833	-0.077270	-0.065155	0.132417	-0.016125	-0.045191	0.083690	0.004367	-0.004317	-0.006318	-0.001455	-0.013734	-0.009109
2024-08-20 21:04:48.829000	0.329710	-0.628521	0.186489	-0.139460	0.911202	0.282681	0.469170	-0.594897	0.003923	-0.218271	0.348724	0.257899	0.202272	0.316305	0.286604	0.250899	-0.090825	-0.055628	0.127438	-0.029701	-0.035705	0.078810	0.002741	-0.006058	-0.004992	-0.003088	-0.015469	-0.007777
2024-08-20 21:04:49.092000	0.315496	-0.633548	0.193770	-0.157469	0.912742	0.279194	0.472965	-0.594934	0.003865	-0.218371	0.350264	0.254413	0.206066	0.317808	0.283059	0.254594	-0.095851	-0.048347	0.109429	-0.034749	-0.028465	0.060902	-0.000235	-0.006229	-0.003979	-0.006071	-0.015634	-0.006759
2024-08-20 21:04:49.354000	0.309233	-0.628995	0.190490	-0.158625	0.906364	0.277368	0.467858	-0.594971	0.003806	-0.218470	0.343885	0.252587	0.200960	0.311393	0.281174	0.249388	-0.091299	-0.051627	0.108273	-0.030218	-0.031786	0.059845	-0.000237	-0.005560	-0.004444	-0.006080	-0.014960	-0.007217
2024-08-20 21:04:49.616000	0.291739	-0.632101	0.196792	-0.178089	0.905136	0.273036	0.469828	-0.595008	0.003747	-0.218570	0.342658	0.248254	0.202929	0.310129	0.276783	0.251258	-0.094404	-0.045325	0.088810	-0.033345	-0.025525	0.040481	-0.003324	-0.005419	-0.003568	-0.009175	-0.014813	-0.006336
2024-08-20 21:04:49.878000	0.309532	-0.635304	0.199466	-0.168081	0.913450	0.278146	0.477612	-0.595045	0.003689	-0.218670	0.350972	0.253365	0.210714	0.318406	0.281835	0.258943	-0.097607	-0.042651	0.098818	-0.036570	-0.022893	0.050589	-0.001477	-0.006200	-0.003200	-0.007335	-0.015588	-0.005963
2024-08-20 21:04:50.140000	0.317484	-0.632801	0.201037	-0.161621	0.910870	0.278069	0.479105	-0.595081	0.003630	-0.218769	0.348391	0.253287	0.212206	0.315788	0.281699	0.260336	-0.095104	-0.041080	0.105277	-0.034089	-0.021363	0.057148	0.000534	-0.006101	-0.002987	-0.005331	-0.015484	-0.005743
2024-08-20 21:04:50.402000	0.324839	-0.625364	0.190038	-0.148009	0.908174	0.282810	0.472848	-0.595118	0.003572	-0.218869	0.345696	0.258028	0.205949	0.313056	0.286382	0.253979	-0.087668	-0.052079	0.118890	-0.026675	-0.032403	0.070861	0.002413	-0.005440	-0.004530	-0.003460	-0.014817	-0.007281
2024-08-20 21:04:50.664000	0.325833	-0.635021	0.193070	-0.150229	0.918014	0.282993	0.476062	-0.595155	0.003513	-0.218969	0.355535	0.258211	0.209164	0.322859	0.286506	0.257093	-0.097324	-0.049047	0.116669	-0.036353	-0.029412	0.068740	0.000789	-0.006683	-0.004112	-0.005091	-0.016054	-0.006857
2024-08-20 21:04:50.927000	0.337463	-0.631653	0.192051	-0.139192	0.916257	0.284604	0.476655	-0.595192	0.003454	-0.219069	0.353778	0.259822	0.209756	0.321065	0.288058	0.257586	-0.093956	-0.050066	0.127707	-0.033007	-0.030473	0.079877	0.003340	-0.006588	-0.004260	-0.002547	-0.015954	-0.006999
2024-08-20 21:04:51.189000	0.323050	-0.631395	0.190485	-0.148257	0.912217	0.280822	0.471307	-0.595228	0.003396	-0.219169	0.349739	0.256040	0.204408	0.316989	0.284217	0.252138	-0.093698	-0.051632	0.118642	-0.032772	-0.032079	0.070912	0.001356	-0.006250	-0.004485	-0.004538	-0.015610	-0.007218
2024-08-20 21:04:51.451000	0.319770	-0.627589	0.189963	-0.152414	0.909810	0.282221	0.472184	-0.595265	0.003337	-0.219269	0.347332	0.257439	0.205286	0.314546	0.285558	0.252915	-0.089893	-0.052154	0.114484	-0.028988	-0.032642	0.066855	0.001170	-0.005614	-0.004563	-0.004731	-0.014968	-0.007291
2024-08-20 21:04:51.713000	0.321360	-0.632636	0.189819	-0.149687	0.913864	0.281228	0.471047	-0.595301	0.003278	-0.219369	0.351386	0.256446	0.204148	0.318563	0.284506	0.251678	-0.094940	-0.052298	0.117212	-0.034057	-0.032828	0.069682	0.000738	-0.006372	-0.004589	-0.005170	-0.015721	-0.007311
2024-08-20 21:04:51.975000	0.327523	-0.631040	0.199511	-0.151223	0.910275	0.279235	0.478746	-0.595337	0.003219	-0.219469	0.347797	0.254454	0.211847	0.314937	0.282455	0.259277	-0.093343	-0.042606	0.115676	-0.032483	-0.023178	0.068246	0.002610	-0.006226	-0.003240	-0.003305	-0.015569	-0.005956
2024-08-20 21:04:52.237000	0.307643	-0.639455	0.201404	-0.169607	0.915300	0.275845	0.477250	-0.595374	0.003161	-0.219569	0.352822	0.251064	0.210351	0.319926	0.279006	0.257681	-0.101758	-0.040713	0.097292	-0.040920	-0.021325	0.049962	-0.002102	-0.006771	-0.002981	-0.008024	-0.016109	-0.005692
2024-08-20 21:04:52.499000	0.307544	-0.634676	0.200162	-0.173389	0.915446	0.280771	0.480933	-0.595410	0.003102	-0.219669	0.352968	0.255989	0.214034	0.320036	0.283873	0.261264	-0.096979	-0.041955	0.093510	-0.036164	-0.022609	0.046280	-0.002173	-0.006011	-0.003161	-0.008103	-0.015342	-0.005865
2024-08-20 21:04:52.762000	0.341936	-0.621754	0.186032	-0.131587	0.909245	0.287491	0.473523	-0.595447	0.003043	-0.219769	0.346767	0.262709	0.206624	0.313798	0.290534	0.253753	-0.084058	-0.056085	0.135312	-0.023265	-0.036780	0.088183	0.005523	-0.005499	-0.005142	-0.000413	-0.014824	-0.007841
2024-08-20 21:04:53.024000	0.305556	-0.639692	0.201822	-0.172314	0.915740	0.276048	0.477870	-0.595483	0.002984	-0.219870	0.353261	0.251266	0.210971	0.320257	0.279032	0.258000	-0.101995	-0.040295	0.094584	-0.041225	-0.021032	0.047556	-0.002563	-0.006737	-0.002940	-0.008506	-0.016058	-0.005633
2024-08-20 21:05:00.704000	0.338656	-0.647453	0.221021	-0.162580	0.927667	0.280215	0.501235	-0.596525	0.001251	-0.222823	0.365189	0.255433	0.234337	0.331142	0.281465	0.278413	-0.109756	-0.021096	0.104319	-0.049677	-0.003053	0.060243	0.001761	-0.008463	-0.000427	-0.004386	-0.017611	-0.002949
2024-08-20 21:05:00.967000	0.358735	-0.625776	0.199158	-0.127840	0.913193	0.287417	0.486575	-0.596560	0.001191	-0.222925	0.350715	0.262635	0.219676	0.316633	0.288608	0.263650	-0.088080	-0.042959	0.139059	-0.028025	-0.024958	0.095085	0.008238	-0.006481	-0.003489	0.002084	-0.015623	-0.006006
2024-08-20 21:05:01.229000	0.335574	-0.638100	0.212453	-0.155020	0.916243	0.278142	0.490595	-0.596595	0.001132	-0.223026	0.353764	0.253361	0.223696	0.319647	0.279274	0.267569	-0.100404	-0.029664	0.111878	-0.040374	-0.011705	0.068006	0.003309	-0.007388	-0.001636	-0.002852	-0.016524	-0.004147
2024-08-20 21:05:01.491000	0.334978	-0.649394	0.219987	-0.164760	0.929145	0.279751	0.499738	-0.596630	0.001072	-0.223127	0.366667	0.254969	0.232839	0.332515	0.280823	0.276610	-0.111698	-0.022130	0.102139	-0.051692	-0.004213	0.058368	0.000806	-0.008656	-0.000589	-0.005362	-0.017785	-0.003094
2024-08-20 21:05:01.753000	0.331698	-0.653890	0.219604	-0.166600	0.932584	0.278694	0.498298	-0.596665	0.001013	-0.223229	0.370106	0.253912	0.231399	0.335919	0.279706	0.275069	-0.116194	-0.022513	0.100298	-0.056213	-0.004637	0.056629	-0.000447	-0.009192	-0.000648	-0.006621	-0.018315	-0.003147
2024-08-20 21:05:02.015000	0.372154	-0.632219	0.201201	-0.117943	0.921116	0.288897	0.490097	-0.596699	0.000953	-0.223330	0.358637	0.264115	0.223198	0.324416	0.289850	0.266767	-0.094522	-0.040916	0.148955	-0.034567	-0.023083	0.105387	0.009362	-0.007698	-0.003227	0.003181	-0.016815	-0.005720
2024-08-20 21:05:02.277000	0.319969	-0.656342	0.218417	-0.177587	0.935481	0.279139	0.497555	-0.596734	0.000894	-0.223432	0.373002	0.254357	0.230657	0.338747	0.280033	0.274124	-0.118645	-0.023700	0.089312	-0.058714	-0.005909	0.045845	-0.003222	-0.009160	-0.000826	-0.009410	-0.018272	-0.003313
2024-08-20 21:05:02.539000	0.347105	-0.648370	0.210092	-0.148886	0.934268	0.285899	0.495990	-0.596769	0.000834	-0.223533	0.371790	0.261117	0.229092	0.337500	0.286733	0.272457	-0.110673	-0.032025	0.118013	-0.050767	-0.014276	0.074648	0.002163	-0.008945	-0.001996	-0.004032	-0.018050	-0.004477
2024-08-20 21:05:02.802000	0.320068	-0.652314	0.220658	-0.176715	0.928439	0.276125	0.496783	-0.596803	0.000774	-0.223635	0.365961	0.251343	0.229884	0.331636	0.276899	0.273147	-0.114618	-0.021459	0.090184	-0.054737	-0.003752	0.046921	-0.001864	-0.008694	-0.000525	-0.008066	-0.017793	-0.003000
2024-08-20 21:05:03.064000	0.343228	-0.647422	0.216165	-0.155107	0.929591	0.282170	0.498335	-0.596838	0.000715	-0.223737	0.367113	0.257388	0.231436	0.332754	0.282884	0.274598	-0.109725	-0.025952	0.111792	-0.049869	-0.008287	0.068631	0.002327	-0.008700	-0.001158	-0.003881	-0.017793	-0.003628
2024-08-20 21:05:03.326000	0.351777	-0.637683	0.207483	-0.142964	0.924941	0.287258	0.494740	-0.596872	0.000655	-0.223839	0.362463	0.262476	0.227842	0.328069	0.287913	0.270902	-0.099987	-0.034634	0.123935	-0.040156	-0.017011	0.080875	0.004796	-0.007714	-0.002378	-0.001419	-0.016801	-0.004842
2024-08-20 21:05:03.588000	0.349987	-0.640217	0.210639	-0.146264	0.925830	0.285613	0.496252	-0.596906	0.000596	-0.223940	0.363352	0.260832	0.229353	0.328924	0.286209	0.272311	-0.102520	-0.031478	0.120634	-0.042715	-0.013898	0.077676	0.004307	-0.007984	-0.001943	-0.001915	-0.017065	-0.004401
2024-08-20 21:05:03.850000	0.328119	-0.644631	0.212378	-0.161490	0.921862	0.277231	0.489609	-0.596941	0.000536	-0.224042	0.359383	0.252449	0.222710	0.324921	0.277767	0.265567	-0.106934	-0.029739	0.105409	-0.047154	-0.012200	0.062553	0.000912	-0.008102	-0.001706	-0.005316	-0.017176	-0.004157
2024-08-20 21:05:04.112000	0.329113	-0.641304	0.212835	-0.161971	0.919553	0.278249	0.491085	-0.596975	0.000476	-0.224144	0.357075	0.253468	0.224186	0.322578	0.278726	0.266941	-0.103607	-0.029282	0.104927	-0.043852	-0.011785	0.062173	0.001531	-0.007658	-0.001648	-0.004704	-0.016727	-0.004094
2024-08-20 21:05:04.374000	0.322454	-0.637797	0.203308	-0.161322	0.918265	0.280468	0.483776	-0.597009	0.000417	-0.224246	0.355786	0.255687	0.216877	0.321255	0.280885	0.259530	-0.100100	-0.038809	0.105576	-0.040371	-0.021355	0.062923	0.000479	-0.007116	-0.002985	-0.005763	-0.016178	-0.005426
2024-08-20 21:05:04.637000	0.335475	-0.641489	0.215002	-0.162843	0.924805	0.283316	0.498318	-0.597044	0.000357	-0.224348	0.362327	0.258535	0.231420	0.327762	0.283673	0.273970	-0.103792	-0.027115	0.104055	-0.044089	-0.009703	0.061505	0.001759	-0.007692	-0.001356	-0.004489	-0.016747	-0.003791
2024-08-20 21:05:04.899000	0.331499	-0.637441	0.209182	-0.157023	0.916781	0.279340	0.488522	-0.597078	0.000297	-0.224450	0.354303	0.254558	0.221623	0.319703	0.279637	0.264072	-0.099745	-0.032935	0.109876	-0.040067	-0.015565	0.067427	0.002512	-0.007286	-0.002176	-0.003743	-0.016335	-0.004604
2024-08-20 21:05:05.161000	0.345912	-0.639321	0.210768	-0.146391	0.920856	0.281535	0.492303	-0.597112	0.000237	-0.224552	0.358378	0.256754	0.225405	0.323745	0.281773	0.267751	-0.101624	-0.031349	0.120507	-0.041972	-0.014021	0.078161	0.004514	-0.007900	-0.001960	-0.001748	-0.016944	-0.004383
2024-08-20 21:05:05.423000	0.328418	-0.645295	0.217234	-0.169196	0.925675	0.280380	0.497614	-0.597146	0.000178	-0.224654	0.363197	0.255598	0.230715	0.328529	0.280557	0.272960	-0.107598	-0.024883	0.097703	-0.047972	-0.007598	0.055458	0.000286	-0.008033	-0.001062	-0.005983	-0.017070	-0.003479
2024-08-20 21:05:05.685000	0.337165	-0.641062	0.207408	-0.153793	0.924612	0.283550	0.490958	-0.597180	0.000118	-0.224756	0.362133	0.258769	0.224060	0.327432	0.283668	0.266202	-0.103365	-0.034709	0.113105	-0.043764	-0.017466	0.070962	0.002140	-0.007866	-0.002442	-0.004135	-0.016897	-0.004852
2024-08-20 21:05:05.947000	0.349192	-0.642318	0.211613	-0.146939	0.926837	0.284518	0.496131	-0.597214	0.000058	-0.224858	0.364358	0.259737	0.229232	0.329623	0.284576	0.271273	-0.104622	-0.030504	0.119960	-0.045047	-0.013303	0.077919	0.004036	-0.008306	-0.001860	-0.002246	-0.017331	-0.004264
2024-08-20 21:05:06.209000	0.317782	-0.649430	0.212463	-0.173044	0.927794	0.278363	0.490826	-0.597248	-0.000002	-0.224960	0.365316	0.253582	0.223927	0.330546	0.278362	0.265866	-0.111734	-0.029654	0.093854	-0.052185	-0.012496	0.051916	-0.002115	-0.008420	-0.001747	-0.008404	-0.017439	-0.004146
2024-08-20 21:05:06.472000	0.325436	-0.646351	0.212925	-0.168907	0.927769	0.281418	0.494343	-0.597281	-0.000062	-0.225062	0.365290	0.256636	0.227444	0.330487	0.281356	0.269280	-0.108654	-0.029192	0.097992	-0.049131	-0.012076	0.056155	-0.000656	-0.008158	-0.001688	-0.006951	-0.017171	-0.004081
2024-08-20 21:05:06.734000	0.317981	-0.657660	0.223302	-0.180735	0.933074	0.275414	0.498716	-0.597315	-0.000122	-0.225164	0.370596	0.250632	0.231817	0.335759	0.275292	0.273552	-0.119963	-0.018815	0.086163	-0.060467	-0.001741	0.044429	-0.003016	-0.009393	-0.000243	-0.009318	-0.018399	-0.002630
2024-08-20 21:05:06.996000	0.341439	-0.639007	0.205644	-0.149692	0.924494	0.285487	0.491131	-0.597349	-0.000182	-0.225267	0.362016	0.260705	0.224232	0.327145	0.285306	0.265864	-0.101310	-0.036473	0.117207	-0.041839	-0.019441	0.075575	0.003000	-0.007739	-0.002718	-0.003308	-0.016738	-0.005099
2024-08-20 21:05:07.258000	0.332493	-0.649575	0.213536	-0.160313	0.928845	0.279270	0.492806	-0.597383	-0.000241	-0.225369	0.366367	0.254489	0.225908	0.331462	0.279029	0.267438	-0.111878	-0.028581	0.106585	-0.052433	-0.011591	0.065055	0.000531	-0.008886	-0.001620	-0.005784	-0.017880	-0.003996
2024-08-20 21:05:07.520000	0.337165	-0.653592	0.212259	-0.160100	0.938598	0.285006	0.497265	-0.597416	-0.000301	-0.225471	0.376120	0.260225	0.230367	0.341182	0.284705	0.271794	-0.115895	-0.029858	0.106798	-0.056477	-0.012911	0.065371	-0.000411	-0.009415	-0.001805	-0.006732	-0.018403	-0.004174
2024-08-20 21:05:07.782000	0.309830	-0.653097	0.222060	-0.192599	0.933467	0.280369	0.502429	-0.597450	-0.000361	-0.225573	0.370988	0.255588	0.235530	0.336017	0.280008	0.276856	-0.115401	-0.020057	0.074299	-0.056009	-0.003153	0.032974	-0.004658	-0.008420	-0.000441	-0.010986	-0.017401	-0.002804
2024-08-20 21:05:08.044000	0.329909	-0.644353	0.208392	-0.164303	0.930173	0.285820	0.494212	-0.597483	-0.000421	-0.225676	0.367694	0.261038	0.227314	0.332689	0.285399	0.268536	-0.106656	-0.033725	0.102595	-0.047290	-0.016862	0.061372	-0.000236	-0.008030	-0.002357	-0.006570	-0.017004	-0.004715
2024-08-20 21:05:08.307000	0.339948	-0.643178	0.208059	-0.155755	0.930823	0.287644	0.495703	-0.597517	-0.000481	-0.225778	0.368344	0.262863	0.228805	0.333306	0.287163	0.269925	-0.105482	-0.034058	0.111143	-0.046143	-0.017238	0.070023	0.001563	-0.008153	-0.002410	-0.004778	-0.017121	-0.004761
2024-08-20 21:05:08.569000	0.348198	-0.637009	0.209153	-0.150670	0.926725	0.289716	0.498868	-0.597550	-0.000541	-0.225881	0.364246	0.264934	0.231970	0.329174	0.289175	0.272988	-0.099312	-0.032964	0.116228	-0.040000	-0.016187	0.075210	0.003897	-0.007520	-0.002263	-0.002451	-0.016483	-0.004608
2024-08-20 21:05:08.831000	0.324541	-0.650342	0.220842	-0.179001	0.933042	0.282700	0.503542	-0.597584	-0.000601	-0.225983	0.370564	0.257919	0.236644	0.335459	0.282099	0.277559	-0.112645	-0.021275	0.087897	-0.053360	-0.004540	0.046982	-0.001749	-0.008505	-0.000635	-0.008103	-0.017461	-0.002974
2024-08-20 21:05:09.093000	0.330107	-0.650594	0.209262	-0.164167	0.935607	0.285012	0.494274	-0.597617	-0.000661	-0.226086	0.373128	0.260231	0.227375	0.337989	0.284351	0.268188	-0.112898	-0.032855	0.102732	-0.053639	-0.016163	0.061919	-0.001172	-0.008893	-0.002260	-0.007533	-0.017842	-0.004593
2024-08-20 21:05:09.355000	0.344322	-0.644435	0.216190	-0.156415	0.928981	0.284546	0.500736	-0.597650	-0.000721	-0.226188	0.366503	0.259765	0.233838	0.331331	0.283825	0.274548	-0.106738	-0.025927	0.110484	-0.047506	-0.009277	0.069774	0.002794	-0.008414	-0.001297	-0.003574	-0.017357	-0.003625
2024-08-20 21:05:09.617000	0.328716	-0.642941	0.207413	-0.162088	0.926332	0.283391	0.490804	-0.597683	-0.000781	-0.226291	0.363854	0.258609	0.223905	0.328649	0.282609	0.264513	-0.105245	-0.034704	0.104811	-0.046039	-0.018096	0.064203	0.000301	-0.007942	-0.002530	-0.006073	-0.016879	-0.004852
2024-08-20 21:05:09.879000	0.325336	-0.646608	0.213432	-0.170965	0.929478	0.282870	0.496302	-0.597717	-0.000841	-0.226393	0.367000	0.258088	0.229403	0.331762	0.282029	0.269909	-0.108912	-0.028685	0.095933	-0.049733	-0.012120	0.055428	-0.000916	-0.008214	-0.001694	-0.007296	-0.017144	-0.004010
2024-08-20 21:05:10.142000	0.348993	-0.640871	0.210479	-0.152267	0.931652	0.290781	0.501261	-0.597750	-0.000902	-0.226496	0.369174	0.266000	0.234362	0.333902	0.289880	0.274765	-0.103174	-0.031637	0.114631	-0.044023	-0.015115	0.074229	0.003170	-0.008032	-0.002113	-0.003217	-0.016956	-0.004423
2024-08-20 21:05:10.404000	0.334978	-0.643966	0.207343	-0.155117	0.926718	0.282751	0.490095	-0.597783	-0.000962	-0.226599	0.364239	0.257970	0.223196	0.328935	0.281790	0.263496	-0.106270	-0.034774	0.111782	-0.047145	-0.018294	0.071482	0.001454	-0.008320	-0.002557	-0.004939	-0.017237	-0.004861
2024-08-20 21:05:10.666000	0.330704	-0.649224	0.214684	-0.171579	0.936823	0.287599	0.502283	-0.597816	-0.001022	-0.226701	0.374345	0.262817	0.235384	0.339007	0.286577	0.275581	-0.111528	-0.027433	0.095320	-0.052430	-0.010995	0.055122	-0.001258	-0.008573	-0.001537	-0.007657	-0.017484	-0.003835
2024-08-20 21:05:10.928000	0.328915	-0.646361	0.220057	-0.173931	0.929150	0.282789	0.502846	-0.597849	-0.001082	-0.226804	0.366672	0.258008	0.235947	0.331302	0.281707	0.276042	-0.108664	-0.022060	0.092967	-0.049594	-0.005665	0.052873	-0.000139	-0.008185	-0.000792	-0.006545	-0.017090	-0.003084
2024-08-20 21:05:11.190000	0.337165	-0.635376	0.205331	-0.155107	0.922317	0.286941	0.492271	-0.597882	-0.001142	-0.226907	0.359838	0.262159	0.225373	0.324435	0.285799	0.265365	-0.097679	-0.036786	0.111792	-0.038636	-0.020434	0.071800	0.002679	-0.007183	-0.002857	-0.003734	-0.016081	-0.005143
2024-08-20 21:05:11.452000	0.339053	-0.648334	0.220792	-0.170692	0.937286	0.288953	0.509745	-0.597915	-0.001202	-0.227010	0.374808	0.264171	0.242847	0.339372	0.287751	0.282736	-0.110637	-0.021325	0.096207	-0.051621	-0.005015	0.056318	0.000272	-0.008571	-0.000701	-0.006148	-0.017463	-0.002981
2024-08-20 21:05:11.714000	0.341737	-0.660853	0.225762	-0.175584	0.952412	0.291559	0.517321	-0.597947	-0.001262	-0.227112	0.389934	0.266778	0.250423	0.354465	0.290297	0.290209	-0.123156	-0.016355	0.091314	-0.064168	-0.000088	0.051528	-0.002023	-0.010128	-0.000012	-0.008449	-0.019014	-0.002286
2024-08-20 21:05:11.977000	0.319969	-0.664628	0.233406	-0.197035	0.948226	0.283598	0.517004	-0.597980	-0.001323	-0.227216	0.385748	0.258816	0.250105	0.350246	0.282275	0.289788	-0.126931	-0.008711	0.069863	-0.067971	0.007513	0.030180	-0.005358	-0.010028	0.001050	-0.011790	-0.018907	-0.001218
2024-08-20 21:05:12.239000	0.333388	-0.671261	0.230936	-0.192523	0.966236	0.294975	0.525911	-0.598013	-0.001383	-0.227318	0.403758	0.270193	0.259012	0.368223	0.293592	0.298592	-0.133565	-0.011181	0.074375	-0.074631	0.005001	0.034795	-0.006190	-0.011028	0.000699	-0.012628	-0.019900	-0.001563
2024-08-20 21:05:12.501000	0.325634	-0.677220	0.242949	-0.205776	0.965682	0.288462	0.531410	-0.598046	-0.001443	-0.227421	0.403203	0.263680	0.264512	0.367636	0.287019	0.303989	-0.139523	0.000832	0.061122	-0.080617	0.016970	0.021645	-0.007518	-0.011529	0.002372	-0.013963	-0.020395	0.000116
2024-08-20 21:05:12.763000	0.339650	-0.668212	0.232561	-0.184898	0.960199	0.291986	0.524548	-0.598078	-0.001503	-0.227524	0.397721	0.267205	0.257649	0.362121	0.290483	0.297023	-0.130516	-0.009556	0.082001	-0.071638	0.006540	0.042626	-0.003838	-0.010902	0.000914	-0.010290	-0.019761	-0.001336
2024-08-20 21:05:13.025000	0.343328	-0.667826	0.228098	-0.178003	0.961058	0.293232	0.521330	-0.598111	-0.001564	-0.227627	0.398580	0.268450	0.254432	0.362948	0.291668	0.293703	-0.130130	-0.014019	0.088896	-0.071279	0.002035	0.049624	-0.003297	-0.011030	0.000284	-0.009754	-0.019883	-0.001960
2024-08-20 21:05:13.287000	0.334481	-0.662769	0.225514	-0.183534	0.955270	0.292501	0.518015	-0.598143	-0.001624	-0.227730	0.392792	0.267720	0.251116	0.357127	0.290877	0.290285	-0.125072	-0.016603	0.083365	-0.066250	-0.000592	0.044196	-0.003911	-0.010161	-0.000083	-0.010375	-0.019008	-0.002321
2024-08-20 21:05:13.549000	0.320068	-0.679450	0.241691	-0.210932	0.968759	0.289309	0.531000	-0.598176	-0.001684	-0.227833	0.406281	0.264528	0.264102	0.370583	0.287625	0.303167	-0.141753	-0.000426	0.055966	-0.082958	0.015542	0.016901	-0.009135	-0.011669	0.002173	-0.015606	-0.020509	-0.000060
2024-08-20 21:05:13.811000	0.343526	-0.669351	0.225544	-0.177871	0.965204	0.295854	0.521397	-0.598208	-0.001745	-0.227936	0.402726	0.271072	0.254499	0.366996	0.294109	0.293461	-0.131654	-0.016573	0.089028	-0.072887	-0.000648	0.050065	-0.004026	-0.011226	-0.000091	-0.010503	-0.020059	-0.002317
2024-08-20 21:05:14.074000	0.331499	-0.678997	0.239743	-0.199398	0.970151	0.291154	0.530897	-0.598240	-0.001805	-0.228040	0.407672	0.266373	0.263998	0.371910	0.289349	0.302857	-0.141300	-0.002374	0.067501	-0.082561	0.013508	0.028642	-0.007202	-0.011972	0.001888	-0.013685	-0.020799	-0.000332
2024-08-20 21:05:14.336000	0.314402	-0.681247	0.240111	-0.213264	0.968803	0.287556	0.527667	-0.598273	-0.001865	-0.228143	0.406325	0.262774	0.260768	0.370531	0.285691	0.299524	-0.143550	-0.002006	0.053634	-0.084840	0.013833	0.014878	-0.010200	-0.011833	0.001934	-0.016690	-0.020653	-0.000280
2024-08-20 21:05:14.598000	0.330008	-0.677889	0.232109	-0.193365	0.969153	0.291264	0.523373	-0.598305	-0.001926	-0.228246	0.406675	0.266482	0.256474	0.370848	0.289338	0.295127	-0.140193	-0.010008	0.073534	-0.081510	0.005789	0.034881	-0.007296	-0.011947	0.000809	-0.013792	-0.020761	-0.001399
2024-08-20 21:05:14.860000	0.340644	-0.672199	0.234226	-0.187767	0.966384	0.294185	0.528411	-0.598337	-0.001986	-0.228349	0.403905	0.269403	0.261513	0.368047	0.292199	0.300062	-0.134502	-0.007891	0.079131	-0.075848	0.007863	0.040582	-0.004755	-0.011407	0.001099	-0.011258	-0.020214	-0.001103
2024-08-20 21:05:15.122000	0.340047	-0.675350	0.235071	-0.187007	0.967334	0.291983	0.527054	-0.598369	-0.002047	-0.228452	0.404855	0.267202	0.260156	0.368965	0.289937	0.298602	-0.137654	-0.007046	0.079892	-0.079028	0.008665	0.041445	-0.005025	-0.011863	0.001211	-0.011533	-0.020664	-0.000985
2024-08-20 21:05:15.384000	0.351280	-0.660683	0.225916	-0.167112	0.953159	0.292476	0.518392	-0.598401	-0.002107	-0.228556	0.390680	0.267694	0.251493	0.354758	0.290369	0.289836	-0.122986	-0.016201	0.099786	-0.064389	-0.000532	0.061443	-0.000249	-0.010472	-0.000074	-0.006763	-0.019266	-0.002265
2024-08-20 21:05:15.646000	0.313607	-0.679197	0.241289	-0.214420	0.965936	0.286739	0.528027	-0.598433	-0.002167	-0.228659	0.403458	0.261957	0.261129	0.367503	0.284572	0.299369	-0.141501	-0.000828	0.052478	-0.082932	0.014797	0.014238	-0.009784	-0.011571	0.002069	-0.016305	-0.020359	-0.000116
2024-08-20 21:05:15.909000	0.334580	-0.672116	0.227725	-0.184198	0.963169	0.291053	0.518779	-0.598465	-0.002228	-0.228762	0.400691	0.266272	0.251880	0.364704	0.288825	0.290016	-0.134419	-0.014392	0.082700	-0.075879	0.001191	0.044564	-0.005281	-0.011464	0.000166	-0.011808	-0.020245	-0.002012
2024-08-20 21:05:16.171000	0.353963	-0.660256	0.226632	-0.168157	0.955744	0.295488	0.522120	-0.598497	-0.002288	-0.228866	0.393265	0.270706	0.255222	0.357247	0.293200	0.293254	-0.122559	-0.015485	0.098742	-0.064047	0.000055	0.060709	-0.000213	-0.010410	0.000008	-0.006747	-0.019184	-0.002165
2024-08-20 21:05:16.433000	0.314104	-0.682735	0.240106	-0.212514	0.969248	0.286512	0.526618	-0.598529	-0.002349	-0.228969	0.406770	0.261731	0.259720	0.370719	0.284164	0.297649	-0.145039	-0.002011	0.054384	-0.086556	0.013485	0.016455	-0.010282	-0.012106	0.001885	-0.016822	-0.020874	-0.000281
2024-08-20 21:05:16.695000	0.323149	-0.680583	0.240926	-0.205213	0.968020	0.287437	0.528363	-0.598561	-0.002409	-0.229073	0.405541	0.262655	0.261464	0.369459	0.285028	0.299290	-0.142886	-0.001191	0.061685	-0.084432	0.014263	0.023859	-0.008320	-0.012073	0.001994	-0.014867	-0.020834	-0.000167
2024-08-20 21:05:16.957000	0.319571	-0.674557	0.237780	-0.205817	0.962165	0.287608	0.525388	-0.598592	-0.002470	-0.229176	0.399687	0.262826	0.258489	0.363573	0.285138	0.296212	-0.136861	-0.004337	0.061082	-0.078435	0.011074	0.023359	-0.007919	-0.011230	0.001548	-0.014471	-0.019984	-0.000606
2024-08-20 21:05:17.219000	0.333388	-0.672662	0.228178	-0.187053	0.964925	0.292263	0.520440	-0.598624	-0.002530	-0.229279	0.402446	0.267481	0.253542	0.366301	0.289732	0.291161	-0.134965	-0.013939	0.079846	-0.076568	0.001429	0.042227	-0.005811	-0.011483	0.000200	-0.012370	-0.020230	-0.001949
2024-08-20 21:05:17.481000	0.314502	-0.685738	0.243242	-0.214400	0.971398	0.285660	0.528902	-0.598656	-0.002591	-0.229383	0.408920	0.260878	0.262003	0.372742	0.283069	0.299519	-0.148041	0.001125	0.052498	-0.089673	0.016450	0.014983	-0.010572	-0.012504	0.002300	-0.017137	-0.021244	0.000157
2024-08-20 21:05:17.744000	0.347403	-0.664077	0.228158	-0.176639	0.959961	0.295884	0.524042	-0.598687	-0.002652	-0.229487	0.397483	0.271102	0.257143	0.361274	0.293232	0.294555	-0.126380	-0.013959	0.090260	-0.068041	0.001323	0.052848	-0.002216	-0.010698	0.000185	-0.008787	-0.019432	-0.001951
2024-08-20 21:05:18.006000	0.310625	-0.680130	0.236115	-0.211470	0.966110	0.285980	0.522095	-0.598719	-0.002712	-0.229590	0.403631	0.261198	0.255196	0.367391	0.283268	0.292504	-0.142433	-0.006002	0.055429	-0.084123	0.009237	0.018121	-0.010330	-0.011791	0.001291	-0.016907	-0.020519	-0.000839
2024-08-20 21:05:18.268000	0.319770	-0.678961	0.238635	-0.204275	0.964371	0.285411	0.524045	-0.598750	-0.002773	-0.229694	0.401893	0.260629	0.257147	0.365621	0.282638	0.294351	-0.141264	-0.003482	0.062623	-0.082983	0.011713	0.025419	-0.008243	-0.011903	0.001638	-0.014827	-0.020624	-0.000487
2024-08-20 21:05:18.530000	0.322454	-0.672801	0.228575	-0.192974	0.959654	0.286853	0.515428	-0.598782	-0.002833	-0.229798	0.397175	0.262071	0.248529	0.360872	0.284019	0.285630	-0.135104	-0.013542	0.073924	-0.076853	0.001611	0.036823	-0.006864	-0.011348	0.000225	-0.013454	-0.020062	-0.001893
2024-08-20 21:05:18.792000	0.330207	-0.677699	0.230707	-0.188741	0.965939	0.288240	0.518948	-0.598813	-0.002894	-0.229901	0.403461	0.263459	0.252049	0.367126	0.285346	0.289046	-0.140002	-0.011410	0.078158	-0.081780	0.003700	0.041160	-0.006544	-0.012162	0.000517	-0.013140	-0.020869	-0.001595
2024-08-20 21:05:19.054000	0.308041	-0.686248	0.243152	-0.221351	0.972487	0.286239	0.529392	-0.598844	-0.002955	-0.230005	0.410009	0.261458	0.262493	0.373643	0.283285	0.299387	-0.148551	0.001035	0.045547	-0.090358	0.016102	0.008654	-0.011979	-0.012386	0.002251	-0.018581	-0.021087	0.000145
2024-08-20 21:05:19.316000	0.337861	-0.674619	0.227402	-0.183858	0.968936	0.294317	0.521719	-0.598875	-0.003015	-0.230109	0.406457	0.269535	0.254821	0.370060	0.291301	0.291610	-0.136922	-0.014715	0.083040	-0.078759	0.000309	0.046250	-0.005661	-0.011889	0.000043	-0.012269	-0.020583	-0.002057
2024-08-20 21:05:19.579000	0.343924	-0.666673	0.224808	-0.173186	0.958975	0.292302	0.517110	-0.598907	-0.003076	-0.230213	0.396496	0.267520	0.250212	0.360068	0.289226	0.286897	-0.128976	-0.017309	0.093712	-0.070842	-0.002329	0.057027	-0.002636	-0.011161	-0.000326	-0.009250	-0.019849	-0.002420
2024-08-20 21:05:19.841000	0.319372	-0.670504	0.223973	-0.189065	0.954969	0.284465	0.508438	-0.598938	-0.003137	-0.230317	0.392490	0.259683	0.241539	0.356031	0.281328	0.278121	-0.132808	-0.018144	0.077833	-0.074703	-0.003207	0.041251	-0.006544	-0.011153	-0.000448	-0.013164	-0.019834	-0.002537
2024-08-20 21:05:20.103000	0.308538	-0.671143	0.230275	-0.205223	0.954629	0.283486	0.513761	-0.598969	-0.003197	-0.230420	0.392151	0.258704	0.246862	0.355660	0.280289	0.283341	-0.133446	-0.011842	0.061675	-0.075372	0.003052	0.025197	-0.008542	-0.010795	0.000427	-0.015168	-0.019468	-0.001656
2024-08-20 21:05:20.365000	0.330008	-0.671333	0.234867	-0.193689	0.960163	0.288830	0.523697	-0.599000	-0.003258	-0.230524	0.397685	0.264048	0.256799	0.361164	0.285572	0.293173	-0.133637	-0.007250	0.073209	-0.075592	0.007601	0.036835	-0.005477	-0.011249	0.001063	-0.012109	-0.019916	-0.001014
2024-08-20 21:05:20.627000	0.331499	-0.672173	0.232223	-0.188731	0.960179	0.288006	0.520230	-0.599031	-0.003319	-0.230628	0.397701	0.263225	0.253331	0.361149	0.284688	0.289602	-0.134476	-0.009894	0.078168	-0.076461	0.004914	0.041897	-0.005184	-0.011497	0.000687	-0.011823	-0.020157	-0.001383
2024-08-20 21:05:20.889000	0.332692	-0.658242	0.215057	-0.169632	0.945509	0.287267	0.502324	-0.599062	-0.003380	-0.230732	0.383031	0.262485	0.235425	0.346448	0.283887	0.271592	-0.120545	-0.027060	0.097267	-0.062560	-0.012295	0.061100	-0.002238	-0.010088	-0.001719	-0.008883	-0.018741	-0.003783
2024-08-20 21:05:21.151000	0.315993	-0.659808	0.212691	-0.177648	0.940757	0.280949	0.493640	-0.599092	-0.003440	-0.230836	0.378279	0.256168	0.226742	0.341664	0.277509	0.262804	-0.122111	-0.029426	0.089251	-0.064156	-0.014704	0.053188	-0.004513	-0.010017	-0.002056	-0.011164	-0.018663	-0.004114
2024-08-20 21:05:21.414000	0.319969	-0.659051	0.217338	-0.177572	0.939253	0.280202	0.497540	-0.599123	-0.003501	-0.230940	0.376774	0.255421	0.230642	0.340130	0.276701	0.266600	-0.121354	-0.024779	0.089327	-0.063429	-0.010101	0.053369	-0.003459	-0.009978	-0.001412	-0.010116	-0.018618	-0.003464
2024-08-20 21:05:21.676000	0.305357	-0.668995	0.230414	-0.202009	0.945947	0.276952	0.507366	-0.599154	-0.003562	-0.231044	0.383469	0.252170	0.240467	0.346793	0.273390	0.276322	-0.131299	-0.011703	0.064889	-0.073403	0.002932	0.029035	-0.007464	-0.010657	0.000410	-0.014128	-0.019290	-0.001636
2024-08-20 21:05:21.938000	0.341340	-0.649894	0.215449	-0.159360	0.935144	0.285250	0.500700	-0.599185	-0.003623	-0.231148	0.372666	0.260469	0.233801	0.335960	0.281627	0.269552	-0.112197	-0.026667	0.107538	-0.054332	-0.012076	0.071788	0.001377	-0.009348	-0.001688	-0.005292	-0.017974	-0.003728
2024-08-20 21:05:22.200000	0.310526	-0.668058	0.226582	-0.192001	0.944002	0.275944	0.502526	-0.599215	-0.003684	-0.231252	0.381524	0.251163	0.235628	0.344787	0.272261	0.271274	-0.130361	-0.015535	0.074898	-0.072526	-0.000986	0.039251	-0.006097	-0.010826	-0.000138	-0.012772	-0.019445	-0.002172
2024-08-20 21:05:22.462000	0.307047	-0.666889	0.229530	-0.201776	0.946182	0.279293	0.508822	-0.599246	-0.003744	-0.231356	0.383704	0.254511	0.241924	0.346936	0.275548	0.277466	-0.129192	-0.012587	0.065123	-0.071388	0.001918	0.029580	-0.007182	-0.010397	0.000268	-0.013863	-0.019009	-0.001760
2024-08-20 21:05:22.724000	0.315197	-0.667342	0.227303	-0.189704	0.944941	0.277599	0.504902	-0.599276	-0.003805	-0.231460	0.382462	0.252817	0.238003	0.345665	0.273793	0.273441	-0.129645	-0.014814	0.077194	-0.071871	-0.000352	0.041756	-0.005374	-0.010828	-0.000049	-0.012061	-0.019433	-0.002071
2024-08-20 21:05:22.986000	0.298200	-0.678404	0.236289	-0.215135	0.955451	0.277047	0.513335	-0.599307	-0.003866	-0.231564	0.392973	0.252265	0.246437	0.356144	0.273180	0.281771	-0.140708	-0.005828	0.051763	-0.082964	0.008590	0.016429	-0.010564	-0.011576	0.001201	-0.017257	-0.020175	-0.000815
2024-08-20 21:05:23.249000	0.310227	-0.681494	0.231617	-0.203758	0.963863	0.282369	0.513986	-0.599337	-0.003927	-0.231669	0.401385	0.257587	0.247087	0.364526	0.278442	0.282317	-0.143798	-0.010500	0.063140	-0.086084	0.003875	0.027911	-0.009847	-0.012305	0.000542	-0.016546	-0.020897	-0.001468
2024-08-20 21:05:23.511000	0.314800	-0.665885	0.219127	-0.185760	0.947317	0.281432	0.500560	-0.599367	-0.003988	-0.231773	0.384839	0.256651	0.233661	0.347950	0.277444	0.268786	-0.128188	-0.022990	0.081139	-0.070505	-0.008658	0.046013	-0.005902	-0.010691	-0.001210	-0.012607	-0.019276	-0.003214
2024-08-20 21:05:23.773000	0.335574	-0.665050	0.217283	-0.170671	0.954013	0.288962	0.506246	-0.599398	-0.004049	-0.231877	0.391534	0.264181	0.239347	0.354615	0.284913	0.274368	-0.127354	-0.024834	0.096227	-0.069702	-0.010545	0.061206	-0.003203	-0.011053	-0.001474	-0.009915	-0.019631	-0.003472
2024-08-20 21:05:24.035000	0.334282	-0.654580	0.212751	-0.163715	0.939827	0.285247	0.497998	-0.599428	-0.004110	-0.231982	0.377349	0.260465	0.231099	0.340399	0.281137	0.266016	-0.116884	-0.029366	0.103183	-0.059262	-0.015121	0.068266	-0.000797	-0.009851	-0.002114	-0.007514	-0.018422	-0.004105
2024-08-20 21:05:24.297000	0.337960	-0.659921	0.213720	-0.167949	0.952110	0.292189	0.505909	-0.599458	-0.004171	-0.232086	0.389632	0.267407	0.239010	0.352652	0.288018	0.273823	-0.122224	-0.028397	0.098950	-0.064634	-0.014195	0.064137	-0.002405	-0.010438	-0.001984	-0.009128	-0.019002	-0.003970
2024-08-20 21:05:24.559000	0.310029	-0.670309	0.220161	-0.193877	0.954053	0.283744	0.503905	-0.599488	-0.004232	-0.232190	0.391575	0.258963	0.237007	0.354565	0.279513	0.271715	-0.132612	-0.021956	0.073022	-0.075052	-0.007797	0.038313	-0.008054	-0.011053	-0.001090	-0.014784	-0.019610	-0.003069
2024-08-20 21:05:24.821000	0.334580	-0.660802	0.221354	-0.174636	0.948664	0.287863	0.509217	-0.599518	-0.004293	-0.232295	0.386186	0.263081	0.242318	0.349146	0.283570	0.276922	-0.123105	-0.020763	0.092262	-0.065576	-0.006648	0.057658	-0.002370	-0.010438	-0.000929	-0.009105	-0.018988	-0.002903
2024-08-20 21:05:25.084000	0.341240	-0.662372	0.218620	-0.164491	0.949483	0.287111	0.505731	-0.599548	-0.004354	-0.232399	0.387005	0.262329	0.238833	0.349935	0.282757	0.273332	-0.124676	-0.023497	0.102407	-0.067178	-0.009425	0.067908	-0.001236	-0.010949	-0.001318	-0.007977	-0.019492	-0.003285
2024-08-20 21:05:25.346000	0.299691	-0.669866	0.222552	-0.200934	0.947939	0.278074	0.500625	-0.599578	-0.004415	-0.232504	0.385461	0.253292	0.233727	0.348361	0.273659	0.268122	-0.132169	-0.019565	0.065964	-0.074702	-0.005537	0.031569	-0.008848	-0.010815	-0.000774	-0.015595	-0.019351	-0.002735
2024-08-20 21:05:25.608000	0.321360	-0.653653	0.210808	-0.171949	0.936155	0.282502	0.493309	-0.599608	-0.004476	-0.232608	0.373677	0.257720	0.226411	0.336547	0.278026	0.260701	-0.115957	-0.031309	0.094950	-0.058521	-0.017325	0.060659	-0.002541	-0.009484	-0.002422	-0.009294	-0.018013	-0.004377
2024-08-20 21:05:25.870000	0.315993	-0.666745	0.222169	-0.187975	0.948544	0.281799	0.503968	-0.599638	-0.004537	-0.232712	0.386065	0.257017	0.237069	0.348906	0.277262	0.271255	-0.129048	-0.019948	0.078923	-0.071644	-0.006007	0.044737	-0.005847	-0.010830	-0.000840	-0.012606	-0.019352	-0.002789
2024-08-20 21:05:26.132000	0.320267	-0.667079	0.226046	-0.187357	0.948658	0.281578	0.507624	-0.599667	-0.004598	-0.232817	0.386179	0.256796	0.240725	0.348990	0.276980	0.274807	-0.129383	-0.016071	0.079542	-0.072010	-0.002174	0.045460	-0.005040	-0.010945	-0.000304	-0.011804	-0.019460	-0.002247
2024-08-20 21:05:26.394000	0.311718	-0.665112	0.220792	-0.192371	0.948409	0.283297	0.504089	-0.599697	-0.004659	-0.232921	0.385931	0.258516	0.237191	0.348712	0.278638	0.271168	-0.127415	-0.021325	0.074528	-0.070074	-0.007470	0.040550	-0.006641	-0.010472	-0.001044	-0.013411	-0.018980	-0.002981
2024-08-20 21:05:26.656000	0.302375	-0.679321	0.230404	-0.206050	0.957341	0.278020	0.508425	-0.599727	-0.004720	-0.233026	0.394863	0.253239	0.241526	0.357615	0.273301	0.275399	-0.141624	-0.011713	0.060849	-0.084314	0.002098	0.026976	-0.010040	-0.012022	0.000293	-0.016816	-0.020523	-0.001637
2024-08-20 21:05:26.919000	0.322354	-0.670442	0.223889	-0.185253	0.954161	0.283718	0.507607	-0.599756	-0.004781	-0.233131	0.391682	0.258937	0.240708	0.354405	0.278937	0.274476	-0.132746	-0.018228	0.081646	-0.075467	-0.004461	0.047878	-0.005656	-0.011453	-0.000624	-0.012438	-0.019947	-0.002548
2024-08-20 21:05:27.181000	0.330505	-0.662795	0.221001	-0.177815	0.950114	0.287319	0.508320	-0.599786	-0.004842	-0.233235	0.387635	0.262537	0.241421	0.350328	0.282477	0.275085	-0.125098	-0.021116	0.089084	-0.067851	-0.007392	0.055420	-0.003363	-0.010658	-0.001033	-0.010151	-0.019145	-0.002952
2024-08-20 21:05:27.443000	0.318776	-0.659983	0.211563	-0.178525	0.945720	0.285738	0.497301	-0.599815	-0.004903	-0.233340	0.383242	0.260956	0.230402	0.345905	0.280834	0.263961	-0.122286	-0.030554	0.088374	-0.065071	-0.016874	0.054815	-0.004788	-0.010165	-0.002359	-0.011582	-0.018645	-0.004271
2024-08-20 21:05:27.705000	0.321261	-0.664747	0.219649	-0.182885	0.949243	0.284497	0.504146	-0.599844	-0.004964	-0.233445	0.386765	0.259715	0.237247	0.349399	0.279532	0.270701	-0.127050	-0.022468	0.084014	-0.069866	-0.008831	0.050560	-0.004945	-0.010751	-0.001235	-0.011745	-0.019224	-0.003141
2024-08-20 21:05:27.967000	0.323845	-0.663619	0.218113	-0.177698	0.947049	0.283430	0.501544	-0.599874	-0.005025	-0.233549	0.384571	0.258649	0.234645	0.347175	0.278405	0.267994	-0.125922	-0.024004	0.089200	-0.068770	-0.010411	0.055851	-0.004032	-0.010759	-0.001455	-0.010837	-0.019225	-0.003356
2024-08-20 21:05:28.229000	0.318975	-0.669201	0.221071	-0.187433	0.954538	0.285337	0.506407	-0.599903	-0.005086	-0.233654	0.392060	0.260555	0.239509	0.354635	0.280250	0.272753	-0.131505	-0.021046	0.079466	-0.074385	-0.007497	0.046221	-0.006357	-0.011223	-0.001048	-0.013168	-0.019682	-0.002942
2024-08-20 21:05:28.491000	0.322056	-0.668063	0.228496	-0.190095	0.951718	0.283655	0.512151	-0.599932	-0.005148	-0.233759	0.389240	0.258873	0.245252	0.351786	0.278507	0.278392	-0.130366	-0.013621	0.076804	-0.073279	-0.000115	0.043664	-0.005223	-0.011077	-0.000016	-0.012040	-0.019529	-0.001904
2024-08-20 21:05:28.754000	0.319074	-0.668264	0.228744	-0.195814	0.954407	0.286143	0.514888	-0.599961	-0.005209	-0.233864	0.391929	0.261362	0.247989	0.354446	0.280934	0.281024	-0.130567	-0.013373	0.071085	-0.073512	0.000089	0.038050	-0.006303	-0.010930	0.000013	-0.013126	-0.019374	-0.001870
2024-08-20 21:05:29.016000	0.323845	-0.670860	0.227025	-0.188067	0.955747	0.284887	0.511912	-0.599990	-0.005270	-0.233969	0.393268	0.260106	0.245013	0.355756	0.279617	0.277943	-0.133163	-0.015092	0.078832	-0.076139	-0.001674	0.045902	-0.005623	-0.011510	-0.000234	-0.012452	-0.019947	-0.002110
2024-08-20 21:05:29.278000	0.314800	-0.671184	0.221687	-0.190297	0.954594	0.283410	0.505097	-0.600019	-0.005331	-0.234073	0.392116	0.258629	0.238199	0.354575	0.278079	0.271024	-0.133487	-0.020430	0.076601	-0.076496	-0.007055	0.043776	-0.007132	-0.011428	-0.000986	-0.013966	-0.019858	-0.002856
2024-08-20 21:05:29.540000	0.309730	-0.667255	0.227303	-0.199626	0.949308	0.282054	0.509357	-0.600048	-0.005392	-0.234178	0.386830	0.257272	0.242458	0.349260	0.276661	0.275178	-0.129558	-0.014814	0.067272	-0.072599	-0.001483	0.034552	-0.007107	-0.010679	-0.000207	-0.013947	-0.019102	-0.002071
2024-08-20 21:05:29.802000	0.334879	-0.657392	0.212676	-0.170869	0.950464	0.293072	0.505748	-0.600077	-0.005454	-0.234283	0.387985	0.268290	0.238849	0.350387	0.287618	0.271465	-0.119696	-0.029441	0.096029	-0.062769	-0.016153	0.063414	-0.002575	-0.010146	-0.002258	-0.009420	-0.018562	-0.004116
2024-08-20 21:05:30.064000	0.295218	-0.662084	0.226548	-0.210582	0.941337	0.279253	0.505800	-0.600106	-0.005515	-0.234388	0.378859	0.254471	0.238902	0.341231	0.273738	0.271413	-0.124387	-0.015569	0.056316	-0.067493	-0.002325	0.023805	-0.008383	-0.009650	-0.000325	-0.015235	-0.018058	-0.002177
2024-08-20 21:05:30.326000	0.324839	-0.668624	0.221821	-0.183929	0.955572	0.286948	0.508769	-0.600135	-0.005576	-0.234493	0.393094	0.262166	0.241870	0.355437	0.281372	0.274276	-0.130928	-0.020296	0.082969	-0.074066	-0.007096	0.050563	-0.005388	-0.011325	-0.000992	-0.012246	-0.019727	-0.002837
2024-08-20 21:05:30.589000	0.314601	-0.667296	0.221319	-0.190769	0.951347	0.284051	0.505370	-0.600164	-0.005638	-0.234598	0.388868	0.259269	0.238471	0.351183	0.278413	0.270772	-0.129599	-0.020798	0.076130	-0.072770	-0.007641	0.043829	-0.006544	-0.010931	-0.001068	-0.013407	-0.019326	-0.002908
2024-08-20 21:05:30.851000	0.307245	-0.660838	0.216503	-0.188710	0.940290	0.279453	0.495956	-0.600192	-0.005699	-0.234703	0.377812	0.254671	0.229057	0.340098	0.273754	0.261253	-0.123141	-0.025614	0.078188	-0.066344	-0.012501	0.045992	-0.005874	-0.010098	-0.001748	-0.012743	-0.018485	-0.003581
2024-08-20 21:05:31.113000	0.331201	-0.670854	0.222119	-0.180370	0.960306	0.289452	0.511571	-0.600221	-0.005760	-0.234808	0.397828	0.264670	0.244673	0.360085	0.283692	0.276763	-0.133158	-0.019998	0.086528	-0.076394	-0.006929	0.054438	-0.005045	-0.011759	-0.000969	-0.011919	-0.020139	-0.002796
2024-08-20 21:05:31.375000	0.333686	-0.658979	0.213506	-0.168415	0.947573	0.288595	0.502101	-0.600249	-0.005821	-0.234913	0.385095	0.263813	0.235202	0.347324	0.282774	0.267188	-0.121282	-0.028611	0.098483	-0.064550	-0.015585	0.066498	-0.002204	-0.010487	-0.002179	-0.009084	-0.018860	-0.004000
2024-08-20 21:05:31.637000	0.311122	-0.671493	0.225956	-0.196949	0.953608	0.282115	0.508071	-0.600278	-0.005883	-0.235018	0.391130	0.257334	0.241173	0.353330	0.276233	0.273053	-0.133796	-0.016161	0.069949	-0.077098	-0.003179	0.038069	-0.007592	-0.011367	-0.000444	-0.014478	-0.019732	-0.002259
2024-08-20 21:05:31.899000	0.301878	-0.678219	0.234331	-0.211003	0.956769	0.278551	0.512881	-0.600306	-0.005944	-0.235123	0.394291	0.253769	0.245982	0.356463	0.272607	0.277758	-0.140522	-0.007786	0.055895	-0.083857	0.005151	0.024120	-0.009916	-0.011903	0.000720	-0.016807	-0.020262	-0.001089
2024-08-20 21:05:32.161000	0.324442	-0.666770	0.209317	-0.175498	0.957394	0.290623	0.499940	-0.600335	-0.006005	-0.235228	0.394915	0.265842	0.233041	0.357059	0.284618	0.264712	-0.129074	-0.032800	0.091401	-0.072441	-0.019906	0.059730	-0.005794	-0.011263	-0.002783	-0.012691	-0.019613	-0.004585
2024-08-20 21:05:32.424000	0.307345	-0.677647	0.232213	-0.209290	0.962068	0.284421	0.516634	-0.600363	-0.006067	-0.235333	0.399590	0.259639	0.249736	0.361705	0.278354	0.281301	-0.139951	-0.009904	0.057609	-0.083351	0.002947	0.026044	-0.009877	-0.011874	0.000412	-0.016780	-0.020218	-0.001385
2024-08-20 21:05:32.686000	0.330505	-0.670144	0.217000	-0.176182	0.959831	0.289687	0.506687	-0.600391	-0.006128	-0.235439	0.397353	0.264906	0.239789	0.359440	0.283559	0.271249	-0.132447	-0.025117	0.090716	-0.075881	-0.012310	0.059256	-0.005061	-0.011786	-0.001721	-0.011969	-0.020123	-0.003511
2024-08-20 21:05:32.948000	0.317583	-0.671205	0.223585	-0.189866	0.955069	0.283864	0.507449	-0.600419	-0.006189	-0.235544	0.392590	0.259082	0.240551	0.354649	0.277675	0.271906	-0.133508	-0.018532	0.077032	-0.076975	-0.005769	0.045677	-0.006609	-0.011567	-0.000807	-0.013522	-0.019896	-0.002591
2024-08-20 21:05:33.210000	0.306351	-0.676973	0.229694	-0.202835	0.956465	0.279493	0.509186	-0.600447	-0.006251	-0.235649	0.393987	0.254711	0.242288	0.356018	0.273242	0.273537	-0.139276	-0.012423	0.064063	-0.082776	0.000295	0.032813	-0.008983	-0.011986	0.000041	-0.015902	-0.020308	-0.001737
2024-08-20 21:05:33.472000	0.328915	-0.667589	0.225404	-0.183463	0.954563	0.286973	0.512378	-0.600475	-0.006312	-0.235754	0.392084	0.262192	0.245479	0.354087	0.280661	0.276624	-0.129893	-0.016713	0.083436	-0.073426	-0.004038	0.052291	-0.004351	-0.011331	-0.000564	-0.011275	-0.019645	-0.002336
2024-08-20 21:05:33.734000	0.316887	-0.668758	0.227049	-0.192949	0.951545	0.282787	0.509836	-0.600503	-0.006373	-0.235859	0.389067	0.258005	0.242938	0.351042	0.276413	0.273977	-0.131062	-0.015067	0.073950	-0.074628	-0.002436	0.042910	-0.006064	-0.011205	-0.000341	-0.012994	-0.019513	-0.002106
2024-08-20 21:05:33.996000	0.327523	-0.667734	0.220867	-0.181541	0.955931	0.288198	0.509064	-0.600531	-0.006435	-0.235965	0.393453	0.263416	0.242166	0.355400	0.281763	0.273100	-0.130037	-0.021250	0.085357	-0.073637	-0.008663	0.054423	-0.004871	-0.011375	-0.001211	-0.011806	-0.019675	-0.002971
2024-08-20 21:05:34.259000	0.321261	-0.669103	0.218521	-0.181258	0.953101	0.283997	0.502518	-0.600559	-0.006496	-0.236070	0.390622	0.259216	0.235620	0.352542	0.277501	0.266448	-0.131407	-0.023596	0.085641	-0.075041	-0.011053	0.054813	-0.005515	-0.011547	-0.001545	-0.012457	-0.019839	-0.003299
2024-08-20 21:05:34.521000	0.319074	-0.670061	0.223675	-0.188077	0.953537	0.283476	0.507151	-0.600587	-0.006558	-0.236175	0.391059	0.258694	0.240252	0.352950	0.276918	0.270975	-0.132365	-0.018442	0.078822	-0.076032	-0.005943	0.048099	-0.006003	-0.011518	-0.000831	-0.012950	-0.019804	-0.002578
2024-08-20 21:05:34.783000	0.341439	-0.663335	0.218248	-0.168476	0.955003	0.291667	0.509915	-0.600615	-0.006619	-0.236281	0.392525	0.266886	0.243017	0.354388	0.285048	0.273634	-0.125639	-0.023869	0.098422	-0.069340	-0.011414	0.067805	-0.002039	-0.011208	-0.001596	-0.008991	-0.019486	-0.003337
2024-08-20 21:05:35.045000	0.313110	-0.676854	0.232377	-0.199165	0.956752	0.279897	0.512275	-0.600642	-0.006681	-0.236386	0.394273	0.255116	0.245376	0.356109	0.273217	0.275889	-0.139157	-0.009740	0.067734	-0.082893	0.002672	0.037221	-0.007703	-0.012170	0.000374	-0.014660	-0.020441	-0.001362
2024-08-20 21:05:35.307000	0.339650	-0.661672	0.216354	-0.167432	0.952399	0.290727	0.507081	-0.600670	-0.006742	-0.236491	0.389921	0.265946	0.240183	0.351730	0.283985	0.270590	-0.123975	-0.025763	0.099467	-0.067744	-0.013395	0.069060	-0.001883	-0.011016	-0.001873	-0.008847	-0.019279	-0.003602
2024-08-20 21:05:35.569000	0.326131	-0.667749	0.220618	-0.179833	0.953095	0.285346	0.505964	-0.600697	-0.006804	-0.236597	0.390617	0.260564	0.239066	0.352398	0.278542	0.269368	-0.130052	-0.021499	0.087066	-0.073855	-0.009175	0.056764	-0.004561	-0.011474	-0.001283	-0.011529	-0.019730	-0.003006
2024-08-20 21:05:35.831000	0.311818	-0.674645	0.222895	-0.194830	0.958398	0.283753	0.506648	-0.600725	-0.006865	-0.236702	0.395920	0.258972	0.239749	0.357673	0.276888	0.269946	-0.136948	-0.019222	0.072069	-0.080785	-0.006943	0.041872	-0.008270	-0.011934	-0.000971	-0.015244	-0.020182	-0.002687
2024-08-20 21:05:36.094000	0.311917	-0.668728	0.226319	-0.197218	0.951544	0.282816	0.509135	-0.600752	-0.006927	-0.236808	0.389065	0.258035	0.242237	0.350791	0.275890	0.272327	-0.131031	-0.015798	0.069681	-0.074902	-0.003562	0.039590	-0.006967	-0.011122	-0.000498	-0.013947	-0.019363	-0.002209
2024-08-20 21:05:36.356000	0.330207	-0.657444	0.209719	-0.167533	0.945465	0.288021	0.497740	-0.600780	-0.006988	-0.236913	0.382986	0.263239	0.230841	0.344685	0.281033	0.260826	-0.119747	-0.032398	0.099365	-0.063652	-0.020206	0.069380	-0.002374	-0.010410	-0.002825	-0.009359	-0.018643	-0.004529
2024-08-20 21:05:36.618000	0.309929	-0.672956	0.229256	-0.201685	0.955313	0.282358	0.511614	-0.600807	-0.007050	-0.237019	0.392835	0.257576	0.244715	0.354506	0.275308	0.274595	-0.135259	-0.012861	0.065214	-0.079198	-0.000713	0.035334	-0.008031	-0.011584	-0.000100	-0.015022	-0.019810	-0.001798
2024-08-20 21:05:36.880000	0.304164	-0.679712	0.231870	-0.207738	0.959744	0.280032	0.511902	-0.600834	-0.007111	-0.237124	0.397266	0.255250	0.245004	0.358910	0.272921	0.274778	-0.142016	-0.010247	0.059160	-0.085989	0.001857	0.029386	-0.009935	-0.012318	0.000260	-0.016931	-0.020536	-0.001432
2024-08-20 21:05:37.142000	0.325137	-0.673522	0.227596	-0.188138	0.959201	0.285679	0.513275	-0.600861	-0.007173	-0.237230	0.396723	0.260897	0.246376	0.358340	0.278506	0.276045	-0.135825	-0.014521	0.078761	-0.079834	-0.002461	0.049092	-0.005847	-0.012091	-0.000344	-0.012849	-0.020302	-0.002030
2024-08-20 21:05:37.404000	0.306251	-0.673342	0.228009	-0.201294	0.952879	0.279537	0.507546	-0.600888	-0.007234	-0.237335	0.390400	0.254755	0.240647	0.351990	0.272303	0.270210	-0.135645	-0.014108	0.065604	-0.079688	-0.002093	0.036041	-0.008251	-0.011656	-0.000293	-0.015258	-0.019860	-0.001972
2024-08-20 21:05:37.666000	0.320366	-0.675515	0.228933	-0.192746	0.959694	0.284179	0.513112	-0.600915	-0.007296	-0.237441	0.397216	0.259398	0.246214	0.358779	0.276884	0.275671	-0.137818	-0.013184	0.074152	-0.081896	-0.001212	0.044695	-0.006832	-0.012236	-0.000169	-0.013844	-0.020432	-0.001843
2024-08-20 21:05:37.929000	0.333089	-0.664499	0.220673	-0.174443	0.951359	0.286860	0.507533	-0.600942	-0.007358	-0.237547	0.388881	0.262078	0.240634	0.350417	0.279502	0.269986	-0.126803	-0.021444	0.092455	-0.070914	-0.009516	0.063103	-0.002866	-0.011286	-0.001330	-0.009884	-0.019475	-0.002998
2024-08-20 21:05:45.610000	nan	nan	nan	nan	nan	nan	nan	-0.601703	-0.009166	-0.240652	nan	nan	nan	nan	nan	nan	nan	nan	nan	nan	nan	nan	nan	nan	nan	nan	nan	nan
2024-08-20 21:05:45.872000	0.345713	-0.679079	0.238202	-0.184340	0.970930	0.291851	0.530053	-0.601728	-0.009228	-0.240758	0.408452	0.267070	0.263155	0.369202	0.282623	0.289296	-0.141382	-0.003915	0.082558	-0.086579	0.006673	0.056418	-0.003936	-0.013320	0.000933	-0.011110	-0.021277	-0.000547
2024-08-20 21:05:46.134000	0.335773	-0.671689	0.239291	-0.196746	0.964918	0.293229	0.532520	-0.601753	-0.009290	-0.240864	0.402439	0.268447	0.265621	0.363164	0.283939	0.291656	-0.133992	-0.002826	0.070152	-0.079225	0.007717	0.044117	-0.004731	-0.011965	0.001079	-0.011911	-0.019914	-0.000395
2024-08-20 21:05:46.396000	0.319472	-0.693762	0.253659	-0.218471	0.978046	0.284284	0.537943	-0.601778	-0.009352	-0.240970	0.415567	0.259502	0.271044	0.376268	0.274932	0.296973	-0.156065	0.011542	0.048427	-0.101335	0.022041	0.022499	-0.010216	-0.014348	0.003081	-0.017400	-0.022289	0.001614
2024-08-20 21:05:46.659000	0.358436	-0.673156	0.240856	-0.181389	0.972126	0.298970	0.539826	-0.601803	-0.009414	-0.241077	0.409648	0.274188	0.272927	0.370323	0.289556	0.298749	-0.135460	-0.001261	0.085509	-0.080767	0.009193	0.059687	-0.001748	-0.012686	0.001285	-0.008937	-0.020620	-0.000176
2024-08-20 21:05:46.921000	0.330306	-0.684816	0.255498	-0.216504	0.976129	0.291313	0.546810	-0.601828	-0.009476	-0.241183	0.413650	0.266531	0.279912	0.374301	0.281837	0.305627	-0.147119	0.013381	0.050394	-0.092464	0.023790	0.024679	-0.007819	-0.013266	0.003326	-0.015013	-0.021192	0.001871
2024-08-20 21:05:47.183000	0.323646	-0.690136	0.247998	-0.216144	0.981929	0.291793	0.539791	-0.601852	-0.009538	-0.241289	0.419450	0.267011	0.272892	0.380076	0.282255	0.298501	-0.152439	0.005881	0.050754	-0.097821	0.016246	0.025145	-0.010172	-0.013904	0.002271	-0.017371	-0.021822	0.000822
2024-08-20 21:05:47.445000	0.331598	-0.689585	0.251432	-0.214025	0.983776	0.294191	0.545623	-0.601877	-0.009600	-0.241396	0.421298	0.269409	0.278725	0.381899	0.284592	0.304228	-0.151888	0.009315	0.052874	-0.097308	0.019636	0.027371	-0.008998	-0.013946	0.002745	-0.016202	-0.021856	0.001302
2024-08-20 21:05:47.707000	0.322553	-0.692809	0.257849	-0.230279	0.987793	0.294984	0.552832	-0.601901	-0.009661	-0.241502	0.425314	0.270202	0.285934	0.385891	0.285322	0.311330	-0.155112	0.015732	0.036619	-0.100569	0.026008	0.011223	-0.011473	-0.013928	0.003636	-0.018682	-0.021830	0.002199
2024-08-20 21:05:47.969000	0.337264	-0.678703	0.241209	-0.206993	0.981751	0.303048	0.544257	-0.601926	-0.009723	-0.241608	0.419273	0.278266	0.277359	0.379825	0.293325	0.302649	-0.141006	-0.000908	0.059906	-0.086501	0.009324	0.034615	-0.007591	-0.012637	0.001303	-0.014805	-0.020532	-0.000127
2024-08-20 21:05:48.231000	0.327225	-0.691305	0.257888	-0.232576	0.993218	0.301913	0.559801	-0.601950	-0.009785	-0.241715	0.430739	0.277131	0.292902	0.391268	0.292127	0.318086	-0.153608	0.015771	0.034322	-0.099140	0.025959	0.009139	-0.011617	-0.013672	0.003629	-0.018836	-0.021558	0.002205
2024-08-20 21:05:48.494000	0.322354	-0.686016	0.249683	-0.232312	0.991000	0.304984	0.554667	-0.601974	-0.009847	-0.241821	0.428521	0.280202	0.287768	0.389025	0.295136	0.312845	-0.148319	0.007566	0.034586	-0.093889	0.017709	0.009509	-0.012160	-0.012898	0.002476	-0.019384	-0.020777	0.001058
2024-08-20 21:05:48.756000	0.352969	-0.673352	0.242511	-0.204331	0.988142	0.314789	0.557301	-0.601999	-0.009909	-0.241928	0.425663	0.290008	0.290402	0.386143	0.304880	0.315373	-0.135655	0.000394	0.062567	-0.081263	0.010493	0.037597	-0.005825	-0.012055	0.001467	-0.013053	-0.019926	0.000055
2024-08-20 21:05:49.018000	0.341141	-0.681530	0.251219	-0.225630	0.997083	0.315552	0.566771	-0.602023	-0.009971	-0.242034	0.434604	0.290771	0.299872	0.395060	0.305581	0.324737	-0.143834	0.009102	0.041268	-0.089479	0.019156	0.016404	-0.009743	-0.012554	0.002678	-0.016977	-0.020417	0.001272
2024-08-20 21:05:49.280000	0.327424	-0.683101	0.254076	-0.235147	0.991595	0.308494	0.562570	-0.602047	-0.010033	-0.242141	0.429117	0.283712	0.295672	0.389548	0.298461	0.320429	-0.145404	0.011959	0.031752	-0.091087	0.021969	0.006994	-0.011304	-0.012495	0.003071	-0.018542	-0.020350	0.001672
2024-08-20 21:05:49.542000	0.325833	-0.674562	0.241945	-0.232972	0.991423	0.316860	0.558805	-0.602071	-0.010095	-0.242247	0.428944	0.292079	0.291906	0.389352	0.306765	0.316558	-0.136866	-0.000172	0.033927	-0.082587	0.009793	0.009276	-0.011634	-0.011310	0.001369	-0.018877	-0.019157	-0.000024
2024-08-20 21:05:49.804000	0.334779	-0.686232	0.247675	-0.231506	1.004843	0.318611	0.566286	-0.602095	-0.010157	-0.242354	0.442365	0.293829	0.299387	0.402748	0.308453	0.323932	-0.148536	0.005558	0.035392	-0.094295	0.015478	0.010847	-0.012407	-0.012970	0.002164	-0.019655	-0.020809	0.000777
2024-08-20 21:05:50.066000	0.347403	-0.678054	0.246060	-0.225143	1.004541	0.326487	0.572546	-0.602119	-0.010219	-0.242460	0.442063	0.301705	0.305648	0.402422	0.316268	0.330086	-0.140357	0.003943	0.041755	-0.086155	0.013819	0.017317	-0.009979	-0.012085	0.001932	-0.017232	-0.019916	0.000551
2024-08-20 21:05:50.329000	0.344322	-0.673944	0.234286	-0.213614	0.997595	0.323650	0.557936	-0.602143	-0.010281	-0.242567	0.435116	0.298868	0.291037	0.395452	0.313369	0.315369	-0.136248	-0.007831	0.053284	-0.082083	0.002000	0.028953	-0.009267	-0.011790	0.000280	-0.016524	-0.019613	-0.001095
2024-08-20 21:05:50.591000	0.339849	-0.683081	0.252436	-0.230254	1.000747	0.317666	0.570103	-0.602166	-0.010343	-0.242674	0.438269	0.292885	0.303204	0.398581	0.307323	0.327429	-0.145384	0.010319	0.036645	-0.091257	0.020106	0.012419	-0.010654	-0.012671	0.002811	-0.017916	-0.020486	0.001443
2024-08-20 21:05:50.853000	0.327622	-0.677745	0.241234	-0.227552	0.991685	0.313940	0.555174	-0.602190	-0.010405	-0.242780	0.429207	0.289159	0.288276	0.389495	0.303535	0.312394	-0.140048	-0.000883	0.039347	-0.085960	0.008859	0.015228	-0.011297	-0.011936	0.001238	-0.018564	-0.019743	-0.000123
2024-08-20 21:05:51.115000	0.342930	-0.674429	0.241169	-0.219602	0.995791	0.321363	0.562532	-0.602214	-0.010467	-0.242887	0.433313	0.296581	0.295633	0.393578	0.310896	0.319645	-0.136732	-0.000948	0.047297	-0.082682	0.008750	0.023285	-0.009166	-0.011762	0.001223	-0.016438	-0.019561	-0.000132
2024-08-20 21:05:51.377000	0.322851	-0.691197	0.255135	-0.243583	1.002496	0.311299	0.566434	-0.602237	-0.010529	-0.242993	0.440018	0.286518	0.299536	0.400259	0.300770	0.323441	-0.153500	0.013018	0.023315	-0.099489	0.022671	-0.000590	-0.014179	-0.013367	0.003169	-0.021455	-0.021159	0.001820
2024-08-20 21:05:51.639000	0.324243	-0.682545	0.244509	-0.230219	0.992497	0.309952	0.554461	-0.602260	-0.010591	-0.243100	0.430019	0.285171	0.287563	0.390237	0.299361	0.311362	-0.144848	0.002392	0.036680	-0.090876	0.012001	0.012881	-0.012053	-0.012545	0.001678	-0.019334	-0.020328	0.000334
2024-08-20 21:05:51.901000	0.341538	-0.676499	0.236229	-0.216966	0.998774	0.322275	0.558504	-0.602284	-0.010653	-0.243206	0.436295	0.297493	0.291605	0.396490	0.311622	0.315298	-0.138802	-0.005888	0.049933	-0.084868	0.003676	0.026241	-0.009980	-0.012089	0.000514	-0.017266	-0.019864	-0.000823
2024-08-20 21:05:52.164000	0.340047	-0.679661	0.247054	-0.215064	0.987719	0.308058	0.555112	-0.602307	-0.010715	-0.243313	0.425241	0.283276	0.288213	0.385412	0.297343	0.311798	-0.141964	0.004937	0.051834	-0.088069	0.014456	0.028249	-0.008115	-0.012697	0.002021	-0.015406	-0.020464	0.000690
2024-08-20 21:05:52.426000	0.330207	-0.695966	0.253753	-0.235243	1.007662	0.311696	0.565450	-0.602331	-0.010777	-0.243420	0.445184	0.286915	0.298551	0.405332	0.300919	0.322030	-0.158269	0.011636	0.031656	-0.104413	0.021111	0.008177	-0.013710	-0.014282	0.002951	-0.021005	-0.022041	0.001627
2024-08-20 21:05:52.688000	0.340047	-0.678858	0.241930	-0.206232	0.983208	0.304350	0.546280	-0.602354	-0.010840	-0.243527	0.420729	0.279569	0.279381	0.380854	0.293511	0.302753	-0.141161	-0.000187	0.060666	-0.087343	0.009243	0.037294	-0.007249	-0.012834	0.001292	-0.014549	-0.020585	-0.000026
2024-08-20 21:05:52.950000	0.327324	-0.685712	0.244310	-0.215723	0.984450	0.298737	0.543048	-0.602377	-0.010902	-0.243633	0.421971	0.273956	0.276149	0.382073	0.287836	0.299414	-0.148015	0.002193	0.051175	-0.094237	0.011579	0.027910	-0.009876	-0.013468	0.001619	-0.017180	-0.021210	0.000307
2024-08-20 21:05:53.212000	0.326430	-0.690697	0.255851	-0.237824	0.999100	0.308403	0.564253	-0.602400	-0.010964	-0.243740	0.436622	0.283621	0.297355	0.396700	0.297439	0.320513	-0.153001	0.013734	0.029075	-0.099261	0.023074	0.005916	-0.012812	-0.013551	0.003226	-0.020121	-0.021286	0.001920
2024-08-20 21:05:53.474000	0.322454	-0.688756	0.255359	-0.241251	0.997102	0.308346	0.563704	-0.602423	-0.011026	-0.243847	0.434623	0.283564	0.296806	0.394679	0.297320	0.319858	-0.151059	0.013242	0.025648	-0.097359	0.022538	0.002596	-0.013199	-0.013187	0.003151	-0.020513	-0.020914	0.001851
2024-08-20 21:05:53.736000	0.347403	-0.673898	0.233337	-0.203672	0.991637	0.317739	0.551075	-0.602446	-0.011088	-0.243953	0.429158	0.292957	0.284176	0.389191	0.306651	0.307122	-0.136201	-0.008780	0.063227	-0.082540	0.000471	0.040281	-0.007474	-0.012198	0.000066	-0.014792	-0.019916	-0.001228
2024-08-20 21:05:53.999000	0.313806	-0.688643	0.247819	-0.231765	0.986394	0.297752	0.545571	-0.602469	-0.011150	-0.244060	0.423916	0.272970	0.278672	0.383926	0.286602	0.301510	-0.150946	0.005702	0.035134	-0.097324	0.014909	0.012295	-0.012800	-0.013410	0.002084	-0.020124	-0.021120	0.000797
2024-08-20 21:05:54.261000	0.295317	-0.689075	0.247362	-0.242392	0.979422	0.290347	0.537709	-0.602491	-0.011212	-0.244167	0.416944	0.265566	0.270810	0.376931	0.279135	0.293542	-0.151378	0.005245	0.024507	-0.097796	0.014407	0.001775	-0.015001	-0.013128	0.002014	-0.022329	-0.020830	0.000733
2024-08-20 21:05:54.523000	0.321559	-0.680073	0.236681	-0.218127	0.983077	0.303004	0.539686	-0.602514	-0.011274	-0.244274	0.420599	0.278223	0.272787	0.380563	0.291730	0.295412	-0.142376	-0.005436	0.048772	-0.088833	0.003682	0.026147	-0.010731	-0.012609	0.000515	-0.018064	-0.020303	-0.000760
2024-08-20 21:05:54.785000	0.332195	-0.682318	0.242566	-0.213452	0.985399	0.303081	0.545647	-0.602537	-0.011336	-0.244381	0.422921	0.278299	0.278748	0.382863	0.291745	0.301266	-0.144622	0.000449	0.053446	-0.091118	0.009521	0.030929	-0.009115	-0.013130	0.001331	-0.016452	-0.020816	0.000063
2024-08-20 21:05:55.047000	0.325535	-0.688643	0.251502	-0.231932	0.994608	0.305965	0.557467	-0.602559	-0.011398	-0.244487	0.432130	0.281184	0.290569	0.392049	0.294567	0.312980	-0.150946	0.009385	0.034966	-0.097482	0.018413	0.012555	-0.012106	-0.013478	0.002574	-0.019447	-0.021156	0.001312
2024-08-20 21:05:55.309000	0.319273	-0.691068	0.247705	-0.229884	0.992520	0.301452	0.549157	-0.602582	-0.011460	-0.244594	0.430042	0.276670	0.282258	0.389939	0.289992	0.304563	-0.153371	0.005588	0.037015	-0.099947	0.014571	0.014710	-0.012888	-0.013830	0.002037	-0.020234	-0.021499	0.000781
2024-08-20 21:05:55.571000	0.310923	-0.695477	0.256507	-0.243203	0.993096	0.297619	0.554126	-0.602604	-0.011523	-0.244701	0.430618	0.272838	0.287227	0.390492	0.286097	0.309425	-0.157780	0.014390	0.023696	-0.104395	0.023328	0.001498	-0.014561	-0.014090	0.003261	-0.021911	-0.021751	0.002012
2024-08-20 21:05:55.834000	0.307643	-0.691233	0.257451	-0.243309	0.984734	0.293501	0.550952	-0.602626	-0.011585	-0.244808	0.422256	0.268720	0.284054	0.382108	0.281916	0.306144	-0.153536	0.015334	0.023589	-0.100191	0.024228	0.001499	-0.013609	-0.013545	0.003387	-0.020964	-0.021198	0.002144
2024-08-20 21:05:56.096000	0.316688	-0.679120	0.238426	-0.218334	0.975717	0.296597	0.535023	-0.602649	-0.011647	-0.244915	0.413239	0.271815	0.268124	0.373069	0.284950	0.290108	-0.141423	-0.003691	0.048564	-0.088119	0.005158	0.026581	-0.010232	-0.012545	0.000721	-0.017592	-0.020190	-0.000516
2024-08-20 21:05:56.358000	0.333288	-0.675515	0.235205	-0.204590	0.978188	0.302673	0.537878	-0.602671	-0.011709	-0.245022	0.415709	0.277891	0.270979	0.375517	0.290964	0.292856	-0.137818	-0.006912	0.062309	-0.084553	0.001892	0.040432	-0.007545	-0.012484	0.000265	-0.014908	-0.020121	-0.000966
2024-08-20 21:05:56.620000	0.330406	-0.682061	0.247963	-0.219409	0.983913	0.301852	0.549815	-0.602693	-0.011771	-0.245129	0.421434	0.277070	0.282916	0.381220	0.290080	0.304686	-0.144364	0.005846	0.047489	-0.091139	0.014606	0.025719	-0.009140	-0.013022	0.002042	-0.016508	-0.020651	0.000817
2024-08-20 21:05:56.882000	0.330604	-0.678945	0.235538	-0.207480	0.981491	0.302546	0.538084	-0.602715	-0.011833	-0.245236	0.419013	0.277764	0.271185	0.378776	0.290712	0.292848	-0.141248	-0.006579	0.059419	-0.088063	0.002136	0.037756	-0.008661	-0.012864	0.000299	-0.016034	-0.020484	-0.000920
2024-08-20 21:05:57.144000	0.329909	-0.676602	0.235508	-0.204640	0.975642	0.299041	0.534549	-0.602737	-0.011895	-0.245342	0.413164	0.274259	0.267650	0.372906	0.287145	0.289207	-0.138905	-0.006609	0.062258	-0.085760	0.002061	0.040702	-0.007684	-0.012654	0.000288	-0.015061	-0.020266	-0.000924
2024-08-20 21:05:57.406000	0.308836	-0.691491	0.253907	-0.237732	0.984151	0.292661	0.546568	-0.602759	-0.011958	-0.245449	0.421673	0.267879	0.279670	0.381392	0.280703	0.301119	-0.153794	0.011790	0.029166	-0.100689	0.020416	0.007717	-0.013242	-0.013768	0.002854	-0.020624	-0.021372	0.001648
2024-08-20 21:05:57.669000	0.317484	-0.689497	0.252744	-0.229565	0.983801	0.294304	0.547048	-0.602781	-0.012020	-0.245557	0.421323	0.269522	0.280150	0.381021	0.282284	0.301491	-0.151801	0.010627	0.037334	-0.098737	0.019208	0.015992	-0.011527	-0.013763	0.002685	-0.018913	-0.021359	0.001486
2024-08-20 21:05:57.931000	0.329610	-0.683184	0.244425	-0.215668	0.984037	0.300853	0.545278	-0.602802	-0.012082	-0.245664	0.421559	0.276072	0.278379	0.381235	0.288771	0.299614	-0.145487	0.002308	0.051231	-0.092463	0.010843	0.029996	-0.009289	-0.013292	0.001516	-0.016679	-0.020880	0.000323
2024-08-20 21:05:58.193000	0.331797	-0.680449	0.237039	-0.207667	0.982874	0.302425	0.539464	-0.602824	-0.012144	-0.245771	0.420396	0.277644	0.272566	0.380050	0.290281	0.293694	-0.142752	-0.005078	0.059231	-0.089769	0.003413	0.038103	-0.008665	-0.013115	0.000477	-0.016060	-0.020694	-0.000710
2024-08-20 21:05:58.455000	0.311718	-0.692000	0.249380	-0.228961	0.983300	0.291300	0.540680	-0.602846	-0.012206	-0.245877	0.420822	0.266518	0.273781	0.380455	0.279093	0.294802	-0.154304	0.007263	0.037937	-0.101361	0.015709	0.016916	-0.012508	-0.014100	0.002196	-0.019908	-0.021671	0.001015
2024-08-20 21:05:58.717000	0.315297	-0.687530	0.249981	-0.230528	0.983374	0.295844	0.545825	-0.602867	-0.012269	-0.245984	0.420895	0.271062	0.278926	0.380506	0.283575	0.299840	-0.149833	0.007864	0.036371	-0.096932	0.016265	0.015457	-0.011861	-0.013475	0.002274	-0.019265	-0.021037	0.001099
2024-08-20 21:05:58.979000	0.314203	-0.686155	0.243967	-0.218933	0.975324	0.289169	0.533136	-0.602889	-0.012331	-0.246091	0.412846	0.264387	0.266238	0.372435	0.276838	0.287045	-0.148458	0.001850	0.047966	-0.095597	0.010207	0.027159	-0.010536	-0.013608	0.001427	-0.017944	-0.021162	0.000259
2024-08-20 21:05:59.241000	0.330107	-0.674017	0.233471	-0.200792	0.971446	0.297429	0.530900	-0.602910	-0.012393	-0.246198	0.408967	0.272647	0.264001	0.368535	0.285036	0.284701	-0.136320	-0.008646	0.066106	-0.083499	-0.000335	0.045406	-0.006824	-0.012480	-0.000047	-0.014237	-0.020026	-0.001209
2024-08-20 21:05:59.504000	0.329809	-0.676658	0.241641	-0.209300	0.974126	0.297468	0.539109	-0.602931	-0.012455	-0.246306	0.411648	0.272686	0.272210	0.371195	0.285012	0.292803	-0.138962	-0.000476	0.057599	-0.086182	0.007791	0.037006	-0.007369	-0.012655	0.001089	-0.014785	-0.020192	-0.000066
2024-08-20 21:05:59.766000	0.312911	-0.685887	0.246567	-0.225255	0.977487	0.291600	0.538166	-0.602953	-0.012518	-0.246413	0.415008	0.266818	0.271268	0.374534	0.279082	0.291753	-0.148191	0.004450	0.041644	-0.095452	0.012671	0.021158	-0.011185	-0.013423	0.001771	-0.018606	-0.020952	0.000622
2024-08-20 21:06:00.028000	0.302574	-0.694514	0.248883	-0.230933	0.979138	0.284624	0.533507	-0.602974	-0.012580	-0.246520	0.416660	0.259843	0.266608	0.376164	0.272045	0.286987	-0.156817	0.006766	0.035965	-0.104119	0.014943	0.015586	-0.013422	-0.014413	0.002089	-0.020847	-0.021934	0.000946
2024-08-20 21:06:00.290000	0.328219	-0.676818	0.234072	-0.199038	0.970003	0.293185	0.527257	-0.602995	-0.012642	-0.246627	0.407525	0.268403	0.260358	0.367008	0.280543	0.280630	-0.139121	-0.008045	0.067861	-0.086465	0.000087	0.047589	-0.006874	-0.012947	0.000012	-0.014303	-0.020459	-0.001125
2024-08-20 21:06:00.552000	0.303667	-0.691593	0.253619	-0.236328	0.977969	0.286376	0.539995	-0.603016	-0.012704	-0.246734	0.415491	0.261594	0.273096	0.374953	0.273672	0.293261	-0.153897	0.011502	0.030571	-0.101282	0.019589	0.010406	-0.012996	-0.013924	0.002739	-0.020429	-0.021428	0.001608
2024-08-20 21:06:00.814000	0.329213	-0.679795	0.232914	-0.200331	0.976424	0.296630	0.529544	-0.603037	-0.012766	-0.246841	0.413946	0.271848	0.262645	0.373388	0.283863	0.282703	-0.142098	-0.009203	0.066568	-0.089524	-0.001161	0.046510	-0.007887	-0.013302	-0.000162	-0.015325	-0.020797	-0.001287
2024-08-20 21:06:01.076000	0.308538	-0.684641	0.248003	-0.226649	0.971825	0.287184	0.535187	-0.603058	-0.012829	-0.246948	0.409347	0.262402	0.268288	0.368767	0.274355	0.288239	-0.146944	0.005886	0.040249	-0.094412	0.013884	0.020299	-0.010924	-0.013271	0.001941	-0.018366	-0.020759	0.000823
2024-08-20 21:06:01.339000	0.295516	-0.686165	0.247198	-0.232860	0.967344	0.281178	0.528376	-0.603079	-0.012891	-0.247055	0.404865	0.256397	0.261478	0.364265	0.268287	0.281321	-0.148469	0.005081	0.034039	-0.095978	0.013033	0.014195	-0.012547	-0.013272	0.001822	-0.019994	-0.020751	0.000710
2024-08-20 21:06:01.601000	0.306152	-0.687103	0.249027	-0.226523	0.970750	0.283648	0.532675	-0.603099	-0.012953	-0.247163	0.408272	0.258866	0.265776	0.367651	0.270695	0.285512	-0.149406	0.006910	0.040376	-0.096956	0.014817	0.020640	-0.011150	-0.013629	0.002071	-0.018601	-0.021099	0.000966
2024-08-20 21:06:01.863000	0.318279	-0.680856	0.239325	-0.213011	0.972820	0.291964	0.531290	-0.603120	-0.013015	-0.247270	0.410342	0.267183	0.264391	0.369700	0.278949	0.284020	-0.143159	-0.002792	0.053888	-0.090751	0.005071	0.034259	-0.009265	-0.013139	0.000709	-0.016720	-0.020601	-0.000390
2024-08-20 21:06:02.125000	0.297504	-0.693643	0.248450	-0.233235	0.975932	0.282289	0.530739	-0.603141	-0.013078	-0.247377	0.413454	0.257507	0.263841	0.372792	0.269211	0.283363	-0.155946	0.006333	0.033663	-0.103580	0.014151	0.014142	-0.013751	-0.014286	0.001978	-0.021210	-0.021740	0.000885
2024-08-20 21:06:02.387000	0.302077	-0.692320	0.251099	-0.230143	0.973439	0.281120	0.532219	-0.603161	-0.013140	-0.247484	0.410961	0.256338	0.265321	0.370278	0.267980	0.284735	-0.154623	0.008982	0.036756	-0.102298	0.016755	0.017341	-0.012399	-0.014249	0.002342	-0.019863	-0.021694	0.001256
2024-08-20 21:06:02.649000	0.305456	-0.686433	0.246760	-0.227897	0.973025	0.286592	0.533353	-0.603182	-0.013202	-0.247591	0.410547	0.261811	0.266454	0.369844	0.273390	0.285762	-0.148736	0.004644	0.039002	-0.096454	0.012372	0.019695	-0.011709	-0.013505	0.001730	-0.019176	-0.020941	0.000649
2024-08-20 21:06:02.911000	0.303468	-0.692618	0.252188	-0.233930	0.977829	0.285210	0.537398	-0.603202	-0.013264	-0.247698	0.415350	0.260429	0.270499	0.374627	0.271946	0.289700	-0.154922	0.010071	0.032969	-0.102681	0.017754	0.013768	-0.012963	-0.014196	0.002482	-0.020435	-0.021624	0.001408
2024-08-20 21:06:03.174000	0.300586	-0.691223	0.249067	-0.234148	0.976890	0.285667	0.534733	-0.603222	-0.013327	-0.247806	0.414411	0.260885	0.267835	0.373667	0.272340	0.286928	-0.153526	0.006950	0.032751	-0.101327	0.014588	0.013658	-0.013342	-0.013978	0.002039	-0.020818	-0.021398	0.000972
2024-08-20 21:06:03.436000	0.313309	-0.683807	0.245230	-0.220728	0.972613	0.288807	0.534036	-0.603242	-0.013389	-0.247913	0.410135	0.264025	0.267138	0.369371	0.275418	0.286123	-0.146110	0.003113	0.046171	-0.093953	0.010706	0.027185	-0.010130	-0.013397	0.001497	-0.017610	-0.020808	0.000435
2024-08-20 21:06:03.698000	0.313011	-0.683050	0.238182	-0.213087	0.970965	0.287915	0.526098	-0.603263	-0.013451	-0.248020	0.408487	0.263134	0.259199	0.367702	0.274464	0.278078	-0.145353	-0.003935	0.053812	-0.093238	0.003614	0.034933	-0.009876	-0.013473	0.000505	-0.017360	-0.020875	-0.000550
2024-08-20 21:06:03.960000	0.331101	-0.675778	0.231284	-0.195464	0.971059	0.295281	0.526565	-0.603283	-0.013514	-0.248127	0.408581	0.270500	0.259667	0.367776	0.281768	0.278438	-0.138081	-0.010833	0.071435	-0.086009	-0.003330	0.052664	-0.006474	-0.013012	-0.000466	-0.013962	-0.020406	-0.001514
2024-08-20 21:06:04.222000	0.327722	-0.668825	0.228719	-0.194536	0.962364	0.293538	0.522258	-0.603303	-0.013576	-0.248234	0.399885	0.268757	0.255359	0.359061	0.279962	0.274023	-0.131129	-0.013398	0.072363	-0.079098	-0.005939	0.053699	-0.005497	-0.012104	-0.000830	-0.012989	-0.019489	-0.001873
2024-08-20 21:06:04.484000	0.304959	-0.684157	0.237854	-0.217528	0.968790	0.284633	0.522488	-0.603323	-0.013638	-0.248342	0.406312	0.259852	0.255589	0.365468	0.270995	0.274146	-0.146460	-0.004263	0.049370	-0.094472	0.003151	0.030813	-0.010983	-0.013498	0.000440	-0.018480	-0.020875	-0.000596
2024-08-20 21:06:04.746000	0.319770	-0.681242	0.234738	-0.209295	0.975568	0.294326	0.529064	-0.603342	-0.013700	-0.248449	0.413090	0.269545	0.262166	0.372226	0.280626	0.280616	-0.143545	-0.007379	0.057604	-0.091600	-0.000010	0.039154	-0.009460	-0.013352	-0.000001	-0.016961	-0.020720	-0.001032
2024-08-20 21:06:05.009000	0.312812	-0.680691	0.235553	-0.211627	0.969576	0.288886	0.524439	-0.603362	-0.013763	-0.248556	0.407098	0.264104	0.257540	0.366214	0.275123	0.275882	-0.142994	-0.006564	0.055272	-0.091092	0.000760	0.036930	-0.009645	-0.013222	0.000106	-0.017149	-0.020581	-0.000918
2024-08-20 21:06:05.271000	0.320167	-0.684512	0.240116	-0.211201	0.975765	0.291253	0.531368	-0.603382	-0.013825	-0.248664	0.413287	0.266471	0.264470	0.372383	0.277428	0.282705	-0.146816	-0.002001	0.055698	-0.094955	0.005277	0.037463	-0.009389	-0.013800	0.000738	-0.016898	-0.021151	-0.000280
2024-08-20 21:06:05.533000	0.321360	-0.688364	0.243674	-0.210496	0.976547	0.288182	0.531856	-0.603402	-0.013887	-0.248771	0.414068	0.263401	0.264958	0.373145	0.274295	0.283086	-0.150668	0.001557	0.056402	-0.098850	0.008791	0.038275	-0.009279	-0.014379	0.001229	-0.016792	-0.021722	0.000218
2024-08-20 21:06:05.795000	0.337562	-0.673445	0.230991	-0.188285	0.968301	0.294856	0.525847	-0.603421	-0.013950	-0.248878	0.405823	0.270075	0.258948	0.364880	0.280907	0.276969	-0.135748	-0.011126	0.078614	-0.083973	-0.003938	0.060594	-0.004693	-0.012992	-0.000551	-0.012210	-0.020326	-0.001555
2024-08-20 21:06:06.057000	0.323249	-0.676190	0.231935	-0.200037	0.967541	0.291351	0.523286	-0.603441	-0.014012	-0.248985	0.405062	0.266569	0.256387	0.364100	0.277339	0.274300	-0.138493	-0.010182	0.066862	-0.086761	-0.003039	0.048949	-0.007269	-0.012995	-0.000425	-0.014790	-0.020320	-0.001423
2024-08-20 21:06:06.319000	0.315595	-0.675670	0.231980	-0.203175	0.962460	0.286790	0.518770	-0.603460	-0.014074	-0.249093	0.399982	0.262009	0.251872	0.359000	0.272716	0.269677	-0.137973	-0.010137	0.063723	-0.086284	-0.003039	0.045918	-0.007762	-0.012834	-0.000425	-0.015286	-0.020151	-0.001417
2024-08-20 21:06:06.581000	0.334183	-0.670947	0.233530	-0.191808	0.963408	0.292461	0.525991	-0.603479	-0.014136	-0.249200	0.400929	0.267679	0.259092	0.359929	0.278324	0.276791	-0.133250	-0.008587	0.075090	-0.081604	-0.001533	0.057392	-0.004406	-0.012603	-0.000214	-0.011934	-0.019911	-0.001200
2024-08-20 21:06:06.843000	0.333189	-0.680372	0.237839	-0.197015	0.972736	0.292365	0.530204	-0.603498	-0.014199	-0.249307	0.410258	0.267583	0.263305	0.369238	0.278166	0.280897	-0.142675	-0.004278	0.069883	-0.091072	0.002731	0.052292	-0.006317	-0.013736	0.000382	-0.013849	-0.021035	-0.000598
2024-08-20 21:06:07.106000	0.320267	-0.672693	0.229465	-0.196280	0.959775	0.287082	0.516547	-0.603518	-0.014261	-0.249415	0.397297	0.262300	0.249648	0.356257	0.272821	0.267132	-0.134996	-0.012652	0.070619	-0.083437	-0.005689	0.053135	-0.006360	-0.012661	-0.000795	-0.013897	-0.019952	-0.001769
2024-08-20 21:06:07.368000	0.319273	-0.686742	0.243003	-0.210364	0.973376	0.286634	0.529637	-0.603537	-0.014324	-0.249522	0.410898	0.261852	0.262739	0.369839	0.272310	0.280115	-0.149045	0.000886	0.056534	-0.097529	0.007805	0.039158	-0.009055	-0.014222	0.001091	-0.016595	-0.021504	0.000124
2024-08-20 21:06:07.630000	0.299194	-0.684667	0.245607	-0.225149	0.963402	0.278735	0.524343	-0.603556	-0.014386	-0.249630	0.400923	0.253953	0.257444	0.359846	0.264349	0.274713	-0.146970	0.003491	0.041750	-0.095497	0.010364	0.024481	-0.011000	-0.013510	0.001449	-0.018544	-0.020783	0.000488
2024-08-20 21:06:07.892000	0.332195	-0.674398	0.240384	-0.201629	0.967837	0.293440	0.533824	-0.603575	-0.014448	-0.249737	0.405359	0.268658	0.266925	0.364263	0.278991	0.284087	-0.136701	-0.001733	0.065270	-0.085271	0.005095	0.048108	-0.005590	-0.012862	0.000712	-0.013138	-0.020127	-0.000242
2024-08-20 21:06:08.154000	0.306053	-0.690780	0.245642	-0.225894	0.977084	0.286304	0.531946	-0.603594	-0.014510	-0.249844	0.414606	0.261523	0.265048	0.373490	0.271794	0.282102	-0.153083	0.003525	0.041005	-0.101697	0.010309	0.023950	-0.012261	-0.014311	0.001441	-0.019812	-0.021567	0.000493
2024-08-20 21:06:08.416000	0.301878	-0.694483	0.256154	-0.240881	0.981087	0.286605	0.542759	-0.603612	-0.014573	-0.249952	0.418609	0.261823	0.275860	0.377475	0.272032	0.292807	-0.156786	0.014037	0.026018	-0.105443	0.020775	0.009071	-0.013794	-0.014443	0.002904	-0.021350	-0.021691	0.001962
2024-08-20 21:06:08.678000	0.311718	-0.677817	0.243873	-0.220439	0.966101	0.288284	0.532157	-0.603631	-0.014635	-0.250059	0.403623	0.263502	0.265258	0.362470	0.273649	0.282098	-0.140121	0.001756	0.046460	-0.088821	0.008449	0.029620	-0.009147	-0.012773	0.001181	-0.016706	-0.020012	0.000245
2024-08-20 21:06:08.941000	0.321857	-0.678528	0.236080	-0.206070	0.970375	0.291847	0.527927	-0.603650	-0.014698	-0.250167	0.407897	0.267066	0.261029	0.366726	0.277150	0.277761	-0.140831	-0.006037	0.060828	-0.089576	0.000611	0.044096	-0.008019	-0.013251	0.000085	-0.015582	-0.020481	-0.000844
2024-08-20 21:06:09.203000	0.316887	-0.682081	0.246487	-0.219374	0.971855	0.289774	0.536261	-0.603668	-0.014760	-0.250274	0.409377	0.264992	0.269362	0.368187	0.275014	0.285987	-0.144385	0.004370	0.047525	-0.093173	0.010973	0.030900	-0.009222	-0.013417	0.001534	-0.016789	-0.020638	0.000611
2024-08-20 21:06:09.465000	0.320068	-0.681402	0.242089	-0.209553	0.968934	0.287533	0.529621	-0.603687	-0.014822	-0.250381	0.406456	0.262751	0.262723	0.365247	0.272710	0.279240	-0.143705	-0.000028	0.057345	-0.092537	0.006530	0.040828	-0.008055	-0.013603	0.000913	-0.015626	-0.020815	-0.000004
2024-08-20 21:06:09.727000	0.301778	-0.684790	0.240767	-0.220986	0.966788	0.281998	0.522764	-0.603705	-0.014885	-0.250489	0.404310	0.257216	0.255866	0.363083	0.267113	0.272276	-0.147094	-0.001350	0.045912	-0.095970	0.005163	0.029503	-0.011125	-0.013676	0.000722	-0.018700	-0.020880	-0.000189
2024-08-20 21:06:09.989000	0.312911	-0.675716	0.238615	-0.213366	0.963378	0.287662	0.526277	-0.603724	-0.014947	-0.250596	0.400900	0.262881	0.259379	0.359655	0.272716	0.275681	-0.138019	-0.003502	0.053533	-0.086939	0.002965	0.037230	-0.008394	-0.012708	0.000415	-0.015972	-0.019903	-0.000490
2024-08-20 21:06:10.251000	0.305556	-0.689647	0.251517	-0.232632	0.976317	0.286671	0.538187	-0.603742	-0.015009	-0.250703	0.413839	0.261889	0.271289	0.372576	0.271662	0.287484	-0.151950	0.009400	0.034267	-0.100914	0.015823	0.018072	-0.012182	-0.014080	0.002212	-0.019765	-0.021266	0.001314
2024-08-20 21:06:10.513000	0.296510	-0.682735	0.248386	-0.234112	0.964972	0.282237	0.530623	-0.603760	-0.015071	-0.250811	0.402494	0.257455	0.263724	0.361212	0.267165	0.279812	-0.145039	0.006269	0.032786	-0.094047	0.012646	0.016699	-0.011785	-0.013094	0.001768	-0.019371	-0.020271	0.000876
2024-08-20 21:06:10.776000	0.299989	-0.689044	0.254514	-0.236668	0.971187	0.282143	0.536657	-0.603778	-0.015134	-0.250919	0.408709	0.257361	0.269758	0.367409	0.267009	0.285738	-0.151348	0.012397	0.030231	-0.100400	0.018729	0.014251	-0.012261	-0.013921	0.002618	-0.019850	-0.021090	0.001733
2024-08-20 21:06:11.038000	0.286471	-0.690873	0.258380	-0.253799	0.972762	0.281890	0.540270	-0.603796	-0.015196	-0.251026	0.410284	0.257108	0.273371	0.368966	0.266693	0.289244	-0.153176	0.016263	0.013099	-0.102273	0.022551	-0.002773	-0.015136	-0.013663	0.003153	-0.022730	-0.020823	0.002274
2024-08-20 21:06:11.300000	0.306550	-0.690357	0.255036	-0.240283	0.982154	0.291797	0.546832	-0.603814	-0.015259	-0.251133	0.419676	0.267015	0.279934	0.378340	0.276538	0.295699	-0.152661	0.012919	0.026616	-0.101802	0.019161	0.010851	-0.013089	-0.014002	0.002679	-0.020686	-0.021153	0.001806
2024-08-20 21:06:11.562000	0.308239	-0.687128	0.247720	-0.234300	0.981948	0.294820	0.542539	-0.603832	-0.015321	-0.251241	0.419470	0.270038	0.275641	0.378116	0.279499	0.291298	-0.149432	0.005603	0.032599	-0.098618	0.011800	0.016941	-0.012747	-0.013695	0.001650	-0.020348	-0.020837	0.000783
2024-08-20 21:06:11.824000	0.302275	-0.697356	0.261521	-0.251594	0.989704	0.292348	0.553869	-0.603850	-0.015383	-0.251348	0.427226	0.267566	0.286971	0.385854	0.276964	0.302521	-0.159660	0.019404	0.015305	-0.108890	0.025556	-0.000245	-0.015299	-0.014652	0.003573	-0.022904	-0.021785	0.002713
2024-08-20 21:06:12.086000	0.312215	-0.686006	0.250075	-0.233692	0.981837	0.295831	0.545907	-0.603867	-0.015446	-0.251456	0.419359	0.271050	0.279008	0.377970	0.280386	0.294451	-0.148309	0.007959	0.033207	-0.097584	0.014065	0.017764	-0.011962	-0.013611	0.001966	-0.019571	-0.020735	0.001113
2024-08-20 21:06:12.348000	0.303369	-0.685769	0.247779	-0.238412	0.979770	0.294001	0.541780	-0.603885	-0.015508	-0.251563	0.417292	0.269220	0.274882	0.375885	0.278493	0.290217	-0.148072	0.005662	0.028487	-0.097392	0.011724	0.013151	-0.013261	-0.013411	0.001639	-0.020873	-0.020526	0.000792
2024-08-20 21:06:12.611000	0.310029	-0.683719	0.252183	-0.239334	0.980899	0.297180	0.549363	-0.603903	-0.015571	-0.251671	0.418421	0.272399	0.282464	0.376997	0.281610	0.297692	-0.146022	0.010066	0.027564	-0.095387	0.016082	0.012337	-0.012208	-0.013168	0.002248	-0.019824	-0.020275	0.001407
2024-08-20 21:06:12.873000	0.299293	-0.686454	0.252819	-0.245216	0.978144	0.291690	0.544509	-0.603920	-0.015633	-0.251778	0.415666	0.266908	0.277610	0.374224	0.276057	0.292731	-0.148757	0.010702	0.021683	-0.098167	0.016673	0.006563	-0.013716	-0.013356	0.002331	-0.021335	-0.020454	0.001496
2024-08-20 21:06:13.135000	0.320466	-0.681293	0.242153	-0.220048	0.979654	0.298360	0.540514	-0.603938	-0.015695	-0.251886	0.417176	0.273579	0.273615	0.375716	0.282665	0.288628	-0.143597	0.000036	0.046850	-0.093051	0.005963	0.031838	-0.009983	-0.013375	0.000834	-0.017606	-0.020464	0.000005
2024-08-20 21:06:13.397000	0.310327	-0.693854	0.251969	-0.238128	0.990340	0.296486	0.548455	-0.603955	-0.015758	-0.251993	0.427861	0.271704	0.281556	0.386385	0.280728	0.296461	-0.156158	0.009852	0.028771	-0.105657	0.015733	0.013866	-0.013884	-0.014569	0.002200	-0.021510	-0.021650	0.001377
2024-08-20 21:06:13.659000	0.313905	-0.681582	0.242725	-0.228322	0.981085	0.299503	0.542228	-0.603972	-0.015820	-0.252101	0.418606	0.274721	0.275329	0.377113	0.283683	0.290127	-0.143885	0.000608	0.038576	-0.093430	0.006444	0.023778	-0.011506	-0.013171	0.000901	-0.019136	-0.020242	0.000085
2024-08-20 21:06:13.921000	0.304959	-0.683462	0.246313	-0.239720	0.981827	0.298366	0.544679	-0.603989	-0.015882	-0.252208	0.419349	0.273584	0.277780	0.377838	0.282484	0.292471	-0.145765	0.004196	0.027179	-0.095355	0.009987	0.012488	-0.013345	-0.013101	0.001396	-0.020979	-0.020163	0.000587
2024-08-20 21:06:14.183000	0.324143	-0.673929	0.238630	-0.224124	0.983567	0.309638	0.548268	-0.604006	-0.015945	-0.252316	0.421089	0.284857	0.281369	0.379561	0.293694	0.295952	-0.136232	-0.003487	0.042774	-0.085867	0.002258	0.028191	-0.010064	-0.012268	0.000316	-0.017701	-0.019321	-0.000488
2024-08-20 21:06:14.446000	0.310526	-0.684811	0.243793	-0.235623	0.987166	0.302355	0.546149	-0.604023	-0.016007	-0.252424	0.424688	0.277574	0.279250	0.383143	0.286348	0.293725	-0.147114	0.001676	0.031275	-0.096795	0.007377	0.016800	-0.013287	-0.013400	0.001031	-0.020928	-0.020445	0.000234
2024-08-20 21:06:14.708000	0.290646	-0.697537	0.260746	-0.263397	0.990833	0.293296	0.554042	-0.604040	-0.016069	-0.252531	0.428354	0.268515	0.287144	0.386792	0.277227	0.301511	-0.159840	0.018629	0.003502	-0.109566	0.024284	-0.010866	-0.017705	-0.014385	0.003395	-0.025349	-0.021420	0.002604
2024-08-20 21:06:14.970000	0.311718	-0.687298	0.255642	-0.248947	0.992322	0.305024	0.560666	-0.604057	-0.016132	-0.252639	0.429844	0.280242	0.293767	0.388265	0.288892	0.308027	-0.149602	0.013525	0.017951	-0.099373	0.019135	0.003691	-0.014017	-0.013450	0.002675	-0.021664	-0.020477	0.001891
2024-08-20 21:06:15.232000	0.314999	-0.681093	0.238361	-0.236505	0.994235	0.313143	0.551504	-0.604074	-0.016194	-0.252746	0.431757	0.288361	0.284605	0.390161	0.296949	0.298758	-0.143396	-0.003756	0.030393	-0.093213	0.001809	0.016241	-0.013802	-0.012847	0.000253	-0.021453	-0.019865	-0.000525
2024-08-20 21:06:15.494000	0.323746	-0.686098	0.245642	-0.235623	0.999825	0.313727	0.559369	-0.604091	-0.016256	-0.252853	0.437347	0.288945	0.292470	0.395735	0.297470	0.306516	-0.148402	0.003525	0.031275	-0.098264	0.009045	0.017230	-0.013156	-0.013627	0.001265	-0.020811	-0.020636	0.000493
2024-08-20 21:06:15.756000	0.317583	-0.692912	0.259613	-0.251944	1.002825	0.309914	0.569527	-0.604107	-0.016319	-0.252961	0.440347	0.285132	0.302628	0.398718	0.293595	0.316566	-0.155215	0.017496	0.014955	-0.105123	0.022971	0.001017	-0.014857	-0.014166	0.003211	-0.022514	-0.021166	0.002446
2024-08-20 21:06:16.018000	0.310227	-0.684466	0.245816	-0.240186	0.989063	0.304597	0.550414	-0.604124	-0.016381	-0.253068	0.426585	0.279816	0.283515	0.384940	0.288216	0.297345	-0.146769	0.003699	0.026712	-0.096723	0.009129	0.012882	-0.013688	-0.013285	0.001276	-0.021350	-0.020275	0.000517
2024-08-20 21:06:16.281000	0.310824	-0.685712	0.244052	-0.241804	0.994288	0.308575	0.552627	-0.604140	-0.016444	-0.253176	0.431809	0.283794	0.285729	0.390147	0.292132	0.299451	-0.148015	0.001935	0.025095	-0.098016	0.007319	0.011373	-0.014565	-0.013386	0.001023	-0.022230	-0.020368	0.000271
2024-08-20 21:06:16.543000	0.332195	-0.679841	0.238083	-0.222015	0.995968	0.316127	0.554210	-0.604157	-0.016506	-0.253284	0.433490	0.291346	0.287312	0.391812	0.299621	0.300926	-0.142144	-0.004034	0.044883	-0.092191	0.001305	0.031269	-0.010829	-0.013191	0.000182	-0.018497	-0.020163	-0.000564
2024-08-20 21:06:16.805000	0.334183	-0.678461	0.239634	-0.234493	1.007503	0.329042	0.568675	-0.604173	-0.016568	-0.253391	0.445024	0.304260	0.301777	0.403330	0.312474	0.315284	-0.140764	-0.002483	0.032406	-0.090856	0.002810	0.018899	-0.012663	-0.012633	0.000393	-0.020335	-0.019597	-0.000347
2024-08-20 21:06:17.067000	0.320963	-0.690069	0.256800	-0.256968	1.011200	0.321131	0.577930	-0.604189	-0.016631	-0.253499	0.448721	0.296349	0.311032	0.407011	0.304500	0.324432	-0.152372	0.014683	0.009931	-0.102511	0.019932	-0.003469	-0.015817	-0.013643	0.002786	-0.023492	-0.020597	0.002053
2024-08-20 21:06:17.329000	0.319670	-0.679275	0.240548	-0.237413	0.995810	0.316535	0.557083	-0.604205	-0.016693	-0.253606	0.433332	0.291754	0.290185	0.391605	0.299842	0.303477	-0.141578	-0.001569	0.029486	-0.091762	0.003635	0.016194	-0.013191	-0.012675	0.000508	-0.020870	-0.019620	-0.000219
2024-08-20 21:06:17.591000	0.321559	-0.678811	0.245260	-0.250696	1.005807	0.326996	0.572255	-0.604221	-0.016755	-0.253714	0.443329	0.302214	0.305357	0.401586	0.310240	0.318541	-0.141114	0.003143	0.016202	-0.091345	0.008301	0.003018	-0.014742	-0.012248	0.001160	-0.022424	-0.019184	0.000439
2024-08-20 21:06:17.853000	0.325734	-0.666456	0.234485	-0.252582	1.010288	0.343832	0.578316	-0.604237	-0.016818	-0.253821	0.447810	0.319050	0.311418	0.406051	0.327014	0.324495	-0.128760	-0.007632	0.014316	-0.079037	-0.002519	0.001239	-0.014884	-0.010445	-0.000352	-0.022570	-0.017372	-0.001067
2024-08-20 21:06:18.116000	0.313408	-0.677575	0.249370	-0.257171	0.998784	0.321209	0.570579	-0.604253	-0.016880	-0.253929	0.436306	0.296428	0.303680	0.394531	0.304329	0.316650	-0.139878	0.007253	0.009728	-0.090202	0.012321	-0.003241	-0.014958	-0.011940	0.001722	-0.022646	-0.018858	0.001014
2024-08-20 21:06:18.378000	0.320167	-0.678693	0.254315	-0.268360	1.012905	0.334213	0.588528	-0.604269	-0.016943	-0.254037	0.450427	0.309431	0.321629	0.408636	0.317270	0.334491	-0.140996	0.012198	-0.001462	-0.091366	0.017221	-0.014323	-0.016355	-0.011792	0.002407	-0.024047	-0.018701	0.001705
2024-08-20 21:06:18.640000	0.313806	-0.675865	0.248068	-0.267301	1.008904	0.333039	0.581106	-0.604285	-0.017005	-0.254144	0.446426	0.308257	0.314208	0.404619	0.316034	0.326962	-0.138169	0.005951	-0.000402	-0.088585	0.010928	-0.013156	-0.016827	-0.011392	0.001528	-0.024522	-0.018292	0.000832
2024-08-20 21:06:18.902000	0.335475	-0.663464	0.229887	-0.236059	1.005111	0.341647	0.571534	-0.604301	-0.017067	-0.254252	0.442633	0.316865	0.304636	0.400811	0.324580	0.317282	-0.125767	-0.012230	0.030839	-0.076231	-0.007297	0.018193	-0.012034	-0.010567	-0.001020	-0.019732	-0.017457	-0.001710
2024-08-20 21:06:19.164000	0.313607	-0.669088	0.237819	-0.253961	0.998837	0.329749	0.567568	-0.604316	-0.017130	-0.254359	0.436359	0.304967	0.300670	0.394521	0.312619	0.313209	-0.131391	-0.004297	0.012937	-0.081901	0.000590	0.000398	-0.014978	-0.010830	0.000082	-0.022680	-0.017712	-0.000601
2024-08-20 21:06:19.426000	0.320764	-0.677637	0.248117	-0.260578	1.010861	0.333224	0.581342	-0.604332	-0.017192	-0.254467	0.448383	0.308443	0.314443	0.406530	0.316032	0.326875	-0.139940	0.006000	0.006321	-0.090497	0.010842	-0.006111	-0.015847	-0.011870	0.001516	-0.023551	-0.018743	0.000839
2024-08-20 21:06:19.688000	0.316887	-0.684311	0.259146	-0.281638	1.023691	0.339380	0.598526	-0.604347	-0.017254	-0.254575	0.461213	0.314598	0.331627	0.419344	0.322126	0.343951	-0.146615	0.017029	-0.014740	-0.097219	0.021825	-0.027064	-0.018996	-0.012206	0.003051	-0.026704	-0.019069	0.002381
2024-08-20 21:06:19.951000	0.335972	-0.661888	0.242143	-0.275631	1.031347	0.369459	0.611603	-0.604362	-0.017317	-0.254682	0.468869	0.344678	0.344704	0.426985	0.352142	0.356920	-0.124192	0.000026	-0.008732	-0.074843	0.004778	-0.020948	-0.016958	-0.009258	0.000668	-0.024669	-0.016112	0.000004
2024-08-20 21:06:20.213000	0.342035	-0.658242	0.244176	-0.269531	1.025633	0.367391	0.611567	-0.604378	-0.017379	-0.254790	0.463154	0.342609	0.344668	0.421255	0.350011	0.356777	-0.120545	0.002059	-0.002633	-0.071244	0.006765	-0.014741	-0.014719	-0.009005	0.000946	-0.022434	-0.015850	0.000288
2024-08-20 21:06:20.475000	0.350087	-0.650574	0.239708	-0.268948	1.029901	0.379327	0.619035	-0.604393	-0.017441	-0.254898	0.467422	0.354545	0.352137	0.425508	0.361886	0.364138	-0.112877	-0.002409	-0.002050	-0.063622	0.002252	-0.014051	-0.014043	-0.007971	0.000315	-0.021761	-0.014807	-0.000337
2024-08-20 21:06:20.737000	0.337165	-0.648848	0.243098	-0.283261	1.026177	0.377328	0.620426	-0.604408	-0.017504	-0.255005	0.463698	0.352546	0.353527	0.421769	0.359824	0.365421	-0.111152	0.000981	-0.016362	-0.061944	0.005596	-0.028256	-0.015813	-0.007329	0.000782	-0.023533	-0.014156	0.000137
2024-08-20 21:06:20.999000	0.344322	-0.657670	0.240081	-0.261561	1.023473	0.365802	0.605883	-0.604423	-0.017566	-0.255113	0.460994	0.341020	0.338984	0.419050	0.348236	0.350770	-0.119974	-0.002036	0.005337	-0.070814	0.002534	-0.006449	-0.013864	-0.009168	0.000354	-0.021588	-0.015986	-0.000285
2024-08-20 21:06:21.261000	0.342831	-0.660168	0.249564	-0.284549	1.037984	0.377816	0.627379	-0.604438	-0.017628	-0.255220	0.475506	0.353034	0.360481	0.433546	0.360187	0.372159	-0.122471	0.007447	-0.017650	-0.073359	0.011972	-0.029328	-0.016906	-0.008873	0.001674	-0.024633	-0.015681	0.001041
2024-08-20 21:06:21.523000	0.339451	-0.657825	0.240618	-0.273496	1.030154	0.372329	0.612947	-0.604453	-0.017691	-0.255328	0.467676	0.347548	0.346049	0.425702	0.354639	0.357619	-0.120128	-0.001499	-0.006598	-0.071063	0.002981	-0.018168	-0.016071	-0.008829	0.000417	-0.023801	-0.015628	-0.000210
2024-08-20 21:06:21.786000	0.348894	-0.647345	0.255170	-0.300904	1.041973	0.394629	0.649798	-0.604468	-0.017753	-0.255436	0.479495	0.369847	0.382900	0.437506	0.376875	0.394363	-0.109648	0.013053	-0.034006	-0.060630	0.017487	-0.045469	-0.016582	-0.006735	0.002445	-0.024316	-0.013525	0.001825
2024-08-20 21:06:22.048000	0.370563	-0.619612	0.234728	-0.282485	1.037932	0.418320	0.653048	-0.604482	-0.017816	-0.255543	0.475454	0.393539	0.386150	0.433450	0.400505	0.397505	-0.081915	-0.007389	-0.015587	-0.032945	-0.002999	-0.026942	-0.011843	-0.003448	-0.000419	-0.019580	-0.010228	-0.001033
2024-08-20 21:06:22.310000	0.359033	-0.627419	0.245657	-0.292194	1.032989	0.405570	0.651227	-0.604497	-0.017878	-0.255651	0.470511	0.380788	0.384328	0.428492	0.387692	0.395576	-0.089723	0.003540	-0.025296	-0.040800	0.007884	-0.036543	-0.013045	-0.004297	0.001102	-0.020785	-0.011069	0.000495
2024-08-20 21:06:22.572000	0.367979	-0.615894	0.244758	-0.292443	1.031558	0.415664	0.660421	-0.604511	-0.017940	-0.255758	0.469079	0.390882	0.393523	0.427046	0.397724	0.404663	-0.078197	0.002641	-0.025544	-0.029322	0.006940	-0.036684	-0.011128	-0.002767	0.000970	-0.018871	-0.009529	0.000369
2024-08-20 21:06:22.834000	0.357343	-0.628887	0.246134	-0.291829	1.031925	0.403038	0.649172	-0.604526	-0.018003	-0.255866	0.469447	0.378256	0.382274	0.427399	0.385035	0.393306	-0.091190	0.004017	-0.024931	-0.042364	0.008271	-0.035963	-0.013149	-0.004527	0.001156	-0.020895	-0.011279	0.000562
2024-08-20 21:06:23.096000	0.368675	-0.612819	0.254553	-0.316936	1.043876	0.431057	0.685610	-0.604540	-0.018065	-0.255973	0.481398	0.406275	0.418712	0.439336	0.412992	0.429637	-0.075122	0.012437	-0.050037	-0.026344	0.016645	-0.060962	-0.013365	-0.001701	0.002327	-0.021113	-0.008444	0.001739
2024-08-20 21:06:30.778000	0.406248	-0.579941	0.246721	-0.313934	1.053403	0.473461	0.720182	-0.604925	-0.019891	-0.259126	0.490925	0.448680	0.453284	0.448478	0.453571	0.461056	-0.042245	0.004604	-0.047036	0.005093	0.007485	-0.054808	-0.008124	0.002353	0.001046	-0.015955	-0.004113	0.000644
2024-08-20 21:06:31.041000	0.406745	-0.578829	0.243679	-0.311881	1.053776	0.474947	0.718626	-0.604937	-0.019953	-0.259234	0.491297	0.450165	0.451727	0.448839	0.454994	0.459392	-0.041132	0.001562	-0.044982	0.006155	0.004398	-0.052647	-0.008107	0.002458	0.000615	-0.015940	-0.003999	0.000218
2024-08-20 21:06:31.303000	0.415591	-0.568833	0.252814	-0.320338	1.051948	0.483115	0.735929	-0.604949	-0.020015	-0.259342	0.489470	0.458334	0.469031	0.446999	0.463100	0.476588	-0.031136	0.010697	-0.053439	0.016101	0.013488	-0.060996	-0.006117	0.003938	0.001886	-0.013954	-0.002509	0.001495
2024-08-20 21:06:31.565000	0.414995	-0.567103	0.250215	-0.319481	1.051364	0.484261	0.734476	-0.604961	-0.020078	-0.259449	0.488886	0.459480	0.467577	0.446403	0.464184	0.475027	-0.029406	0.008098	-0.052582	0.017780	0.010843	-0.060032	-0.006130	0.004159	0.001516	-0.013969	-0.002279	0.001132
2024-08-20 21:06:31.827000	0.403067	-0.577773	0.250736	-0.316551	1.046654	0.468881	0.719618	-0.604972	-0.020140	-0.259557	0.484176	0.444099	0.452719	0.441682	0.448741	0.460061	-0.040077	0.008620	-0.049652	0.007059	0.011320	-0.056994	-0.007442	0.002640	0.001583	-0.015283	-0.003788	0.001205
2024-08-20 21:06:32.089000	0.406844	-0.575904	0.248604	-0.316272	1.050415	0.474511	0.723116	-0.604984	-0.020202	-0.259664	0.487937	0.449730	0.456217	0.445432	0.454309	0.463452	-0.038207	0.006487	-0.049373	0.008878	0.009142	-0.056608	-0.007449	0.002892	0.001278	-0.015293	-0.003526	0.000907
2024-08-20 21:06:32.351000	0.408832	-0.571269	0.243117	-0.310451	1.047435	0.476166	0.719284	-0.604995	-0.020264	-0.259771	0.484957	0.451384	0.452385	0.442440	0.455902	0.459512	-0.033572	0.001001	-0.043553	0.013462	0.003610	-0.050680	-0.006528	0.003368	0.000505	-0.014374	-0.003040	0.000140
2024-08-20 21:06:32.613000	0.403663	-0.579056	0.245737	-0.312768	1.049751	0.470695	0.716432	-0.605007	-0.020326	-0.259879	0.487272	0.445913	0.449533	0.444744	0.450369	0.456553	-0.041359	0.003620	-0.045870	0.005624	0.006184	-0.052889	-0.007908	0.002376	0.000865	-0.015757	-0.004023	0.000506
2024-08-20 21:06:32.876000	0.410025	-0.569636	0.247044	-0.320181	1.052798	0.483162	0.730206	-0.605018	-0.020389	-0.259987	0.490320	0.458380	0.463307	0.447780	0.462773	0.470219	-0.031940	0.004927	-0.053282	0.014993	0.007446	-0.060194	-0.007331	0.003834	0.001041	-0.015182	-0.002556	0.000689
2024-08-20 21:06:33.138000	0.402371	-0.584401	0.243306	-0.306963	1.050429	0.466028	0.709334	-0.605029	-0.020451	-0.260094	0.487951	0.441246	0.442436	0.445400	0.445577	0.449240	-0.046705	0.001189	-0.040065	0.000177	0.003663	-0.046869	-0.008248	0.001491	0.000512	-0.016101	-0.004888	0.000166
2024-08-20 21:06:33.400000	0.403962	-0.577305	0.244285	-0.318893	1.055874	0.478569	0.722854	-0.605040	-0.020513	-0.260202	0.493395	0.453787	0.455956	0.450833	0.458056	0.462653	-0.039608	0.002169	-0.051994	0.007222	0.004597	-0.058691	-0.009030	0.002792	0.000643	-0.016886	-0.003578	0.000303
2024-08-20 21:06:33.662000	0.401377	-0.572582	0.257009	-0.327395	1.044346	0.471764	0.728772	-0.605051	-0.020575	-0.260309	0.481868	0.446982	0.461874	0.439295	0.451188	0.468463	-0.034885	0.014892	-0.060497	0.011894	0.017275	-0.067086	-0.007336	0.003537	0.002415	-0.015194	-0.002824	0.002082
2024-08-20 21:06:33.924000	0.413405	-0.563158	0.253644	-0.328830	1.051748	0.488591	0.742235	-0.605062	-0.020638	-0.260417	0.489270	0.463809	0.475336	0.446686	0.467953	0.481818	-0.025461	0.011527	-0.061931	0.021267	0.013865	-0.068413	-0.006510	0.004855	0.001938	-0.014371	-0.001496	0.001611
2024-08-20 21:06:34.186000	0.413405	-0.564589	0.249231	-0.325636	1.054399	0.489810	0.739041	-0.605073	-0.020700	-0.260524	0.491921	0.465028	0.472142	0.449326	0.469110	0.478517	-0.026893	0.007114	-0.058737	0.019784	0.009406	-0.065112	-0.007009	0.004603	0.001315	-0.014873	-0.001738	0.000994
2024-08-20 21:06:34.448000	0.414399	-0.556890	0.238252	-0.314360	1.047397	0.490507	0.728759	-0.605084	-0.020762	-0.260631	0.484919	0.465725	0.461860	0.442313	0.469745	0.468127	-0.019193	-0.003865	-0.047462	0.027432	-0.001618	-0.053729	-0.005531	0.005369	-0.000226	-0.013396	-0.000962	-0.000540
2024-08-20 21:06:34.711000	0.404160	-0.568205	0.248356	-0.320642	1.044651	0.476447	0.724802	-0.605095	-0.020824	-0.260739	0.482173	0.451665	0.457904	0.439557	0.455622	0.464063	-0.030508	0.006239	-0.053743	0.016066	0.008441	-0.059903	-0.006885	0.003955	0.001180	-0.014753	-0.002366	0.000872
2024-08-20 21:06:34.973000	0.410025	-0.565326	0.254732	-0.330290	1.050909	0.485583	0.740315	-0.605105	-0.020886	-0.260847	0.488430	0.460801	0.473417	0.445803	0.464696	0.479469	-0.027629	0.012615	-0.063392	0.018893	0.014772	-0.069444	-0.006973	0.004565	0.002065	-0.014843	-0.001747	0.001764
2024-08-20 21:06:35.235000	0.405552	-0.571114	0.245926	-0.317955	1.048696	0.477581	0.723507	-0.605116	-0.020949	-0.260954	0.486217	0.452800	0.456608	0.443580	0.456633	0.462553	-0.033418	0.003809	-0.051056	0.013053	0.005920	-0.057001	-0.007371	0.003492	0.000828	-0.015244	-0.002810	0.000532
2024-08-20 21:06:35.497000	0.408633	-0.567504	0.250841	-0.323491	1.048788	0.481284	0.732125	-0.605126	-0.021011	-0.261062	0.486310	0.456502	0.465226	0.443662	0.460273	0.471063	-0.029808	0.008724	-0.056593	0.016611	0.010790	-0.062430	-0.006816	0.004082	0.001508	-0.014692	-0.002210	0.001220
2024-08-20 21:06:35.759000	0.403365	-0.579040	0.244156	-0.310989	1.049238	0.470198	0.714354	-0.605137	-0.021073	-0.261169	0.486760	0.445416	0.447455	0.444101	0.449125	0.453185	-0.041344	0.002039	-0.044090	0.005023	0.004060	-0.049820	-0.007839	0.002222	0.000568	-0.015717	-0.004060	0.000285
2024-08-20 21:06:36.021000	0.391835	-0.582949	0.254320	-0.323846	1.044310	0.461361	0.715681	-0.605147	-0.021135	-0.261276	0.481832	0.436580	0.448782	0.439163	0.440226	0.454405	-0.045252	0.012203	-0.056948	0.001063	0.014179	-0.062570	-0.009071	0.001996	0.001982	-0.016951	-0.004276	0.001706
2024-08-20 21:06:36.283000	0.389847	-0.591642	0.244797	-0.314289	1.050981	0.459339	0.704136	-0.605157	-0.021197	-0.261384	0.488503	0.434557	0.437238	0.445824	0.438142	0.442752	-0.053946	0.002680	-0.047391	-0.007682	0.004611	-0.052906	-0.010678	0.000638	0.000645	-0.018560	-0.005625	0.000375
2024-08-20 21:06:36.546000	0.389449	-0.593610	0.252198	-0.317950	1.048811	0.455201	0.707399	-0.605167	-0.021260	-0.261491	0.486333	0.430420	0.440500	0.443644	0.433942	0.445908	-0.055913	0.010081	-0.051051	-0.009702	0.011966	-0.056458	-0.010319	0.000403	0.001673	-0.018203	-0.005850	0.001409
2024-08-20 21:06:36.808000	0.397699	-0.585658	0.256671	-0.326341	1.053027	0.467369	0.724040	-0.605177	-0.021322	-0.261599	0.490549	0.442588	0.457142	0.447850	0.446048	0.462441	-0.047961	0.014554	-0.059442	-0.001802	0.016393	-0.064742	-0.009592	0.001663	0.002292	-0.017479	-0.004580	0.002035
2024-08-20 21:06:37.070000	0.398892	-0.586317	0.243714	-0.307105	1.048601	0.462283	0.705997	-0.605187	-0.021384	-0.261706	0.486122	0.437502	0.439099	0.443414	0.440900	0.444291	-0.048620	0.001597	-0.040207	-0.002514	0.003391	-0.045399	-0.008516	0.001092	0.000474	-0.016405	-0.005141	0.000223
2024-08-20 21:06:37.332000	0.397998	-0.587394	0.244991	-0.313174	1.053574	0.466180	0.711172	-0.605197	-0.021446	-0.261814	0.491096	0.441399	0.444273	0.448377	0.444734	0.449358	-0.049697	0.002874	-0.046275	-0.003642	0.004623	-0.051360	-0.009631	0.001121	0.000646	-0.017522	-0.005102	0.000402
2024-08-20 21:06:37.594000	0.398793	-0.586029	0.246646	-0.310771	1.048946	0.462917	0.709564	-0.605207	-0.021508	-0.261921	0.486468	0.438136	0.442665	0.443739	0.441409	0.447643	-0.048332	0.004529	-0.043872	-0.002330	0.006233	-0.048850	-0.008597	0.001196	0.000871	-0.016490	-0.005018	0.000633
2024-08-20 21:06:37.856000	0.394121	-0.597735	0.246770	-0.312880	1.057965	0.460230	0.707001	-0.605216	-0.021570	-0.262028	0.495487	0.435449	0.440102	0.452749	0.438660	0.444973	-0.060038	0.004654	-0.045981	-0.014088	0.006312	-0.050852	-0.011144	-0.000293	0.000882	-0.019039	-0.006497	0.000651
2024-08-20 21:06:38.118000	0.396109	-0.585802	0.248251	-0.316860	1.050519	0.464717	0.712969	-0.605226	-0.021632	-0.262136	0.488041	0.439936	0.446070	0.445294	0.443085	0.450833	-0.048105	0.006135	-0.049961	-0.002208	0.007748	-0.054724	-0.009410	0.001384	0.001083	-0.017307	-0.004810	0.000858
2024-08-20 21:06:38.380000	0.404260	-0.580312	0.242307	-0.307861	1.050125	0.469813	0.712120	-0.605235	-0.021694	-0.262243	0.487647	0.445031	0.445222	0.444890	0.448119	0.449877	-0.042616	0.000190	-0.040962	0.003229	0.001759	-0.045618	-0.007809	0.001875	0.000246	-0.015708	-0.004308	0.000027
2024-08-20 21:06:38.643000	0.396705	-0.581461	0.246959	-0.314517	1.045724	0.464264	0.711223	-0.605245	-0.021756	-0.262351	0.483246	0.439482	0.444324	0.440479	0.442507	0.448872	-0.043764	0.004842	-0.047619	0.002028	0.006365	-0.052167	-0.008401	0.001876	0.000890	-0.016302	-0.004298	0.000677
2024-08-20 21:06:38.905000	0.389648	-0.592791	0.247347	-0.309574	1.044666	0.451875	0.699222	-0.605254	-0.021819	-0.262458	0.482188	0.427094	0.432324	0.439412	0.430057	0.436764	-0.055094	0.005230	-0.042676	-0.009355	0.006708	-0.047116	-0.009475	0.000207	0.000938	-0.017379	-0.005957	0.000731
2024-08-20 21:06:39.167000	0.405453	-0.574776	0.249340	-0.315724	1.046613	0.471837	0.721177	-0.605263	-0.021881	-0.262565	0.484134	0.447055	0.454278	0.441349	0.449956	0.458612	-0.037079	0.007223	-0.048826	0.008607	0.008655	-0.053159	-0.006932	0.002751	0.001210	-0.014838	-0.003403	0.001010
2024-08-20 21:06:39.429000	0.399588	-0.586755	0.248644	-0.315014	1.052713	0.465958	0.714602	-0.605273	-0.021943	-0.262672	0.490235	0.441177	0.447704	0.447441	0.444016	0.451930	-0.049058	0.006527	-0.048116	-0.003425	0.007914	-0.052342	-0.009146	0.001145	0.001106	-0.017054	-0.004999	0.000913
2024-08-20 21:06:39.691000	0.395214	-0.584494	0.251298	-0.317610	1.046021	0.461526	0.712825	-0.605282	-0.022005	-0.262780	0.483542	0.436745	0.445926	0.440739	0.439522	0.450045	-0.046797	0.009181	-0.050712	-0.001217	0.010523	-0.054830	-0.008713	0.001487	0.001471	-0.016623	-0.004647	0.001284
2024-08-20 21:06:39.953000	0.390841	-0.591055	0.244082	-0.309539	1.047353	0.456298	0.700380	-0.605291	-0.022067	-0.262887	0.484875	0.431516	0.433481	0.442062	0.434231	0.437492	-0.053358	0.001965	-0.042640	-0.007831	0.003261	-0.046652	-0.009766	0.000432	0.000456	-0.017678	-0.005692	0.000275
2024-08-20 21:06:40.216000	0.392232	-0.595124	0.239942	-0.306198	1.053612	0.458488	0.698430	-0.605300	-0.022129	-0.262995	0.491134	0.433707	0.431531	0.448312	0.436359	0.435435	-0.057427	-0.002175	-0.039299	-0.011953	-0.000924	-0.043203	-0.010673	-0.000176	-0.000129	-0.018587	-0.006291	-0.000304
2024-08-20 21:06:40.478000	0.391636	-0.587188	0.251855	-0.319238	1.046206	0.459019	0.710874	-0.605308	-0.022191	-0.263102	0.483728	0.434237	0.443975	0.440898	0.436828	0.447772	-0.049491	0.009738	-0.052339	-0.004070	0.010944	-0.056136	-0.009411	0.001148	0.001530	-0.017327	-0.004957	0.001361
2024-08-20 21:06:40.740000	0.398097	-0.589747	0.245448	-0.309676	1.052071	0.462324	0.707773	-0.605317	-0.022253	-0.263209	0.489593	0.437543	0.440874	0.446754	0.440071	0.444563	-0.052050	0.003331	-0.042777	-0.006683	0.004492	-0.046466	-0.009281	0.000564	0.000628	-0.017199	-0.005531	0.000466
2024-08-20 21:06:41.002000	0.395214	-0.588800	0.250910	-0.317169	1.050273	0.461473	0.712383	-0.605326	-0.022315	-0.263316	0.487794	0.436691	0.445485	0.444947	0.439158	0.449067	-0.051103	0.008794	-0.050270	-0.005789	0.009909	-0.053853	-0.009490	0.000859	0.001385	-0.017410	-0.005225	0.001229
2024-08-20 21:06:41.264000	0.393028	-0.590813	0.251243	-0.320231	1.052829	0.462016	0.713259	-0.605334	-0.022377	-0.263424	0.490350	0.437234	0.446360	0.447494	0.439638	0.449835	-0.053116	0.009127	-0.053333	-0.007856	0.010197	-0.056808	-0.010384	0.000678	0.001426	-0.018306	-0.005396	0.001276
2024-08-20 21:06:41.526000	0.394220	-0.590005	0.248893	-0.311404	1.046737	0.456732	0.705625	-0.605343	-0.022439	-0.263531	0.484258	0.431951	0.438726	0.441394	0.434293	0.442094	-0.052308	0.006776	-0.044506	-0.007101	0.007801	-0.047874	-0.008992	0.000517	0.001091	-0.016916	-0.005547	0.000947
2024-08-20 21:06:41.788000	0.392531	-0.597323	0.240881	-0.305741	1.054714	0.457391	0.698272	-0.605351	-0.022501	-0.263638	0.492235	0.432609	0.431373	0.449363	0.434890	0.434634	-0.059626	-0.001236	-0.038843	-0.014473	-0.000256	-0.042103	-0.010801	-0.000552	-0.000036	-0.018727	-0.006606	-0.000173
2024-08-20 21:06:42.050000	0.388157	-0.603307	0.242700	-0.308464	1.057228	0.453921	0.696621	-0.605359	-0.022563	-0.263745	0.494750	0.429139	0.429722	0.451869	0.431358	0.432876	-0.065610	0.000583	-0.041565	-0.020511	0.001518	-0.044719	-0.012079	-0.001284	0.000212	-0.020007	-0.007329	0.000082
2024-08-20 21:06:42.313000	0.393127	-0.594089	0.244941	-0.308251	1.050525	0.456436	0.701378	-0.605368	-0.022625	-0.263853	0.488047	0.431655	0.434479	0.445157	0.433811	0.437525	-0.056392	0.002825	-0.041352	-0.011346	0.003714	-0.044398	-0.009898	-0.000110	0.000519	-0.017828	-0.006144	0.000395
2024-08-20 21:06:42.575000	0.385771	-0.599305	0.245344	-0.314259	1.053992	0.454686	0.700030	-0.605376	-0.022687	-0.263960	0.491513	0.429905	0.433132	0.448616	0.431999	0.436070	-0.061609	0.003227	-0.047360	-0.016617	0.004071	-0.050299	-0.011937	-0.000619	0.000569	-0.019868	-0.006643	0.000451
2024-08-20 21:06:42.837000	0.386964	-0.595778	0.250244	-0.315790	1.048288	0.452510	0.702754	-0.605384	-0.022749	-0.264067	0.485809	0.427728	0.435856	0.442904	0.429761	0.438687	-0.058081	0.008128	-0.048891	-0.013143	0.008926	-0.051723	-0.010633	-0.000169	0.001248	-0.018566	-0.006183	0.001136
2024-08-20 21:06:43.099000	0.386467	-0.596576	0.245369	-0.311562	1.049236	0.452660	0.698029	-0.605392	-0.022811	-0.264174	0.486758	0.427878	0.431130	0.443844	0.429849	0.433854	-0.058879	0.003252	-0.044663	-0.013995	0.004006	-0.047387	-0.010906	-0.000366	0.000560	-0.018841	-0.006370	0.000455
2024-08-20 21:06:43.361000	0.390543	-0.600562	0.242332	-0.311810	1.060583	0.460020	0.702353	-0.605400	-0.022873	-0.264282	0.498104	0.435239	0.435454	0.455183	0.437147	0.438071	-0.062865	0.000215	-0.044912	-0.018036	0.000924	-0.047529	-0.012274	-0.000861	0.000129	-0.020211	-0.006854	0.000030
2024-08-20 21:06:43.623000	0.390046	-0.595613	0.247436	-0.314791	1.053013	0.457400	0.704837	-0.605407	-0.022935	-0.264389	0.490535	0.432619	0.437938	0.447606	0.434465	0.440448	-0.057916	0.005319	-0.047893	-0.013141	0.005983	-0.050403	-0.010945	-0.000179	0.000836	-0.018884	-0.006162	0.000744
2024-08-20 21:06:43.885000	0.382094	-0.603884	0.244688	-0.312657	1.053946	0.450062	0.694750	-0.605415	-0.022997	-0.264496	0.491468	0.425281	0.427852	0.448531	0.427065	0.430255	-0.066187	0.002571	-0.045758	-0.021466	0.003189	-0.048161	-0.012595	-0.001318	0.000446	-0.020535	-0.007292	0.000359
2024-08-20 21:06:44.148000	0.394022	-0.592647	0.245786	-0.312915	1.053797	0.461151	0.706937	-0.605423	-0.023059	-0.264603	0.491319	0.436369	0.440038	0.448374	0.438092	0.442334	-0.054950	0.003669	-0.046017	-0.010283	0.004242	-0.048312	-0.010350	0.000151	0.000593	-0.018292	-0.005813	0.000513
2024-08-20 21:06:44.410000	0.390145	-0.591148	0.247993	-0.314279	1.047579	0.456431	0.704424	-0.605430	-0.023121	-0.264710	0.485101	0.431649	0.437526	0.442149	0.433310	0.439714	-0.053451	0.005876	-0.047381	-0.008839	0.006404	-0.049569	-0.009908	0.000358	0.000895	-0.017852	-0.005596	0.000821
2024-08-20 21:06:44.672000	0.392431	-0.598440	0.241542	-0.311546	1.060876	0.462436	0.703978	-0.605438	-0.023183	-0.264818	0.498398	0.437654	0.437079	0.455438	0.439253	0.439160	-0.060744	-0.000575	-0.044648	-0.016186	-0.000093	-0.046729	-0.011973	-0.000631	-0.000013	-0.019919	-0.006574	-0.000080
2024-08-20 21:06:44.934000	0.393525	-0.597045	0.247635	-0.314081	1.057015	0.459971	0.707606	-0.605445	-0.023245	-0.264925	0.494537	0.435189	0.440707	0.451571	0.436726	0.442681	-0.059348	0.005518	-0.047183	-0.014845	0.005955	-0.049157	-0.011027	-0.000443	0.000833	-0.018975	-0.006376	0.000771
2024-08-20 21:06:45.196000	0.392531	-0.591380	0.249862	-0.316556	1.050604	0.459224	0.709086	-0.605452	-0.023307	-0.265032	0.488126	0.434443	0.442188	0.445152	0.435918	0.444054	-0.053683	0.007745	-0.049657	-0.009234	0.008137	-0.051524	-0.010023	0.000349	0.001138	-0.017972	-0.005574	0.001083
2024-08-20 21:06:45.458000	0.395214	-0.587641	0.247899	-0.314675	1.049631	0.461990	0.709889	-0.605459	-0.023369	-0.265139	0.487153	0.437209	0.442990	0.444172	0.438622	0.444750	-0.049944	0.005782	-0.047776	-0.005550	0.006128	-0.049536	-0.009345	0.000794	0.000857	-0.017296	-0.005119	0.000808
2024-08-20 21:06:45.720000	0.399091	-0.589675	0.248654	-0.314436	1.054548	0.464873	0.713527	-0.605466	-0.023430	-0.265246	0.492070	0.440092	0.446629	0.449082	0.441443	0.448282	-0.051978	0.006537	-0.047538	-0.007639	0.006839	-0.049191	-0.009530	0.000499	0.000956	-0.017482	-0.005404	0.000914
2024-08-20 21:06:45.983000	0.387958	-0.602493	0.240096	-0.305888	1.056244	0.453751	0.693847	-0.605473	-0.023492	-0.265353	0.493766	0.428969	0.426948	0.450771	0.430258	0.428493	-0.064797	-0.002021	-0.038990	-0.020513	-0.001765	-0.040535	-0.011909	-0.001383	-0.000247	-0.019863	-0.007275	-0.000283
2024-08-20 21:06:46.245000	0.391338	-0.595973	0.242054	-0.307916	1.053174	0.457200	0.699254	-0.605480	-0.023554	-0.265460	0.490695	0.432419	0.432356	0.447693	0.433646	0.433794	-0.058277	-0.000063	-0.041018	-0.014048	0.000148	-0.042456	-0.010712	-0.000489	0.000021	-0.018668	-0.006371	-0.000009
2024-08-20 21:06:46.507000	0.393127	-0.590844	0.247615	-0.313083	1.049438	0.458594	0.706210	-0.605487	-0.023616	-0.265567	0.486960	0.433813	0.439311	0.443951	0.434978	0.440642	-0.053147	0.005498	-0.046184	-0.008973	0.005664	-0.047515	-0.009681	0.000282	0.000792	-0.017639	-0.005590	0.000769
2024-08-20 21:06:46.769000	0.390642	-0.591967	0.246865	-0.315009	1.050753	0.458786	0.705651	-0.605494	-0.023678	-0.265674	0.488275	0.434005	0.438753	0.445259	0.435108	0.439977	-0.054270	0.004748	-0.048111	-0.010151	0.004869	-0.049335	-0.010401	0.000194	0.000681	-0.018361	-0.005668	0.000664
2024-08-20 21:06:47.031000	0.389946	-0.595670	0.246875	-0.310183	1.048924	0.453254	0.700129	-0.605500	-0.023740	-0.265781	0.486445	0.428472	0.433230	0.443423	0.429514	0.434348	-0.057973	0.004758	-0.043284	-0.013909	0.004833	-0.044401	-0.010158	-0.000460	0.000676	-0.018119	-0.006312	0.000665
2024-08-20 21:06:47.293000	0.398594	-0.584257	0.242377	-0.312003	1.052477	0.468220	0.710597	-0.605507	-0.023802	-0.265888	0.489999	0.443438	0.443698	0.446970	0.444418	0.444708	-0.046560	0.000260	-0.045104	-0.002552	0.000290	-0.046114	-0.009257	0.001145	0.000041	-0.017219	-0.004697	0.000036
2024-08-20 21:06:47.555000	0.388455	-0.598775	0.249603	-0.318477	1.056104	0.457329	0.706932	-0.605513	-0.023863	-0.265995	0.493626	0.432547	0.440034	0.450591	0.433466	0.440937	-0.061078	0.007486	-0.051579	-0.017125	0.007472	-0.052482	-0.011796	-0.000654	0.001045	-0.019760	-0.006485	0.001047
2024-08-20 21:06:47.818000	0.388853	-0.598209	0.240752	-0.309032	1.055341	0.457133	0.697885	-0.605520	-0.023926	-0.266103	0.492863	0.432351	0.430986	0.449822	0.433207	0.431782	-0.060512	-0.001365	-0.042133	-0.016614	-0.001425	-0.042929	-0.011581	-0.000795	-0.000199	-0.019546	-0.006616	-0.000191
2024-08-20 21:06:48.080000	0.388157	-0.597235	0.240573	-0.307146	1.051965	0.454730	0.695303	-0.605526	-0.023987	-0.266210	0.489487	0.429948	0.428404	0.446439	0.430743	0.429093	-0.059538	-0.001544	-0.040247	-0.015697	-0.001649	-0.040936	-0.011072	-0.000735	-0.000231	-0.019039	-0.006546	-0.000216
2024-08-20 21:06:48.342000	0.394022	-0.591889	0.240732	-0.305118	1.050297	0.458407	0.699139	-0.605532	-0.024049	-0.266316	0.487819	0.433626	0.432241	0.444765	0.434358	0.432823	-0.054193	-0.001385	-0.038219	-0.010406	-0.001535	-0.038801	-0.009661	-0.000107	-0.000215	-0.017629	-0.005907	-0.000194
2024-08-20 21:06:48.604000	0.389648	-0.589598	0.249012	-0.318523	1.048757	0.459159	0.708171	-0.605538	-0.024111	-0.266423	0.486278	0.434377	0.441272	0.443218	0.435048	0.441747	-0.051901	0.006895	-0.051624	-0.008170	0.006699	-0.052099	-0.010212	0.000524	0.000937	-0.018183	-0.005266	0.000964
2024-08-20 21:06:48.866000	0.399489	-0.583207	0.239062	-0.303313	1.046946	0.463739	0.702801	-0.605544	-0.024173	-0.266530	0.484468	0.438958	0.435903	0.441402	0.439567	0.436271	-0.045510	-0.003055	-0.036414	-0.001835	-0.003296	-0.036783	-0.008025	0.000979	-0.000461	-0.015996	-0.004801	-0.000427
2024-08-20 21:06:49.128000	0.389648	-0.592533	0.250254	-0.318305	1.050232	0.457698	0.707953	-0.605550	-0.024234	-0.266637	0.487753	0.432917	0.441054	0.444681	0.433464	0.441316	-0.054837	0.008137	-0.051406	-0.011217	0.007852	-0.051668	-0.010472	0.000095	0.001098	-0.018445	-0.005674	0.001138
2024-08-20 21:06:49.390000	0.393922	-0.588532	0.250602	-0.321372	1.053224	0.464692	0.715294	-0.605556	-0.024296	-0.266744	0.490745	0.439910	0.448396	0.447668	0.440396	0.448550	-0.050835	0.008485	-0.054474	-0.007272	0.008154	-0.054628	-0.010251	0.000708	0.001140	-0.018225	-0.005051	0.001186
2024-08-20 21:06:49.653000	0.384082	-0.601402	0.244599	-0.316236	1.057121	0.455719	0.700318	-0.605562	-0.024358	-0.266851	0.494642	0.430938	0.433419	0.451559	0.431361	0.433467	-0.063705	0.002482	-0.049338	-0.020198	0.002105	-0.049385	-0.012803	-0.001100	0.000294	-0.020779	-0.006848	0.000347
2024-08-20 21:06:49.915000	0.382591	-0.589896	0.245637	-0.318087	1.044936	0.455040	0.700677	-0.605567	-0.024420	-0.266958	0.482458	0.430258	0.433779	0.439369	0.430620	0.433719	-0.052200	0.003520	-0.051188	-0.008749	0.003099	-0.051129	-0.010826	0.000457	0.000433	-0.018803	-0.005282	0.000492
2024-08-20 21:06:50.177000	0.396507	-0.584530	0.249052	-0.322817	1.054802	0.470272	0.719324	-0.605573	-0.024482	-0.267065	0.492324	0.445490	0.452425	0.449229	0.445790	0.452259	-0.046833	0.006935	-0.055918	-0.003439	0.006468	-0.055752	-0.010081	0.001269	0.000904	-0.018060	-0.004459	0.000969
2024-08-20 21:06:50.439000	0.383187	-0.600068	0.250498	-0.325474	1.058230	0.458163	0.708661	-0.605578	-0.024543	-0.267172	0.495752	0.433381	0.441762	0.452652	0.433620	0.441489	-0.062371	0.008381	-0.058575	-0.019033	0.007869	-0.058302	-0.013188	-0.000723	0.001100	-0.021168	-0.006441	0.001172
2024-08-20 21:06:50.701000	0.386268	-0.595865	0.253162	-0.322391	1.051363	0.455498	0.708660	-0.605584	-0.024605	-0.267279	0.488885	0.430716	0.441761	0.445779	0.430893	0.441381	-0.058169	0.011045	-0.055493	-0.014886	0.010488	-0.055113	-0.011305	-0.000308	0.001466	-0.019287	-0.006015	0.001544
2024-08-20 21:06:50.963000	0.391934	-0.592147	0.242765	-0.315019	1.056336	0.464189	0.706954	-0.605589	-0.024667	-0.267385	0.493858	0.439407	0.440055	0.450747	0.439522	0.439568	-0.054450	0.000648	-0.048121	-0.011225	0.000046	-0.047634	-0.011201	0.000052	0.000006	-0.019184	-0.005645	0.000091
2024-08-20 21:06:51.225000	0.396208	-0.577572	0.239589	-0.312642	1.046834	0.469261	0.708850	-0.605594	-0.024728	-0.267492	0.484355	0.444480	0.441951	0.441239	0.444533	0.441358	-0.039876	-0.002528	-0.045743	0.003294	-0.003175	-0.045149	-0.008656	0.001924	-0.000444	-0.016640	-0.003762	-0.000353
2024-08-20 21:06:51.488000	0.402172	-0.584963	0.247894	-0.319065	1.058307	0.473344	0.721238	-0.605599	-0.024790	-0.267599	0.495828	0.448562	0.454339	0.452707	0.448554	0.453638	-0.047266	0.005777	-0.052167	-0.004154	0.005085	-0.051466	-0.009657	0.001052	0.000711	-0.017643	-0.004624	0.000808
2024-08-20 21:06:51.750000	0.391040	-0.588707	0.248535	-0.321539	1.052751	0.464044	0.712579	-0.605604	-0.024852	-0.267706	0.490273	0.439263	0.445680	0.447147	0.439192	0.444873	-0.051010	0.006418	-0.054641	-0.007954	0.005681	-0.053833	-0.010701	0.000620	0.000794	-0.018688	-0.005046	0.000897
2024-08-20 21:06:52.012000	0.397103	-0.575456	0.252019	-0.327187	1.047727	0.472272	0.724290	-0.605609	-0.024914	-0.267813	0.485249	0.447490	0.457392	0.442118	0.447358	0.456478	-0.037759	0.009902	-0.060289	0.005240	0.009120	-0.059375	-0.008658	0.002501	0.001275	-0.016646	-0.003154	0.001384
2024-08-20 21:06:52.274000	0.385672	-0.590190	0.250438	-0.327466	1.052890	0.462700	0.713138	-0.605614	-0.024975	-0.267919	0.490412	0.437918	0.446240	0.447276	0.437725	0.445219	-0.052493	0.008321	-0.060568	-0.009551	0.007494	-0.059547	-0.011743	0.000573	0.001048	-0.019732	-0.005072	0.001163
2024-08-20 21:06:52.536000	0.393425	-0.586873	0.247009	-0.324769	1.058059	0.471185	0.718194	-0.605619	-0.025037	-0.268026	0.495580	0.446404	0.451296	0.452440	0.446148	0.450168	-0.049177	0.004892	-0.057870	-0.006291	0.004020	-0.056743	-0.011270	0.000952	0.000562	-0.019261	-0.004683	0.000684
2024-08-20 21:06:52.798000	0.401477	-0.579241	0.244668	-0.317392	1.053442	0.474201	0.718869	-0.605624	-0.025098	-0.268133	0.490963	0.449419	0.451970	0.447818	0.449102	0.450736	-0.041544	0.002551	-0.050494	0.001284	0.001634	-0.049259	-0.008891	0.001737	0.000228	-0.016883	-0.003887	0.000357
2024-08-20 21:06:53.060000	0.397699	-0.573499	0.246099	-0.325590	1.050689	0.477190	0.723290	-0.605628	-0.025160	-0.268240	0.488211	0.452409	0.456391	0.445061	0.452030	0.455050	-0.035802	0.003983	-0.058692	0.006969	0.003020	-0.057351	-0.009123	0.002733	0.000422	-0.017116	-0.002881	0.000557
2024-08-20 21:06:53.323000	0.396308	-0.578257	0.243550	-0.320135	1.051150	0.472893	0.716443	-0.605633	-0.025222	-0.268347	0.488672	0.448111	0.449544	0.445518	0.447671	0.448096	-0.040561	0.001433	-0.053236	0.002153	0.000425	-0.051788	-0.009447	0.001947	0.000059	-0.017442	-0.003656	0.000200
2024-08-20 21:06:53.585000	0.403365	-0.569152	0.248838	-0.328759	1.052439	0.483286	0.732124	-0.605637	-0.025283	-0.268453	0.489960	0.458505	0.465226	0.446801	0.458003	0.463671	-0.031456	0.006721	-0.061861	0.011201	0.005668	-0.060306	-0.008396	0.003357	0.000792	-0.016392	-0.002235	0.000940
2024-08-20 21:06:53.847000	0.406347	-0.566691	0.243460	-0.325291	1.054869	0.488178	0.731638	-0.605641	-0.025345	-0.268560	0.492390	0.463396	0.464740	0.449227	0.462833	0.463079	-0.028994	0.001343	-0.058393	0.013606	0.000246	-0.056731	-0.008308	0.003620	0.000034	-0.016305	-0.001962	0.000188
2024-08-20 21:06:54.109000	0.397699	-0.571284	0.243545	-0.327481	1.052920	0.481636	0.725181	-0.605646	-0.025407	-0.268666	0.490442	0.456854	0.458282	0.447275	0.456229	0.456514	-0.033588	0.001428	-0.060583	0.008955	0.000285	-0.058815	-0.009562	0.003073	0.000040	-0.017560	-0.002499	0.000200
2024-08-20 21:06:54.371000	0.410423	-0.564610	0.238222	-0.318122	1.054933	0.490323	0.728545	-0.605650	-0.025468	-0.268773	0.492454	0.465541	0.461646	0.449283	0.464855	0.459772	-0.026913	-0.003895	-0.051224	0.015572	-0.005083	-0.049349	-0.007554	0.003701	-0.000711	-0.015553	-0.001860	-0.000545
2024-08-20 21:06:54.633000	0.402471	-0.570290	0.243311	-0.332120	1.061570	0.491280	0.734591	-0.605654	-0.025530	-0.268880	0.499092	0.466498	0.467693	0.455916	0.465750	0.465712	-0.032594	0.001194	-0.065222	0.009834	-0.000039	-0.063241	-0.010309	0.003335	-0.000005	-0.018310	-0.002216	0.000167
2024-08-20 21:06:54.895000	0.403465	-0.571346	0.243952	-0.325773	1.056631	0.485285	0.729237	-0.605658	-0.025591	-0.268986	0.494153	0.460503	0.462339	0.450973	0.459694	0.460251	-0.033649	0.001836	-0.058874	0.008720	0.000558	-0.056787	-0.009164	0.002973	0.000078	-0.017165	-0.002567	0.000257
2024-08-20 21:06:55.158000	0.402073	-0.569575	0.245593	-0.329834	1.055889	0.486314	0.731907	-0.605662	-0.025653	-0.269093	0.493411	0.461533	0.465008	0.450227	0.460661	0.462814	-0.031878	0.003476	-0.062935	0.010434	0.002152	-0.060741	-0.009298	0.003309	0.000301	-0.017300	-0.002220	0.000486
2024-08-20 21:06:55.420000	0.407938	-0.566696	0.241721	-0.323562	1.056475	0.489779	0.731500	-0.605665	-0.025714	-0.269200	0.493996	0.464997	0.464601	0.450809	0.464065	0.462300	-0.028999	-0.000396	-0.056664	0.013255	-0.001764	-0.054363	-0.008306	0.003520	-0.000247	-0.016309	-0.001999	-0.000055
2024-08-20 21:06:55.682000	0.405950	-0.564651	0.248803	-0.339371	1.061168	0.496517	0.745320	-0.605669	-0.025776	-0.269306	0.498690	0.471735	0.478422	0.455499	0.470741	0.476014	-0.026954	0.006686	-0.072472	0.015242	0.005273	-0.070064	-0.009595	0.004209	0.000737	-0.017599	-0.001299	0.000935
2024-08-20 21:06:55.944000	0.398495	-0.572932	0.243749	-0.327030	1.054708	0.481776	0.725525	-0.605673	-0.025837	-0.269413	0.492230	0.456995	0.458626	0.449036	0.455939	0.456112	-0.035236	0.001632	-0.060132	0.006903	0.000174	-0.057618	-0.009734	0.002765	0.000024	-0.017739	-0.002733	0.000228
2024-08-20 21:06:56.206000	0.399886	-0.577871	0.240762	-0.320951	1.057947	0.480076	0.720837	-0.605676	-0.025899	-0.269519	0.495469	0.455294	0.453939	0.452271	0.454177	0.451318	-0.040174	-0.001355	-0.054053	0.001906	-0.002858	-0.051432	-0.010056	0.001940	-0.000400	-0.018063	-0.003547	-0.000189
2024-08-20 21:06:56.468000	0.401675	-0.566938	0.250105	-0.331766	1.050273	0.483336	0.733441	-0.605680	-0.025960	-0.269626	0.487795	0.458554	0.466542	0.444594	0.457375	0.463815	-0.029241	0.007988	-0.064867	0.012781	0.006440	-0.062140	-0.008307	0.003616	0.000900	-0.016314	-0.001861	0.001117
2024-08-20 21:06:56.730000	0.395115	-0.585565	0.240205	-0.316201	1.056676	0.471111	0.711316	-0.605683	-0.026022	-0.269732	0.494198	0.446329	0.444417	0.450993	0.445089	0.441584	-0.047869	-0.001912	-0.049302	-0.005904	-0.003505	-0.046469	-0.010676	0.000756	-0.000490	-0.018684	-0.004710	-0.000267
2024-08-20 21:06:56.993000	0.393127	-0.582177	0.244012	-0.321894	1.053186	0.471009	0.715021	-0.605686	-0.026083	-0.269839	0.490707	0.446228	0.448123	0.447500	0.444926	0.445183	-0.044480	0.001895	-0.054996	-0.002574	0.000257	-0.052056	-0.010406	0.001334	0.000036	-0.018416	-0.004122	0.000265
2024-08-20 21:06:57.255000	0.404260	-0.570991	0.249241	-0.328729	1.054739	0.483748	0.732988	-0.605689	-0.026145	-0.269945	0.492260	0.458966	0.466090	0.449049	0.457603	0.463043	-0.033294	0.007124	-0.061830	0.008554	0.005440	-0.058784	-0.008639	0.002961	0.000761	-0.016649	-0.002484	0.000996
2024-08-20 21:06:57.517000	0.402172	-0.574323	0.248967	-0.330665	1.058193	0.483871	0.732838	-0.605692	-0.026206	-0.270052	0.495715	0.459089	0.465939	0.452501	0.457664	0.462786	-0.036626	0.006850	-0.063767	0.005163	0.005122	-0.060614	-0.009679	0.002576	0.000716	-0.017690	-0.002858	0.000958
2024-08-20 21:06:57.779000	0.396308	-0.579344	0.244728	-0.324541	1.055465	0.476121	0.720849	-0.605695	-0.026268	-0.270158	0.492987	0.451339	0.453950	0.449770	0.449853	0.450691	-0.041647	0.002611	-0.057642	0.000083	0.000838	-0.054383	-0.010249	0.001753	0.000117	-0.018261	-0.003671	0.000365
2024-08-20 21:06:58.041000	0.398395	-0.579669	0.249494	-0.327826	1.056396	0.476727	0.726221	-0.605698	-0.026329	-0.270264	0.493918	0.451946	0.459323	0.450698	0.450398	0.455957	-0.041972	0.007377	-0.060928	-0.000300	0.005559	-0.057562	-0.010021	0.001752	0.000777	-0.018034	-0.003661	0.001031
2024-08-20 21:06:58.303000	0.399687	-0.581069	0.245831	-0.323121	1.058047	0.476978	0.722809	-0.605701	-0.026391	-0.270371	0.495569	0.452196	0.455910	0.452346	0.450587	0.452438	-0.043373	0.003714	-0.056223	-0.001759	0.001851	-0.052751	-0.010082	0.001446	0.000259	-0.018096	-0.003956	0.000519
2024-08-20 21:06:58.565000	0.399986	-0.574004	0.240846	-0.320444	1.053587	0.479584	0.720430	-0.605704	-0.026452	-0.270477	0.491109	0.454802	0.453531	0.447884	0.453132	0.449953	-0.036307	-0.001271	-0.053546	0.005248	-0.003179	-0.049967	-0.009218	0.002337	-0.000444	-0.017233	-0.003054	-0.000178
2024-08-20 21:06:58.828000	0.395612	-0.578716	0.250672	-0.327872	1.051528	0.472812	0.723484	-0.605706	-0.026513	-0.270584	0.489049	0.448030	0.456585	0.445822	0.446298	0.452900	-0.041019	0.008555	-0.060973	0.000477	0.006602	-0.057288	-0.009624	0.001834	0.000923	-0.017640	-0.003547	0.001196
2024-08-20 21:06:59.090000	0.394419	-0.582099	0.247342	-0.325002	1.054179	0.472079	0.719421	-0.605709	-0.026575	-0.270690	0.491700	0.447298	0.452523	0.448470	0.445505	0.448732	-0.044403	0.005225	-0.058104	-0.002965	0.003227	-0.054312	-0.010340	0.001321	0.000451	-0.018357	-0.004049	0.000730
2024-08-20 21:06:59.352000	0.392133	-0.590231	0.244037	-0.319243	1.057570	0.467339	0.711376	-0.605711	-0.026636	-0.270796	0.495092	0.442557	0.444477	0.451859	0.440703	0.440580	-0.052534	0.001920	-0.052344	-0.011156	-0.000123	-0.048447	-0.011377	0.000089	-0.000017	-0.019395	-0.005271	0.000268
2024-08-20 21:06:59.614000	0.400781	-0.581337	0.242123	-0.319354	1.059349	0.478012	0.720135	-0.605713	-0.026697	-0.270902	0.496870	0.453230	0.453236	0.453635	0.451314	0.449233	-0.043640	0.000007	-0.052456	-0.002321	-0.002081	-0.048452	-0.010118	0.001277	-0.000291	-0.018137	-0.004072	0.000001
2024-08-20 21:06:59.876000	0.396705	-0.574472	0.257933	-0.339000	1.052245	0.477773	0.735706	-0.605716	-0.026759	-0.271009	0.489767	0.452991	0.468807	0.446529	0.451014	0.464697	-0.036775	0.015816	-0.072102	0.004485	0.013683	-0.067992	-0.009572	0.002628	0.001913	-0.017591	-0.002710	0.002211
2024-08-20 21:07:00.138000	0.401377	-0.576187	0.241940	-0.320885	1.056510	0.480323	0.722263	-0.605718	-0.026820	-0.271115	0.494032	0.455541	0.455364	0.450792	0.453503	0.451148	-0.038490	-0.000177	-0.053987	0.002711	-0.002355	-0.049771	-0.009492	0.001987	-0.000329	-0.017512	-0.003340	-0.000025
2024-08-20 21:07:00.400000	0.395513	-0.581141	0.239251	-0.319816	1.057219	0.476077	0.715328	-0.605720	-0.026881	-0.271221	0.494740	0.451296	0.448430	0.451499	0.449196	0.444107	-0.043445	-0.002866	-0.052917	-0.002303	-0.005089	-0.048595	-0.010721	0.001318	-0.000711	-0.018741	-0.003999	-0.000401
2024-08-20 21:07:00.663000	0.404558	-0.564224	0.246865	-0.329205	1.051122	0.486898	0.733763	-0.605722	-0.026943	-0.271327	0.488644	0.462117	0.466865	0.445400	0.459956	0.462436	-0.026527	0.004748	-0.062307	0.014555	0.002480	-0.057878	-0.007923	0.003757	0.000347	-0.015944	-0.001548	0.000664
2024-08-20 21:07:00.925000	0.405651	-0.569817	0.237700	-0.319136	1.056904	0.487087	0.724788	-0.605724	-0.027004	-0.271434	0.494426	0.462306	0.457889	0.451180	0.460083	0.453354	-0.032120	-0.004417	-0.052238	0.008903	-0.006729	-0.047703	-0.008790	0.002787	-0.000941	-0.016812	-0.002508	-0.000617
2024-08-20 21:07:01.187000	0.412908	-0.560526	0.245200	-0.327831	1.056065	0.495539	0.740739	-0.605725	-0.027065	-0.271540	0.493587	0.470757	0.473840	0.450340	0.468474	0.469199	-0.022829	0.003083	-0.060933	0.018134	0.000726	-0.056292	-0.007293	0.004198	0.000101	-0.015316	-0.001086	0.000431
2024-08-20 21:07:01.449000	0.410224	-0.555345	0.250871	-0.336572	1.051270	0.495925	0.746796	-0.605727	-0.027127	-0.271646	0.488792	0.471143	0.479897	0.445543	0.468798	0.475150	-0.017648	0.008754	-0.069673	0.023255	0.006351	-0.064926	-0.006918	0.005089	0.000888	-0.014942	-0.000184	0.001224
2024-08-20 21:07:01.711000	0.407540	-0.555412	0.249718	-0.338098	1.051332	0.495920	0.745638	-0.605729	-0.027188	-0.271752	0.488854	0.471139	0.478739	0.445604	0.468733	0.473886	-0.017715	0.007601	-0.071199	0.023129	0.005154	-0.066346	-0.007444	0.005132	0.000720	-0.015468	-0.000131	0.001063
2024-08-20 21:07:01.973000	0.410423	-0.555958	0.237208	-0.325347	1.054519	0.498561	0.735770	-0.605730	-0.027249	-0.271858	0.492041	0.473780	0.468871	0.448789	0.471312	0.463912	-0.018261	-0.004909	-0.058448	0.022523	-0.007401	-0.053489	-0.007506	0.004778	-0.001035	-0.015530	-0.000473	-0.000686
2024-08-20 21:07:02.235000	0.412510	-0.557838	0.246542	-0.331015	1.054821	0.496983	0.743525	-0.605732	-0.027310	-0.271964	0.492343	0.472202	0.476627	0.449090	0.469673	0.471561	-0.020141	0.004425	-0.064117	0.020584	0.001888	-0.059051	-0.007145	0.004597	0.000264	-0.015170	-0.000644	0.000619
2024-08-20 21:07:02.498000	0.412212	-0.564394	0.238167	-0.323790	1.062229	0.497835	0.736002	-0.605733	-0.027372	-0.272070	0.499750	0.473053	0.469104	0.456496	0.470463	0.463932	-0.026697	-0.003950	-0.056892	0.013968	-0.006531	-0.051720	-0.008584	0.003582	-0.000913	-0.016610	-0.001648	-0.000552
2024-08-20 21:07:02.760000	0.414597	-0.560078	0.244087	-0.327552	1.058141	0.498063	0.742150	-0.605734	-0.027433	-0.272176	0.495663	0.473282	0.475251	0.452407	0.470630	0.469973	-0.022381	0.001970	-0.060654	0.018223	-0.000657	-0.055376	-0.007367	0.004196	-0.000092	-0.015394	-0.001023	0.000275
2024-08-20 21:07:03.022000	0.404459	-0.565079	0.245404	-0.331127	1.055260	0.490182	0.735585	-0.605735	-0.027494	-0.272282	0.492782	0.465400	0.468687	0.449525	0.462688	0.463303	-0.027382	0.003287	-0.064228	0.013163	0.000615	-0.058844	-0.008724	0.003625	0.000086	-0.016752	-0.001583	0.000459
2024-08-20 21:07:03.284000	0.401974	-0.568215	0.242491	-0.328176	1.055873	0.487658	0.730150	-0.605736	-0.027555	-0.272388	0.493395	0.462877	0.463251	0.450137	0.460103	0.457761	-0.030518	0.000374	-0.061277	0.009966	-0.002342	-0.055788	-0.009299	0.003138	-0.000327	-0.017327	-0.002059	0.000052
2024-08-20 21:07:03.546000	0.400483	-0.567726	0.246661	-0.334701	1.056248	0.488523	0.735184	-0.605737	-0.027616	-0.272494	0.493770	0.463741	0.468285	0.450511	0.460906	0.462689	-0.030029	0.004544	-0.067803	0.010395	0.001783	-0.062207	-0.009657	0.003355	0.000249	-0.017685	-0.001831	0.000635
2024-08-20 21:07:03.808000	0.400980	-0.565547	0.246378	-0.334012	1.054161	0.488613	0.734991	-0.605738	-0.027677	-0.272600	0.491682	0.463832	0.468093	0.448423	0.460936	0.462391	-0.027851	0.004261	-0.067113	0.012513	0.001455	-0.061411	-0.009175	0.003613	0.000203	-0.017204	-0.001563	0.000596
2024-08-20 21:07:04.070000	0.396805	-0.566021	0.247277	-0.334412	1.049961	0.483940	0.731217	-0.605739	-0.027738	-0.272706	0.487482	0.459158	0.464318	0.444222	0.456201	0.458511	-0.028324	0.005160	-0.067514	0.011979	0.002310	-0.061706	-0.009166	0.003542	0.000323	-0.017196	-0.001623	0.000721
2024-08-20 21:07:04.333000	0.410820	-0.556720	0.245647	-0.333667	1.055560	0.498840	0.744487	-0.605739	-0.027800	-0.272812	0.493082	0.474058	0.477588	0.449821	0.471040	0.471675	-0.019023	0.003530	-0.066768	0.021220	0.000635	-0.060854	-0.007614	0.004753	0.000089	-0.015644	-0.000401	0.000494
2024-08-20 21:07:04.595000	0.412212	-0.554557	0.246815	-0.333510	1.053463	0.498906	0.745721	-0.605740	-0.027861	-0.272918	0.490985	0.474125	0.478823	0.447723	0.471045	0.472803	-0.016860	0.004698	-0.066611	0.023322	0.001758	-0.060591	-0.006958	0.005010	0.000246	-0.014988	-0.000133	0.000657
2024-08-20 21:07:04.857000	0.402471	-0.561736	0.250190	-0.339725	1.053743	0.492006	0.742196	-0.605741	-0.027922	-0.273024	0.491264	0.467225	0.475298	0.448002	0.464084	0.469172	-0.024040	0.008073	-0.072827	0.016082	0.005088	-0.066701	-0.008830	0.004214	0.000711	-0.016861	-0.000919	0.001129
2024-08-20 21:07:05.119000	0.405850	-0.559218	0.254484	-0.341667	1.052252	0.493034	0.747518	-0.605741	-0.027983	-0.273130	0.489773	0.468252	0.480619	0.446511	0.465051	0.474388	-0.021521	0.012367	-0.074769	0.018540	0.009337	-0.068537	-0.007910	0.004550	0.001305	-0.015941	-0.000572	0.001729
2024-08-20 21:07:05.381000	0.405254	-0.569054	0.244852	-0.331882	1.061338	0.492284	0.737136	-0.605741	-0.028044	-0.273236	0.498860	0.467502	0.470237	0.455597	0.464240	0.463900	-0.031358	0.002735	-0.064984	0.008643	-0.000340	-0.058647	-0.009707	0.003033	-0.000047	-0.017739	-0.002077	0.000382
2024-08-20 21:07:05.643000	0.405453	-0.561355	0.249951	-0.340598	1.057454	0.496099	0.746050	-0.605741	-0.028105	-0.273341	0.494976	0.471317	0.479152	0.451713	0.467994	0.472709	-0.023658	0.007834	-0.073699	0.016281	0.004715	-0.067256	-0.008971	0.004262	0.000659	-0.017003	-0.000838	0.001095
2024-08-20 21:07:05.905000	0.392034	-0.576836	0.248714	-0.334585	1.054740	0.477904	0.726618	-0.605742	-0.028166	-0.273447	0.492262	0.453123	0.459720	0.448999	0.449738	0.453171	-0.039139	0.006597	-0.067686	0.000739	0.003433	-0.061137	-0.010923	0.002028	0.000480	-0.018955	-0.003061	0.000922
2024-08-20 21:07:06.168000	0.407242	-0.560104	0.256368	-0.346798	1.057776	0.497672	0.754040	-0.605742	-0.028227	-0.273553	0.495298	0.472891	0.487141	0.452035	0.469445	0.480487	-0.022407	0.014251	-0.079900	0.017411	0.011041	-0.073245	-0.008693	0.004533	0.001544	-0.016726	-0.000545	0.001992
2024-08-20 21:07:06.430000	0.403067	-0.562921	0.244623	-0.329971	1.051335	0.488414	0.733038	-0.605741	-0.028288	-0.273659	0.488857	0.463633	0.466139	0.445594	0.460126	0.459379	-0.025224	0.002506	-0.063072	0.014533	-0.000747	-0.056312	-0.008247	0.003740	-0.000104	-0.016280	-0.001327	0.000350
2024-08-20 21:07:06.692000	0.391139	-0.578433	0.257555	-0.342747	1.054763	0.476331	0.733886	-0.605741	-0.028349	-0.273765	0.492285	0.451549	0.466988	0.449022	0.447982	0.460122	-0.040736	0.015438	-0.075849	-0.001040	0.012140	-0.068983	-0.011082	0.001948	0.001697	-0.019116	-0.003108	0.002158
2024-08-20 21:07:06.954000	0.410025	-0.558069	0.245826	-0.332044	1.054313	0.496243	0.742069	-0.605741	-0.028410	-0.273870	0.491834	0.471462	0.475171	0.448572	0.467833	0.468199	-0.020373	0.003709	-0.065146	0.019262	0.000366	-0.058174	-0.007514	0.004412	0.000051	-0.015548	-0.000633	0.000519
2024-08-20 21:07:07.216000	0.399290	-0.571114	0.248430	-0.334189	1.056163	0.485048	0.733479	-0.605741	-0.028471	-0.273976	0.493684	0.460267	0.466580	0.450422	0.456577	0.459503	-0.033418	0.006313	-0.067290	0.006155	0.002926	-0.060213	-0.009840	0.002719	0.000409	-0.017874	-0.002315	0.000883
2024-08-20 21:07:07.478000	0.396208	-0.574416	0.242660	-0.325058	1.053022	0.478606	0.721266	-0.605740	-0.028532	-0.274081	0.490543	0.453825	0.454368	0.447281	0.450074	0.447185	-0.036719	0.000543	-0.058159	0.002793	-0.002889	-0.050977	-0.009811	0.002042	-0.000404	-0.017845	-0.002980	0.000076
2024-08-20 21:07:07.740000	0.401974	-0.572974	0.238679	-0.319506	1.055774	0.482801	0.721480	-0.605740	-0.028593	-0.274187	0.493296	0.458019	0.454581	0.450034	0.454208	0.447293	-0.035277	-0.003438	-0.052608	0.004173	-0.006915	-0.045319	-0.009245	0.002088	-0.000967	-0.017279	-0.002924	-0.000481
2024-08-20 21:07:08.003000	0.393425	-0.587064	0.246398	-0.326599	1.060691	0.473627	0.720024	-0.605739	-0.028654	-0.274293	0.498212	0.448845	0.453126	0.454952	0.444973	0.445731	-0.049367	0.004281	-0.059701	-0.009979	0.000759	-0.052306	-0.011729	0.000359	0.000106	-0.019764	-0.004642	0.000598
2024-08-20 21:07:15.683000	0.419667	-0.539880	0.269140	-0.354464	1.044870	0.504990	0.774131	-0.605679	-0.030432	-0.277376	0.482392	0.480209	0.507232	0.439191	0.474558	0.496755	-0.002183	0.027023	-0.087565	0.035368	0.022196	-0.077088	-0.003959	0.006902	0.003103	-0.011994	0.002229	0.003778
2024-08-20 21:07:15.945000	0.425830	-0.550319	0.257123	-0.337221	1.056246	0.505928	0.763051	-0.605676	-0.030492	-0.277481	0.493768	0.481146	0.496152	0.450570	0.475435	0.485570	-0.012622	0.015006	-0.070322	0.024865	0.010134	-0.059740	-0.004898	0.005092	0.001417	-0.012933	0.000430	0.002098
2024-08-20 21:07:16.207000	0.418872	-0.541744	0.268504	-0.354930	1.047042	0.505298	0.773802	-0.605672	-0.030553	-0.277586	0.484563	0.480516	0.506903	0.441369	0.474745	0.496216	-0.004047	0.026387	-0.088032	0.033376	0.021471	-0.077345	-0.004517	0.006656	0.003002	-0.012551	0.002005	0.003689
2024-08-20 21:07:16.469000	0.428812	-0.541759	0.266218	-0.348699	1.053052	0.511293	0.777511	-0.605669	-0.030613	-0.277690	0.490574	0.486511	0.510612	0.447384	0.480680	0.499821	-0.004063	0.024101	-0.081801	0.033296	0.019141	-0.071009	-0.003765	0.006467	0.002676	-0.011799	0.001828	0.003369
2024-08-20 21:07:16.732000	0.427420	-0.543150	0.258346	-0.341794	1.054018	0.510868	0.769214	-0.605665	-0.030674	-0.277796	0.491540	0.486087	0.502315	0.448354	0.480195	0.491419	-0.005453	0.016229	-0.074895	0.031841	0.011224	-0.063999	-0.004213	0.006138	0.001569	-0.012247	0.001510	0.002269
2024-08-20 21:07:16.994000	0.414399	-0.558595	0.251010	-0.334154	1.056137	0.497542	0.748552	-0.605661	-0.030734	-0.277900	0.493659	0.472761	0.481654	0.450476	0.466808	0.470652	-0.020898	0.008893	-0.067255	0.016332	0.003844	-0.056253	-0.007020	0.003924	0.000537	-0.015053	-0.000693	0.001243
2024-08-20 21:07:17.256000	0.424339	-0.534415	0.262028	-0.350910	1.047636	0.513220	0.775249	-0.605657	-0.030794	-0.278005	0.485157	0.488439	0.508350	0.441979	0.482426	0.497244	0.003281	0.019911	-0.084011	0.040447	0.014818	-0.072905	-0.003636	0.007521	0.002072	-0.011668	0.002915	0.002784
2024-08-20 21:07:17.518000	0.428414	-0.542717	0.256705	-0.344643	1.059069	0.516352	0.773057	-0.605653	-0.030855	-0.278109	0.496591	0.491570	0.506159	0.453416	0.485497	0.494948	-0.005021	0.014589	-0.077745	0.032081	0.009451	-0.066534	-0.004996	0.006271	0.001321	-0.013028	0.001677	0.002039
2024-08-20 21:07:17.780000	0.422748	-0.543938	0.260517	-0.348132	1.054300	0.510362	0.770880	-0.605649	-0.030915	-0.278214	0.491822	0.485581	0.503981	0.448651	0.479447	0.492666	-0.006241	0.018401	-0.081233	0.030796	0.013218	-0.069917	-0.005158	0.006168	0.001848	-0.013190	0.001586	0.002572
2024-08-20 21:07:18.042000	0.423146	-0.546683	0.259588	-0.350220	1.060461	0.513778	0.773366	-0.605645	-0.030975	-0.278319	0.497983	0.488996	0.506468	0.454816	0.482803	0.495048	-0.008986	0.017471	-0.083322	0.027987	0.012245	-0.071902	-0.006246	0.005872	0.001712	-0.014277	0.001301	0.002442
2024-08-20 21:07:18.304000	0.425631	-0.530836	0.266039	-0.358809	1.049237	0.518401	0.784440	-0.605640	-0.031035	-0.278423	0.486759	0.493619	0.517541	0.443596	0.487365	0.506017	0.006860	0.023922	-0.091910	0.043769	0.018651	-0.080386	-0.003717	0.008157	0.002607	-0.011748	0.003597	0.003344
2024-08-20 21:07:18.567000	0.427122	-0.533046	0.264031	-0.353394	1.049530	0.516485	0.780516	-0.605636	-0.031096	-0.278528	0.487052	0.491703	0.513617	0.443894	0.485389	0.501988	0.004651	0.021914	-0.086496	0.041494	0.016599	-0.074866	-0.003475	0.007702	0.002321	-0.011506	0.003154	0.003064
2024-08-20 21:07:18.829000	0.427321	-0.537320	0.260587	-0.351143	1.055197	0.517877	0.778464	-0.605632	-0.031156	-0.278633	0.492718	0.493095	0.511565	0.449565	0.486721	0.499831	0.000377	0.018470	-0.084245	0.037155	0.013111	-0.072511	-0.004498	0.007092	0.001833	-0.012528	0.002556	0.002582
2024-08-20 21:07:19.091000	0.429209	-0.535039	0.262267	-0.352887	1.054868	0.519830	0.782096	-0.605627	-0.031216	-0.278737	0.492390	0.495048	0.515198	0.449241	0.488613	0.503359	0.002658	0.020150	-0.085989	0.039372	0.014746	-0.074150	-0.004087	0.007420	0.002062	-0.012117	0.002894	0.002817
2024-08-20 21:07:19.353000	0.424438	-0.537320	0.261367	-0.353541	1.053932	0.516612	0.777979	-0.605622	-0.031277	-0.278841	0.491454	0.491830	0.511081	0.448310	0.485335	0.499138	0.000377	0.019250	-0.086643	0.037026	0.013803	-0.074700	-0.004809	0.007138	0.001930	-0.012838	0.002624	0.002691
2024-08-20 21:07:19.615000	0.431495	-0.533071	0.259121	-0.348005	1.053451	0.520379	0.779500	-0.605617	-0.031337	-0.278946	0.490972	0.495598	0.512602	0.447833	0.489043	0.500554	0.004625	0.017004	-0.081106	0.041209	0.011512	-0.069059	-0.003393	0.007534	0.001609	-0.011422	0.003032	0.002377
2024-08-20 21:07:19.877000	0.432788	-0.532371	0.265497	-0.356877	1.056538	0.524168	0.789665	-0.605613	-0.031397	-0.279050	0.494060	0.499386	0.522766	0.450926	0.492771	0.510615	0.005326	0.023380	-0.089979	0.041845	0.017844	-0.077827	-0.003738	0.007830	0.002495	-0.011767	0.003338	0.003269
2024-08-20 21:07:20.139000	0.430004	-0.532289	0.261745	-0.352375	1.052923	0.520634	0.782380	-0.605608	-0.031457	-0.279154	0.490445	0.495853	0.515481	0.447315	0.489177	0.503225	0.005408	0.019628	-0.085477	0.041862	0.014048	-0.073221	-0.003582	0.007726	0.001964	-0.011610	0.003246	0.002744
2024-08-20 21:07:20.402000	0.430998	-0.530888	0.261934	-0.353962	1.053914	0.523027	0.784960	-0.605603	-0.031517	-0.279259	0.491436	0.498245	0.518062	0.448312	0.491509	0.505701	0.006809	0.019817	-0.087063	0.043197	0.014192	-0.074703	-0.003591	0.007949	0.001984	-0.011618	0.003480	0.002770
2024-08-20 21:07:20.664000	0.427718	-0.527545	0.264697	-0.356735	1.047302	0.519756	0.784454	-0.605597	-0.031577	-0.279363	0.484823	0.494975	0.517555	0.441704	0.488179	0.505090	0.010151	0.022580	-0.089837	0.046475	0.016911	-0.077372	-0.002973	0.008437	0.002364	-0.010999	0.003980	0.003157
2024-08-20 21:07:20.926000	0.428911	-0.537902	0.260175	-0.352527	1.059166	0.521264	0.781438	-0.605592	-0.031638	-0.279468	0.496687	0.496482	0.514540	0.453574	0.489626	0.501971	-0.000205	0.018058	-0.085629	0.036053	0.012344	-0.073060	-0.004955	0.006973	0.001726	-0.012981	0.002528	0.002524
2024-08-20 21:07:21.188000	0.423245	-0.544726	0.256089	-0.348137	1.060018	0.515293	0.771382	-0.605587	-0.031698	-0.279572	0.497540	0.490511	0.504483	0.454432	0.483595	0.491810	-0.007029	0.013972	-0.081238	0.029163	0.008215	-0.068565	-0.006163	0.005965	0.001148	-0.014188	0.001532	0.001953
2024-08-20 21:07:21.450000	0.426724	-0.539416	0.261894	-0.355037	1.059283	0.519867	0.781761	-0.605581	-0.031758	-0.279676	0.496805	0.495085	0.514863	0.453702	0.488109	0.502085	-0.001719	0.019777	-0.088138	0.034408	0.013976	-0.075361	-0.005387	0.006812	0.001954	-0.013411	0.002390	0.002765
2024-08-20 21:07:21.712000	0.419468	-0.541579	0.262282	-0.355792	1.054558	0.512979	0.775260	-0.605576	-0.031818	-0.279780	0.492079	0.488197	0.508362	0.448982	0.481161	0.495480	-0.003882	0.020165	-0.088894	0.032179	0.014319	-0.076012	-0.005858	0.006535	0.002002	-0.013882	0.002124	0.002819
2024-08-20 21:07:21.974000	0.417381	-0.536862	0.262148	-0.354925	1.047020	0.510158	0.772306	-0.605570	-0.031878	-0.279884	0.484542	0.485377	0.505407	0.441450	0.478281	0.492422	0.000835	0.020031	-0.088027	0.036831	0.014141	-0.075041	-0.004845	0.007120	0.001977	-0.012868	0.002720	0.002800
2024-08-20 21:07:22.237000	0.418474	-0.548104	0.260617	-0.353430	1.059391	0.511287	0.771904	-0.605564	-0.031938	-0.279989	0.496913	0.486505	0.505005	0.453827	0.479349	0.491915	-0.010407	0.018500	-0.086531	0.025522	0.012566	-0.073441	-0.006935	0.005593	0.001757	-0.014958	0.001205	0.002586
2024-08-20 21:07:22.499000	0.421953	-0.543037	0.256462	-0.350616	1.059144	0.516107	0.772569	-0.605559	-0.031998	-0.280093	0.496665	0.491325	0.505670	0.453585	0.484109	0.492476	-0.005340	0.014345	-0.083717	0.030524	0.008367	-0.070523	-0.006257	0.006206	0.001170	-0.014279	0.001830	0.002005
2024-08-20 21:07:22.761000	0.420959	-0.538474	0.260960	-0.356208	1.054681	0.516207	0.777167	-0.605553	-0.032058	-0.280197	0.492203	0.491426	0.510268	0.449128	0.484150	0.496970	-0.000777	0.018843	-0.089309	0.035021	0.012821	-0.076011	-0.005620	0.006927	0.001792	-0.013641	0.002562	0.002634
2024-08-20 21:07:23.023000	0.425333	-0.533015	0.256969	-0.350398	1.051776	0.518762	0.775730	-0.605547	-0.032118	-0.280301	0.489298	0.493980	0.508832	0.446230	0.486644	0.495430	0.004682	0.014852	-0.083499	0.040414	0.008786	-0.070097	-0.004263	0.007493	0.001228	-0.012284	0.003140	0.002076
2024-08-20 21:07:23.285000	0.425034	-0.534894	0.262093	-0.354646	1.052482	0.517588	0.779681	-0.605541	-0.032178	-0.280405	0.490004	0.492806	0.512782	0.446942	0.485410	0.499276	0.002802	0.019976	-0.087748	0.038469	0.013866	-0.074242	-0.004441	0.007313	0.001938	-0.012461	0.002972	0.002793
2024-08-20 21:07:23.547000	0.419667	-0.537691	0.258932	-0.354865	1.053290	0.515599	0.774531	-0.605534	-0.032237	-0.280509	0.490812	0.490818	0.507633	0.447756	0.483362	0.494023	0.000006	0.016815	-0.087966	0.035606	0.010661	-0.074356	-0.005610	0.006975	0.001490	-0.013628	0.002645	0.002351
2024-08-20 21:07:23.809000	0.423543	-0.532036	0.258659	-0.353181	1.050102	0.518066	0.776725	-0.605528	-0.032297	-0.280613	0.487624	0.493284	0.509826	0.444574	0.485769	0.496112	0.005661	0.016542	-0.086283	0.041195	0.010343	-0.072569	-0.004293	0.007659	0.001446	-0.012311	0.003340	0.002313
2024-08-20 21:07:24.072000	0.422152	-0.534477	0.267197	-0.361613	1.051045	0.516567	0.783764	-0.605522	-0.032357	-0.280717	0.488566	0.491786	0.516866	0.445523	0.484210	0.503048	0.003219	0.025080	-0.094714	0.038687	0.018838	-0.080896	-0.004720	0.007501	0.002634	-0.012738	0.003194	0.003506
2024-08-20 21:07:24.334000	0.420164	-0.539864	0.263032	-0.358718	1.055713	0.515849	0.778882	-0.605515	-0.032417	-0.280821	0.493235	0.491068	0.511983	0.450198	0.483432	0.498061	-0.002167	0.020915	-0.091819	0.033234	0.014629	-0.077897	-0.005965	0.006731	0.002045	-0.013981	0.002436	0.002924
2024-08-20 21:07:24.596000	0.423543	-0.535590	0.263673	-0.359640	1.055100	0.519510	0.783184	-0.605509	-0.032477	-0.280925	0.492622	0.494729	0.516285	0.449592	0.487033	0.502259	0.002107	0.021556	-0.092742	0.037442	0.015226	-0.078716	-0.005228	0.007306	0.002129	-0.013243	0.003023	0.003014
2024-08-20 21:07:24.858000	0.424239	-0.529786	0.267605	-0.363230	1.049650	0.519865	0.787469	-0.605502	-0.032537	-0.281028	0.487172	0.495083	0.520571	0.444148	0.487328	0.506441	0.007911	0.025488	-0.096331	0.043179	0.019113	-0.082202	-0.004086	0.008133	0.002672	-0.012100	0.003861	0.003563
2024-08-20 21:07:25.120000	0.422351	-0.537181	0.259732	-0.355939	1.055739	0.518558	0.778290	-0.605495	-0.032597	-0.281132	0.493260	0.493776	0.511391	0.450244	0.485961	0.497158	0.000516	0.017615	-0.089041	0.035717	0.011197	-0.074807	-0.005573	0.006998	0.001565	-0.013586	0.002738	0.002463
2024-08-20 21:07:25.382000	0.417281	-0.530023	0.265025	-0.361947	1.044226	0.514203	0.779228	-0.605488	-0.032656	-0.281236	0.481747	0.489422	0.512330	0.438738	0.481547	0.497993	0.007674	0.022908	-0.095049	0.042809	0.016446	-0.080711	-0.004382	0.008066	0.002299	-0.012394	0.003817	0.003203
2024-08-20 21:07:25.644000	0.422947	-0.534055	0.266591	-0.362622	1.053033	0.518978	0.785569	-0.605481	-0.032716	-0.281339	0.490554	0.494196	0.518670	0.447552	0.486262	0.504229	0.003642	0.024474	-0.095723	0.038710	0.017967	-0.081282	-0.004958	0.007526	0.002512	-0.012969	0.003289	0.003421
2024-08-20 21:07:25.907000	0.413405	-0.548599	0.257197	-0.353323	1.058129	0.509530	0.766728	-0.605474	-0.032776	-0.281444	0.495651	0.484749	0.499829	0.452655	0.476754	0.485284	-0.010902	0.015081	-0.086425	0.024100	0.008530	-0.071880	-0.007676	0.005400	0.001193	-0.015687	0.001175	0.002108
2024-08-20 21:07:26.169000	0.427321	-0.534070	0.261338	-0.353293	1.053346	0.519276	0.780613	-0.605467	-0.032836	-0.281547	0.490868	0.494494	0.513715	0.447879	0.486440	0.499066	0.003626	0.019221	-0.086394	0.038561	0.012626	-0.071746	-0.004184	0.007259	0.001765	-0.012194	0.003045	0.002687
2024-08-20 21:07:26.431000	0.421058	-0.539962	0.261492	-0.355838	1.055367	0.515405	0.776896	-0.605460	-0.032895	-0.281651	0.492888	0.490623	0.509998	0.449907	0.482509	0.495246	-0.002265	0.019375	-0.088939	0.032602	0.012736	-0.074187	-0.005735	0.006550	0.001781	-0.013743	0.002348	0.002709
2024-08-20 21:07:26.693000	0.415393	-0.538288	0.270254	-0.367124	1.050551	0.512263	0.782516	-0.605452	-0.032955	-0.281754	0.488073	0.487481	0.515618	0.445099	0.479308	0.500762	-0.000592	0.028137	-0.100225	0.034209	0.021455	-0.085370	-0.005904	0.007024	0.002999	-0.013912	0.002834	0.003934
2024-08-20 21:07:26.955000	0.419468	-0.538649	0.263728	-0.360568	1.054957	0.516308	0.780036	-0.605445	-0.033015	-0.281858	0.492479	0.491527	0.513138	0.449512	0.483293	0.498178	-0.000952	0.021611	-0.093670	0.033781	0.014885	-0.078710	-0.005970	0.006827	0.002081	-0.013977	0.002648	0.003021
2024-08-20 21:07:27.217000	0.416884	-0.543732	0.261760	-0.355924	1.054780	0.511048	0.772808	-0.605437	-0.033074	-0.281961	0.492301	0.486266	0.505909	0.449342	0.477973	0.490846	-0.006035	0.019643	-0.089026	0.028631	0.012873	-0.073963	-0.006401	0.006017	0.001800	-0.014407	0.001850	0.002746
2024-08-20 21:07:27.479000	0.410025	-0.546667	0.262242	-0.359610	1.054060	0.507393	0.769635	-0.605430	-0.033134	-0.282065	0.491582	0.482611	0.502736	0.448630	0.474259	0.487570	-0.008971	0.020125	-0.092711	0.025629	0.013311	-0.077545	-0.007559	0.005731	0.001861	-0.015564	0.001576	0.002813
2024-08-20 21:07:27.742000	0.410920	-0.548460	0.263813	-0.358981	1.054548	0.506088	0.769901	-0.605422	-0.033194	-0.282169	0.492070	0.481307	0.503002	0.449126	0.472895	0.487732	-0.010763	0.021696	-0.092083	0.023769	0.014838	-0.076813	-0.007470	0.005445	0.002074	-0.015473	0.001301	0.003033
2024-08-20 21:07:28.004000	0.413504	-0.546116	0.267555	-0.361537	1.053602	0.507486	0.775041	-0.605414	-0.033253	-0.282272	0.491124	0.482704	0.508142	0.448188	0.474232	0.492769	-0.008420	0.025438	-0.094638	0.026045	0.018536	-0.079265	-0.006807	0.005783	0.002591	-0.014810	0.001651	0.003556
2024-08-20 21:07:28.266000	0.416287	-0.545431	0.266805	-0.360822	1.055736	0.510304	0.777109	-0.605406	-0.033313	-0.282375	0.493257	0.485523	0.510210	0.450329	0.476992	0.494734	-0.007735	0.024688	-0.093923	0.026662	0.017742	-0.078447	-0.006689	0.005847	0.002480	-0.014690	0.001727	0.003451
2024-08-20 21:07:28.528000	0.412908	-0.551555	0.258510	-0.352897	1.058850	0.507295	0.765805	-0.605398	-0.033372	-0.282479	0.496372	0.482514	0.498906	0.453452	0.473923	0.483326	-0.013858	0.016393	-0.085999	0.020471	0.009403	-0.070419	-0.007900	0.004864	0.001315	-0.015900	0.000756	0.002292
2024-08-20 21:07:28.790000	0.410025	-0.548928	0.263867	-0.355934	1.051020	0.502092	0.765959	-0.605390	-0.033432	-0.282582	0.488542	0.477310	0.499061	0.445630	0.468660	0.483377	-0.011231	0.021750	-0.089036	0.023030	0.014717	-0.073352	-0.006966	0.005237	0.002057	-0.014966	0.001141	0.003041
2024-08-20 21:07:29.052000	0.403067	-0.562122	0.259896	-0.353399	1.058693	0.496570	0.756466	-0.605382	-0.033491	-0.282685	0.496214	0.471788	0.489568	0.453311	0.463079	0.473781	-0.024426	0.017779	-0.086501	0.009768	0.010703	-0.070714	-0.009689	0.003447	0.001496	-0.017687	-0.000638	0.002486
2024-08-20 21:07:29.314000	0.411914	-0.543001	0.267386	-0.362682	1.050211	0.507210	0.774596	-0.605374	-0.033551	-0.282788	0.487732	0.482428	0.507697	0.444837	0.473659	0.491808	-0.005304	0.025269	-0.095784	0.028822	0.018149	-0.079894	-0.006488	0.006174	0.002537	-0.014485	0.002101	0.003533
2024-08-20 21:07:29.577000	0.407540	-0.555278	0.265140	-0.360507	1.058186	0.502908	0.768047	-0.605365	-0.033610	-0.282892	0.495708	0.478126	0.501149	0.452821	0.469297	0.485156	-0.017581	0.023023	-0.093609	0.016477	0.015858	-0.077616	-0.008778	0.004497	0.002217	-0.016774	0.000436	0.003219
2024-08-20 21:07:29.839000	0.411615	-0.550968	0.257744	-0.352801	1.057640	0.506672	0.764416	-0.605357	-0.033670	-0.282995	0.495161	0.481891	0.497518	0.452283	0.473002	0.481421	-0.013271	0.015627	-0.085902	0.020719	0.008419	-0.069806	-0.007926	0.004888	0.001177	-0.015920	0.000839	0.002185
2024-08-20 21:07:30.101000	0.407540	-0.553831	0.260095	-0.355103	1.056379	0.502548	0.762643	-0.605348	-0.033729	-0.283098	0.493900	0.477766	0.495744	0.451031	0.468818	0.479545	-0.016134	0.017978	-0.088204	0.017788	0.010726	-0.072005	-0.008446	0.004546	0.001500	-0.016440	0.000509	0.002513
2024-08-20 21:07:30.363000	0.412212	-0.546039	0.264151	-0.359260	1.053361	0.507321	0.771472	-0.605340	-0.033789	-0.283201	0.490882	0.482540	0.504573	0.448021	0.473533	0.488271	-0.008342	0.022034	-0.092362	0.025512	0.014738	-0.076059	-0.007022	0.005652	0.002060	-0.015014	0.001626	0.003080
2024-08-20 21:07:30.625000	0.416585	-0.544453	0.261278	-0.358652	1.058412	0.513959	0.775237	-0.605331	-0.033848	-0.283304	0.495934	0.489178	0.508339	0.453081	0.480111	0.491933	-0.006756	0.019161	-0.091753	0.027030	0.011822	-0.075348	-0.007165	0.005862	0.001653	-0.015156	0.001848	0.002679
2024-08-20 21:07:30.887000	0.424040	-0.528282	0.265159	-0.362470	1.049632	0.521350	0.786510	-0.605322	-0.033907	-0.283407	0.487154	0.496569	0.519611	0.444310	0.487443	0.503103	0.009415	0.023043	-0.095571	0.043133	0.015660	-0.079062	-0.004157	0.008064	0.002189	-0.012146	0.004062	0.003221
2024-08-20 21:07:31.149000	0.419567	-0.538319	0.266243	-0.362987	1.054630	0.516311	0.782554	-0.605313	-0.033967	-0.283510	0.492152	0.491530	0.515655	0.449317	0.482344	0.499044	-0.000622	0.024126	-0.096088	0.033027	0.016699	-0.079476	-0.005908	0.006732	0.002335	-0.013896	0.002742	0.003373
2024-08-20 21:07:31.412000	0.423643	-0.528972	0.270279	-0.367849	1.050185	0.521213	0.791492	-0.605304	-0.034026	-0.283614	0.487707	0.496431	0.524593	0.444881	0.487187	0.507878	0.008725	0.028162	-0.100950	0.042306	0.020691	-0.084235	-0.004334	0.008065	0.002893	-0.012321	0.004087	0.003937
2024-08-20 21:07:31.674000	0.423543	-0.536723	0.257590	-0.355529	1.058205	0.521482	0.779072	-0.605295	-0.034085	-0.283716	0.495726	0.496700	0.512174	0.452910	0.487396	0.495356	0.000974	0.015473	-0.088630	0.034486	0.007959	-0.071812	-0.005849	0.006775	0.001113	-0.013835	0.002809	0.002163
2024-08-20 21:07:31.936000	0.412908	-0.552894	0.260279	-0.357836	1.063358	0.510464	0.770743	-0.605285	-0.034145	-0.283819	0.500880	0.485683	0.503845	0.458073	0.476320	0.486924	-0.015197	0.018162	-0.090937	0.018247	0.010604	-0.074016	-0.008770	0.004673	0.001482	-0.016755	0.000719	0.002539
2024-08-20 21:07:32.198000	0.413703	-0.550653	0.260030	-0.356309	1.060635	0.509982	0.770012	-0.605276	-0.034204	-0.283922	0.498157	0.485200	0.503114	0.455359	0.475778	0.486090	-0.012957	0.017913	-0.089411	0.020419	0.010312	-0.072387	-0.008112	0.004911	0.001442	-0.016095	0.000968	0.002504
2024-08-20 21:07:32.460000	0.417182	-0.543727	0.265532	-0.362627	1.058003	0.514276	0.779808	-0.605267	-0.034263	-0.284025	0.495525	0.489495	0.512910	0.452736	0.480013	0.495784	-0.006030	0.023415	-0.095728	0.027277	0.015770	-0.078602	-0.006984	0.005955	0.002205	-0.014965	0.002024	0.003273
2024-08-20 21:07:32.722000	0.419170	-0.540668	0.262784	-0.357937	1.054991	0.514323	0.777107	-0.605257	-0.034322	-0.284128	0.492512	0.489541	0.510208	0.449733	0.480001	0.492979	-0.002971	0.020667	-0.091038	0.030267	0.012978	-0.073809	-0.006048	0.006227	0.001814	-0.014028	0.002308	0.002889
2024-08-20 21:07:32.984000	0.416188	-0.543670	0.261069	-0.359377	1.058166	0.514495	0.775565	-0.605247	-0.034382	-0.284230	0.495687	0.489714	0.508666	0.452918	0.480114	0.491334	-0.005973	0.018952	-0.092478	0.027196	0.011220	-0.075146	-0.007211	0.005884	0.001569	-0.015190	0.001977	0.002650
2024-08-20 21:07:33.247000	0.420959	-0.532809	0.267774	-0.365339	1.051333	0.518524	0.786298	-0.605238	-0.034441	-0.284333	0.488855	0.493743	0.519400	0.446096	0.484084	0.501965	0.004888	0.025657	-0.098441	0.037988	0.017881	-0.081006	-0.005055	0.007423	0.002500	-0.013032	0.003528	0.003587
2024-08-20 21:07:33.509000	0.418275	-0.536501	0.261556	-0.361227	1.054448	0.517946	0.779503	-0.605228	-0.034500	-0.284436	0.491969	0.493165	0.512604	0.449220	0.483446	0.495066	0.001195	0.019439	-0.094329	0.034227	0.011620	-0.076791	-0.006148	0.006860	0.001624	-0.014123	0.002977	0.002718
2024-08-20 21:07:33.771000	0.417778	-0.541651	0.253733	-0.352558	1.058254	0.516602	0.770336	-0.605218	-0.034559	-0.284539	0.495775	0.491821	0.503437	0.453036	0.482043	0.485797	-0.003955	0.011616	-0.085659	0.029008	0.003754	-0.068019	-0.006945	0.005977	0.000525	-0.014919	0.002106	0.001624
2024-08-20 21:07:34.033000	0.411715	-0.543217	0.260199	-0.359701	1.054434	0.511217	0.771416	-0.605208	-0.034618	-0.284641	0.491955	0.486435	0.504518	0.449226	0.476599	0.486775	-0.005520	0.018082	-0.092803	0.027373	0.010176	-0.075060	-0.007363	0.005916	0.001423	-0.015335	0.002057	0.002528
2024-08-20 21:07:34.295000	0.414896	-0.536141	0.266422	-0.364548	1.049163	0.513022	0.779444	-0.605198	-0.034677	-0.284744	0.486684	0.488240	0.512545	0.443965	0.478345	0.494700	0.001556	0.024305	-0.097650	0.034380	0.016355	-0.079804	-0.005786	0.006925	0.002286	-0.013757	0.003077	0.003398
2024-08-20 21:07:34.557000	0.422351	-0.532242	0.261785	-0.358449	1.051257	0.519015	0.780800	-0.605188	-0.034736	-0.284846	0.488779	0.494233	0.513901	0.446069	0.484279	0.495953	0.005455	0.019668	-0.091550	0.038209	0.011675	-0.073603	-0.004788	0.007283	0.001632	-0.012758	0.003448	0.002750
2024-08-20 21:07:34.819000	0.414399	-0.529569	0.266665	-0.366282	1.043585	0.514015	0.780681	-0.605177	-0.034795	-0.284949	0.481106	0.489234	0.513782	0.438408	0.479220	0.495732	0.008127	0.024548	-0.099384	0.040813	0.016512	-0.081333	-0.004858	0.007821	0.002308	-0.012826	0.003998	0.003432
2024-08-20 21:07:35.082000	0.421754	-0.528297	0.258082	-0.354870	1.046839	0.518542	0.776624	-0.605167	-0.034854	-0.285052	0.484361	0.493760	0.509725	0.441672	0.483687	0.491572	0.009399	0.015965	-0.087971	0.042015	0.007885	-0.069818	-0.004087	0.007706	0.001102	-0.012053	0.003895	0.002232
2024-08-20 21:07:35.344000	0.420462	-0.534003	0.264021	-0.364198	1.054643	0.520639	0.784660	-0.605156	-0.034913	-0.285154	0.492164	0.495857	0.517762	0.449486	0.485726	0.499506	0.003693	0.021904	-0.097300	0.036239	0.013781	-0.079044	-0.005791	0.007174	0.001927	-0.013756	0.003375	0.003062
2024-08-20 21:07:35.606000	0.416486	-0.531552	0.268822	-0.371666	1.050882	0.519330	0.788152	-0.605146	-0.034972	-0.285256	0.488404	0.494549	0.521254	0.445737	0.484358	0.502896	0.006145	0.026705	-0.104768	0.038621	0.018538	-0.086410	-0.005847	0.007673	0.002592	-0.013811	0.003886	0.003733
2024-08-20 21:07:35.868000	0.417381	-0.536805	0.258370	-0.358555	1.054371	0.517566	0.775936	-0.605135	-0.035031	-0.285359	0.491892	0.492784	0.509038	0.449236	0.482534	0.490577	0.000892	0.016253	-0.091657	0.033299	0.008043	-0.073197	-0.006318	0.006662	0.001124	-0.014280	0.002887	0.002272
2024-08-20 21:07:36.130000	0.415094	-0.541584	0.263907	-0.363514	1.056286	0.514701	0.778608	-0.605124	-0.035090	-0.285461	0.493807	0.489920	0.511710	0.451161	0.479611	0.493147	-0.003888	0.021790	-0.096615	0.028450	0.013536	-0.078053	-0.007091	0.006117	0.001892	-0.015051	0.002354	0.003046
2024-08-20 21:07:36.392000	0.417579	-0.534040	0.264956	-0.367342	1.054005	0.519966	0.784921	-0.605113	-0.035149	-0.285563	0.491527	0.495184	0.518023	0.448892	0.484816	0.499358	0.003657	0.022839	-0.100443	0.035925	0.014542	-0.081779	-0.006227	0.007212	0.002033	-0.014186	0.003461	0.003193
2024-08-20 21:07:36.654000	0.415790	-0.534848	0.267813	-0.369953	1.052778	0.517930	0.785743	-0.605102	-0.035208	-0.285665	0.490299	0.493148	0.518844	0.447675	0.482722	0.500078	0.002849	0.025696	-0.103054	0.035046	0.017356	-0.084287	-0.006330	0.007146	0.002426	-0.014287	0.003407	0.003592
2024-08-20 21:07:36.917000	0.420661	-0.535100	0.262655	-0.361136	1.054243	0.519142	0.781797	-0.605091	-0.035267	-0.285768	0.491764	0.494361	0.514898	0.449152	0.483875	0.496029	0.002596	0.020538	-0.094238	0.034724	0.012154	-0.075368	-0.005680	0.006874	0.001699	-0.013635	0.003147	0.002871
2024-08-20 21:07:37.179000	0.416486	-0.534869	0.258977	-0.359215	1.051593	0.516724	0.775701	-0.605080	-0.035326	-0.285870	0.489114	0.491942	0.508802	0.446513	0.481398	0.489831	0.002828	0.016860	-0.092316	0.034885	0.008433	-0.073345	-0.005978	0.006872	0.001179	-0.013931	0.003157	0.002357
2024-08-20 21:07:37.441000	0.417977	-0.529945	0.266019	-0.365638	1.047541	0.517596	0.783615	-0.605069	-0.035385	-0.285972	0.485063	0.492814	0.516717	0.442473	0.482211	0.497643	0.007751	0.023902	-0.098740	0.039739	0.015432	-0.079666	-0.004945	0.007638	0.002157	-0.012896	0.003935	0.003342
2024-08-20 21:07:37.703000	0.418375	-0.538942	0.260562	-0.360675	1.057429	0.518487	0.779049	-0.605057	-0.035443	-0.286074	0.494951	0.493706	0.512151	0.452372	0.483044	0.492975	-0.001246	0.018445	-0.093776	0.030672	0.009931	-0.074601	-0.006711	0.006340	0.001388	-0.014661	0.002649	0.002579
2024-08-20 21:07:37.965000	0.410522	-0.538046	0.263773	-0.366120	1.050915	0.512869	0.776642	-0.605046	-0.035502	-0.286176	0.488437	0.488087	0.509743	0.445870	0.477367	0.490466	-0.000350	0.021656	-0.099221	0.031497	0.013099	-0.079944	-0.006973	0.006585	0.001831	-0.014921	0.002906	0.003027
2024-08-20 21:07:38.227000	0.414597	-0.538953	0.259504	-0.360264	1.054311	0.515358	0.774861	-0.605034	-0.035561	-0.286278	0.491832	0.490576	0.507963	0.449276	0.479797	0.488583	-0.001256	0.017387	-0.093365	0.030521	0.008786	-0.073986	-0.006841	0.006313	0.001228	-0.014787	0.002646	0.002431
2024-08-20 21:07:38.489000	0.416188	-0.528895	0.263161	-0.363681	1.045602	0.516708	0.779869	-0.605023	-0.035620	-0.286380	0.483124	0.491926	0.512970	0.440580	0.481088	0.493489	0.008802	0.021045	-0.096783	0.040508	0.012401	-0.077301	-0.004932	0.007697	0.001734	-0.012876	0.004043	0.002942
2024-08-20 21:07:38.752000	0.420561	-0.530357	0.266183	-0.367230	1.051966	0.521608	0.787792	-0.605011	-0.035678	-0.286482	0.489487	0.496827	0.520893	0.446955	0.485930	0.501309	0.007339	0.024066	-0.100332	0.038975	0.015379	-0.080748	-0.005304	0.007573	0.002150	-0.013246	0.003930	0.003364
2024-08-20 21:07:39.014000	0.409727	-0.541574	0.263609	-0.365765	1.053457	0.511883	0.775492	-0.604999	-0.035737	-0.286584	0.490979	0.487101	0.508593	0.448458	0.476146	0.488908	-0.003877	0.021492	-0.098866	0.027688	0.012762	-0.079181	-0.007597	0.006061	0.001784	-0.015538	0.002431	0.003005
2024-08-20 21:07:39.276000	0.420363	-0.527226	0.262108	-0.361871	1.047352	0.520126	0.782234	-0.604987	-0.035796	-0.286686	0.484874	0.495344	0.515335	0.442365	0.484330	0.495548	0.010471	0.019991	-0.094973	0.041965	0.011218	-0.075185	-0.004484	0.007835	0.001568	-0.012423	0.004216	0.002795
2024-08-20 21:07:39.538000	0.413703	-0.538546	0.263395	-0.365233	1.054086	0.515540	0.778935	-0.604975	-0.035854	-0.286788	0.491608	0.490759	0.512037	0.449111	0.479686	0.492148	-0.000849	0.021278	-0.098334	0.030575	0.012462	-0.078445	-0.006979	0.006422	0.001742	-0.014916	0.002816	0.002975
2024-08-20 21:07:39.800000	0.414697	-0.529394	0.268226	-0.368690	1.044556	0.515161	0.783387	-0.604963	-0.035913	-0.286890	0.482077	0.490380	0.516489	0.439593	0.479248	0.496498	0.008302	0.026109	-0.101792	0.039656	0.017249	-0.081801	-0.005020	0.007675	0.002411	-0.012955	0.004081	0.003650
2024-08-20 21:07:40.062000	0.415989	-0.540688	0.256536	-0.355179	1.055320	0.514631	0.771168	-0.604951	-0.035972	-0.286991	0.492841	0.489850	0.504269	0.450369	0.478660	0.484177	-0.002991	0.014420	-0.088280	0.028291	0.005517	-0.068188	-0.006771	0.005868	0.000771	-0.014704	0.002286	0.002016
2024-08-20 21:07:40.324000	0.415890	-0.535013	0.264588	-0.366378	1.052693	0.517680	0.782268	-0.604938	-0.036030	-0.287093	0.490215	0.492899	0.515370	0.447755	0.481650	0.495175	0.002684	0.022471	-0.099480	0.033895	0.013525	-0.079286	-0.006321	0.006876	0.001891	-0.014252	0.003306	0.003141
2024-08-20 21:07:40.587000	0.417480	-0.542084	0.258321	-0.357694	1.058937	0.516853	0.775174	-0.604926	-0.036089	-0.287195	0.496458	0.492071	0.508275	0.454011	0.480764	0.487979	-0.004387	0.016204	-0.090795	0.026753	0.007215	-0.070499	-0.007173	0.005721	0.001009	-0.015102	0.002163	0.002265
2024-08-20 21:07:40.849000	0.415393	-0.545004	0.258594	-0.358692	1.060495	0.515491	0.774085	-0.604913	-0.036147	-0.287297	0.498016	0.490709	0.507186	0.455582	0.479344	0.486788	-0.007307	0.016477	-0.091794	0.023762	0.007445	-0.071396	-0.007854	0.005352	0.001041	-0.015782	0.001807	0.002304
2024-08-20 21:07:41.111000	0.411615	-0.530646	0.265781	-0.366095	1.042575	0.511929	0.777710	-0.604901	-0.036206	-0.287398	0.480097	0.487148	0.510811	0.437674	0.475724	0.490312	0.007051	0.023664	-0.099196	0.038049	0.014588	-0.078696	-0.005234	0.007393	0.002039	-0.013159	0.003860	0.003308
2024-08-20 21:07:41.373000	0.420462	-0.535399	0.260175	-0.358484	1.054171	0.518772	0.778946	-0.604888	-0.036264	-0.287500	0.491693	0.493990	0.512048	0.449283	0.482508	0.491447	0.002298	0.018058	-0.091586	0.033225	0.008939	-0.070985	-0.005736	0.006571	0.001250	-0.013659	0.003050	0.002524
2024-08-20 21:07:41.635000	0.407838	-0.542141	0.262600	-0.364822	1.052201	0.510060	0.772660	-0.604875	-0.036323	-0.287601	0.489722	0.485279	0.505762	0.447326	0.473738	0.485059	-0.004444	0.020483	-0.097923	0.026412	0.011321	-0.077221	-0.007735	0.005846	0.001583	-0.015656	0.002337	0.002864
2024-08-20 21:07:41.897000	0.412311	-0.539921	0.261909	-0.363093	1.053416	0.513495	0.775404	-0.604862	-0.036381	-0.287703	0.490938	0.488714	0.508506	0.448554	0.477114	0.487702	-0.002224	0.019792	-0.096195	0.028560	0.010588	-0.075391	-0.007127	0.006079	0.001480	-0.015046	0.002582	0.002767
2024-08-20 21:07:42.159000	0.417778	-0.537588	0.257103	-0.356162	1.054425	0.516838	0.773941	-0.604849	-0.036439	-0.287804	0.491947	0.492056	0.507042	0.449576	0.480398	0.486137	0.000109	0.014986	-0.089264	0.030822	0.005739	-0.068359	-0.006293	0.006205	0.000802	-0.014210	0.002721	0.002095
2024-08-20 21:07:42.422000	0.419766	-0.537176	0.254037	-0.351899	1.054804	0.517628	0.771665	-0.604836	-0.036498	-0.287906	0.492326	0.492847	0.504766	0.449968	0.481130	0.483759	0.000521	0.011920	-0.085000	0.031162	0.002629	-0.063993	-0.005991	0.006145	0.000368	-0.013906	0.002672	0.001666
2024-08-20 21:07:42.684000	0.415591	-0.542542	0.254071	-0.354038	1.058100	0.515558	0.769629	-0.604823	-0.036556	-0.288007	0.495622	0.490777	0.502731	0.453278	0.479002	0.481623	-0.004845	0.011954	-0.087140	0.025724	0.002621	-0.066031	-0.007390	0.005492	0.000366	-0.015303	0.002032	0.001671
2024-08-20 21:07:42.946000	0.419170	-0.531557	0.259389	-0.359291	1.050628	0.519071	0.778460	-0.604809	-0.036615	-0.288108	0.488150	0.494290	0.511562	0.445819	0.482457	0.490352	0.006139	0.017272	-0.092392	0.036638	0.007896	-0.071182	-0.005342	0.007040	0.001104	-0.013253	0.003592	0.002415
2024-08-20 21:07:43.208000	0.417480	-0.530857	0.261203	-0.360573	1.047707	0.516850	0.778053	-0.604796	-0.036673	-0.288209	0.485228	0.492068	0.511155	0.442911	0.480177	0.489844	0.006840	0.019086	-0.093675	0.037266	0.009667	-0.072364	-0.005112	0.007141	0.001351	-0.013020	0.003705	0.002668
2024-08-20 21:07:43.470000	0.411317	-0.543526	0.258932	-0.359514	1.055425	0.511899	0.770831	-0.604783	-0.036731	-0.288311	0.492946	0.487117	0.503932	0.450642	0.475168	0.482520	-0.005829	0.016815	-0.092615	0.024526	0.007353	-0.071203	-0.007694	0.005448	0.001028	-0.015600	0.002024	0.002351
2024-08-20 21:07:43.732000	0.416486	-0.536882	0.260622	-0.360269	1.053016	0.516133	0.776755	-0.604769	-0.036789	-0.288412	0.490537	0.491352	0.509857	0.448247	0.479344	0.488343	0.000814	0.018505	-0.093371	0.031097	0.008999	-0.071857	-0.006285	0.006318	0.001258	-0.014190	0.002907	0.002587
2024-08-20 21:07:43.994000	0.418375	-0.530435	0.264528	-0.365704	1.049985	0.519551	0.784079	-0.604755	-0.036848	-0.288513	0.487507	0.494769	0.517180	0.445230	0.482703	0.495566	0.007262	0.022411	-0.098806	0.037473	0.012863	-0.077191	-0.005384	0.007288	0.001798	-0.013286	0.003889	0.003133
2024-08-20 21:07:44.256000	0.408832	-0.539087	0.256919	-0.359007	1.050006	0.510920	0.767839	-0.604742	-0.036906	-0.288614	0.487528	0.486138	0.500940	0.445265	0.474014	0.479225	-0.001390	0.014802	-0.092108	0.028749	0.005211	-0.070393	-0.007168	0.006003	0.000729	-0.015068	0.002617	0.002069
2024-08-20 21:07:44.519000	0.417579	-0.538695	0.254668	-0.353242	1.054849	0.516154	0.770822	-0.604728	-0.036964	-0.288715	0.492371	0.491372	0.503923	0.450121	0.479190	0.482106	-0.000998	0.012551	-0.086344	0.029068	0.002917	-0.064527	-0.006425	0.005882	0.000408	-0.014323	0.002508	0.001755
2024-08-20 21:07:44.781000	0.419766	-0.530857	0.262615	-0.362099	1.050108	0.519251	0.781866	-0.604714	-0.037022	-0.288816	0.487629	0.494469	0.514967	0.445394	0.482229	0.493049	0.006840	0.020498	-0.095201	0.036835	0.010821	-0.073283	-0.005146	0.007101	0.001513	-0.013042	0.003739	0.002866
2024-08-20 21:07:45.043000	0.416983	-0.538221	0.259901	-0.360857	1.056160	0.517939	0.777840	-0.604700	-0.037080	-0.288917	0.493682	0.493157	0.510942	0.451461	0.480859	0.488923	-0.000525	0.017784	-0.093959	0.029398	0.008064	-0.071940	-0.006796	0.006107	0.001127	-0.014689	0.002757	0.002486
2024-08-20 21:07:45.305000	0.409031	-0.541260	0.260880	-0.363336	1.052747	0.511487	0.772367	-0.604685	-0.037138	-0.289018	0.490269	0.486706	0.505469	0.448062	0.474349	0.483349	-0.003563	0.018763	-0.096438	0.026287	0.009001	-0.074318	-0.007648	0.005762	0.001258	-0.015539	0.002425	0.002623
2024-08-20 21:07:45.567000	0.418375	-0.528910	0.258037	-0.357983	1.047230	0.518320	0.776357	-0.604671	-0.037197	-0.289119	0.484752	0.493538	0.509459	0.442559	0.481123	0.487238	0.008787	0.015920	-0.091084	0.038564	0.006115	-0.068864	-0.004883	0.007239	0.000855	-0.012772	0.003914	0.002226
2024-08-20 21:07:45.829000	0.418573	-0.535286	0.258634	-0.357212	1.052437	0.517151	0.775785	-0.604657	-0.037255	-0.289220	0.489959	0.492370	0.508887	0.447781	0.479897	0.486566	0.002411	0.016517	-0.090313	0.032116	0.006669	-0.067992	-0.005804	0.006354	0.000932	-0.013690	0.003041	0.002309
2024-08-20 21:07:46.092000	0.412013	-0.536269	0.261407	-0.362013	1.048889	0.512619	0.774026	-0.604642	-0.037313	-0.289321	0.486410	0.487837	0.507128	0.444246	0.475306	0.484705	0.001427	0.019290	-0.095115	0.031060	0.009399	-0.072692	-0.006375	0.006335	0.001314	-0.014260	0.003035	0.002697
2024-08-20 21:07:46.354000	0.407838	-0.542836	0.255513	-0.357075	1.052236	0.509401	0.764913	-0.604628	-0.037371	-0.289422	0.489758	0.484619	0.498015	0.447609	0.472030	0.475492	-0.005139	0.013396	-0.090176	0.024421	0.003462	-0.067653	-0.007781	0.005363	0.000484	-0.015663	0.002075	0.001873
2024-08-20 21:07:46.616000	0.409230	-0.542877	0.256358	-0.357643	1.053392	0.510515	0.766873	-0.604613	-0.037429	-0.289522	0.490914	0.485733	0.499974	0.448779	0.473086	0.477350	-0.005180	0.014241	-0.090744	0.024307	0.004264	-0.068121	-0.007737	0.005354	0.000596	-0.015617	0.002079	0.001991
2024-08-20 21:07:46.878000	0.412112	-0.535342	0.260642	-0.362409	1.049222	0.513879	0.774521	-0.604598	-0.037487	-0.289623	0.486743	0.489098	0.507623	0.444624	0.476393	0.484898	0.002354	0.018525	-0.095510	0.031769	0.008505	-0.072786	-0.006434	0.006442	0.001189	-0.014311	0.003179	0.002590
2024-08-20 21:07:47.140000	0.411814	-0.535543	0.259767	-0.360589	1.048179	0.512636	0.772403	-0.604583	-0.037545	-0.289723	0.485701	0.487854	0.505504	0.443596	0.475091	0.482679	0.002153	0.017650	-0.093690	0.031496	0.007588	-0.070865	-0.006293	0.006354	0.001061	-0.014167	0.003103	0.002467
2024-08-20 21:07:47.402000	0.417579	-0.533190	0.257501	-0.356446	1.049715	0.516525	0.774026	-0.604569	-0.037602	-0.289824	0.487237	0.491743	0.507127	0.445146	0.478923	0.484202	0.004507	0.015384	-0.089548	0.033776	0.005279	-0.066622	-0.005501	0.006545	0.000738	-0.013373	0.003306	0.002151
2024-08-20 21:07:47.664000	0.413902	-0.535111	0.253619	-0.354570	1.049964	0.514853	0.768472	-0.604553	-0.037660	-0.289925	0.487485	0.490071	0.501573	0.445410	0.477193	0.478548	0.002586	0.011502	-0.087672	0.031782	0.001355	-0.064646	-0.006246	0.006262	0.000189	-0.014116	0.003036	0.001608
2024-08-20 21:07:47.926000	0.409727	-0.533901	0.266462	-0.367783	1.044949	0.511048	0.777510	-0.604538	-0.037718	-0.290025	0.482470	0.486266	0.510611	0.440410	0.473330	0.487485	0.003796	0.024345	-0.100884	0.032920	0.014155	-0.077758	-0.006088	0.006691	0.001979	-0.013955	0.003477	0.003403
2024-08-20 21:07:48.189000	0.417778	-0.542202	0.257849	-0.356568	1.058700	0.516498	0.774346	-0.604523	-0.037776	-0.290126	0.496222	0.491716	0.507448	0.454177	0.478721	0.484220	-0.004506	0.015732	-0.089669	0.024545	0.005499	-0.066442	-0.007134	0.005318	0.000769	-0.014999	0.002116	0.002199
2024-08-20 21:07:48.451000	0.408733	-0.541595	0.263480	-0.364553	1.051401	0.509807	0.773286	-0.604508	-0.037834	-0.290226	0.488923	0.485025	0.506388	0.446893	0.471973	0.483060	-0.003898	0.021363	-0.097655	0.025079	0.011087	-0.074327	-0.007472	0.005580	0.001550	-0.015334	0.002391	0.002986
2024-08-20 21:07:48.713000	0.417281	-0.532155	0.258818	-0.358368	1.048986	0.516831	0.775649	-0.604492	-0.037892	-0.290327	0.486508	0.492050	0.508751	0.444494	0.478940	0.485323	0.005542	0.016701	-0.091469	0.034446	0.006383	-0.068041	-0.005437	0.006666	0.000892	-0.013297	0.003490	0.002335
2024-08-20 21:07:48.975000	0.410323	-0.529451	0.261477	-0.361963	1.040260	0.510809	0.772286	-0.604477	-0.037949	-0.290427	0.477782	0.486027	0.505387	0.435783	0.472860	0.481859	0.008246	0.019360	-0.095064	0.037076	0.008999	-0.071536	-0.005116	0.007097	0.001258	-0.012974	0.003933	0.002706
2024-08-20 21:07:49.237000	0.408037	-0.539560	0.257625	-0.358652	1.048624	0.509064	0.766689	-0.604461	-0.038007	-0.290527	0.486146	0.484282	0.499790	0.444163	0.471057	0.476162	-0.001864	0.015508	-0.091753	0.026894	0.005105	-0.068125	-0.007097	0.005686	0.000714	-0.014952	0.002535	0.002168
2024-08-20 21:07:49.499000	0.414100	-0.539421	0.249449	-0.348045	1.052118	0.512696	0.762146	-0.604445	-0.038065	-0.290627	0.489639	0.487915	0.495247	0.447672	0.474632	0.471519	-0.001725	0.007332	-0.081147	0.026959	-0.003113	-0.057418	-0.006613	0.005442	-0.000435	-0.014465	0.002303	0.001025
2024-08-20 21:07:49.761000	0.414299	-0.533097	0.260453	-0.360736	1.047679	0.514582	0.775035	-0.604430	-0.038123	-0.290727	0.485201	0.489800	0.508136	0.443249	0.476459	0.484307	0.004600	0.018336	-0.093837	0.033210	0.007848	-0.070008	-0.005761	0.006550	0.001097	-0.013611	0.003423	0.002563
2024-08-20 21:07:50.024000	0.411417	-0.539921	0.260955	-0.363184	1.053567	0.513646	0.774601	-0.604414	-0.038180	-0.290828	0.491089	0.488865	0.507702	0.449153	0.475466	0.483773	-0.002224	0.018838	-0.096286	0.026312	0.008307	-0.072356	-0.007400	0.005710	0.001161	-0.015247	0.002596	0.002634
2024-08-20 21:07:50.286000	0.420263	-0.530229	0.254255	-0.354378	1.050614	0.520386	0.774641	-0.604398	-0.038238	-0.290928	0.488136	0.495604	0.507742	0.446217	0.482148	0.483713	0.007468	0.012138	-0.087479	0.035931	0.001565	-0.063450	-0.005208	0.006768	0.000219	-0.013052	0.003667	0.001697
2024-08-20 21:07:50.548000	0.413106	-0.537871	0.257188	-0.360087	1.053877	0.516005	0.773193	-0.604382	-0.038296	-0.291028	0.491398	0.491224	0.506294	0.449495	0.477710	0.482165	-0.000174	0.015071	-0.093188	0.028215	0.004455	-0.069059	-0.007156	0.005898	0.000623	-0.014998	0.002809	0.002107
2024-08-20 21:07:50.810000	0.410721	-0.536676	0.261989	-0.364285	1.049693	0.513017	0.775005	-0.604365	-0.038353	-0.291128	0.487215	0.488235	0.508107	0.445328	0.474664	0.483877	0.001020	0.019872	-0.097386	0.029336	0.009214	-0.073157	-0.006819	0.006125	0.001288	-0.014659	0.003048	0.002778
2024-08-20 21:07:51.072000	0.417480	-0.530172	0.259031	-0.360888	1.049508	0.519336	0.778368	-0.604349	-0.038411	-0.291228	0.487030	0.494555	0.511469	0.445159	0.480926	0.487140	0.007525	0.016914	-0.093989	0.035766	0.006214	-0.069660	-0.005535	0.006895	0.000869	-0.013371	0.003830	0.002365
2024-08-20 21:07:51.334000	0.406944	-0.533607	0.266645	-0.369410	1.043315	0.509708	0.776354	-0.604333	-0.038468	-0.291328	0.480837	0.484927	0.509455	0.438983	0.471240	0.485026	0.004090	0.024529	-0.102512	0.032258	0.013786	-0.078083	-0.006343	0.006618	0.001927	-0.014177	0.003566	0.003429
2024-08-20 21:07:51.596000	0.412609	-0.538402	0.256348	-0.356649	1.051313	0.512911	0.769259	-0.604316	-0.038526	-0.291428	0.488834	0.488129	0.502360	0.446996	0.474385	0.477831	-0.000705	0.014231	-0.089751	0.027389	0.003446	-0.065221	-0.006768	0.005677	0.000482	-0.014599	0.002638	0.001989
2024-08-20 21:07:51.859000	0.412510	-0.537078	0.258405	-0.356568	1.047751	0.510673	0.769078	-0.604300	-0.038583	-0.291528	0.485273	0.485891	0.502179	0.443451	0.472089	0.477550	0.000619	0.016288	-0.089669	0.028638	0.005461	-0.065040	-0.006114	0.005813	0.000763	-0.013943	0.002787	0.002277
2024-08-20 21:07:52.121000	0.413206	-0.531207	0.259966	-0.361395	1.045842	0.514635	0.774600	-0.604283	-0.038641	-0.291628	0.483363	0.489853	0.507702	0.441559	0.475994	0.482973	0.006490	0.017849	-0.094496	0.034435	0.006979	-0.069767	-0.005655	0.006714	0.000976	-0.013481	0.003700	0.002495
2024-08-20 21:07:52.383000	0.409528	-0.535760	0.255582	-0.355904	1.045609	0.509850	0.765432	-0.604266	-0.038698	-0.291727	0.483131	0.485068	0.498533	0.441343	0.471151	0.473705	0.001937	0.013465	-0.089005	0.029808	0.002553	-0.064177	-0.006291	0.005973	0.000357	-0.014114	0.002971	0.001882
2024-08-20 21:07:52.645000	0.411019	-0.544051	0.248212	-0.348400	1.055259	0.511208	0.759419	-0.604249	-0.038756	-0.291827	0.492780	0.486426	0.492521	0.451009	0.472452	0.467592	-0.006354	0.006095	-0.081502	0.021443	-0.004860	-0.056573	-0.007808	0.004706	-0.000679	-0.015629	0.001717	0.000852
2024-08-20 21:07:52.907000	0.419170	-0.530259	0.251114	-0.349166	1.047481	0.517221	0.768336	-0.604232	-0.038813	-0.291927	0.485002	0.492440	0.501437	0.443249	0.478409	0.476409	0.007437	0.008997	-0.082267	0.035160	-0.002000	-0.057239	-0.004846	0.006507	-0.000280	-0.012663	0.003530	0.001258
2024-08-20 21:07:53.169000	0.410224	-0.535528	0.255021	-0.352862	1.043593	0.508065	0.763086	-0.604215	-0.038870	-0.292026	0.481115	0.483283	0.496187	0.439378	0.469195	0.471059	0.002169	0.012904	-0.085963	0.029817	0.001865	-0.060836	-0.005782	0.005874	0.000261	-0.013596	0.002910	0.001804
2024-08-20 21:08:00.860000	0.411814	-0.545797	0.254519	-0.339355	1.042448	0.496651	0.751170	-0.603671	-0.040541	-0.294929	0.479970	0.471869	0.484271	0.438777	0.456110	0.456241	-0.008100	0.012402	-0.072457	0.017333	0.000131	-0.044427	-0.005281	0.003717	0.000018	-0.013005	0.001125	0.001734
2024-08-20 21:08:01.123000	0.416287	-0.541620	0.255155	-0.339051	1.041804	0.500184	0.755338	-0.603651	-0.040598	-0.295027	0.479326	0.475402	0.488440	0.438153	0.459586	0.460311	-0.003924	0.013038	-0.072153	0.021433	0.000725	-0.044024	-0.004331	0.004239	0.000101	-0.012051	0.001659	0.001823
2024-08-20 21:08:01.385000	0.409230	-0.545910	0.258669	-0.343371	1.039842	0.493932	0.752601	-0.603631	-0.040654	-0.295125	0.477364	0.469150	0.485702	0.436211	0.453278	0.457475	-0.008214	0.016552	-0.076472	0.017067	0.004198	-0.048246	-0.005281	0.003759	0.000587	-0.012998	0.001193	0.002314
2024-08-20 21:08:01.647000	0.410124	-0.546307	0.252108	-0.334341	1.038664	0.492357	0.744466	-0.603611	-0.040711	-0.295223	0.476186	0.467576	0.477567	0.435053	0.451647	0.449242	-0.008610	0.009991	-0.067443	0.016593	-0.002404	-0.039118	-0.004888	0.003477	-0.000336	-0.012602	0.000923	0.001397
2024-08-20 21:08:01.909000	0.401775	-0.558404	0.241159	-0.324297	1.043317	0.484913	0.726072	-0.603590	-0.040767	-0.295321	0.480839	0.460131	0.459174	0.439727	0.444146	0.430751	-0.020707	-0.000958	-0.057399	0.004419	-0.013395	-0.028976	-0.007312	0.001666	-0.001873	-0.015023	-0.000874	-0.000134
2024-08-20 21:08:02.171000	0.410124	-0.543624	0.251959	-0.334681	1.036470	0.492846	0.744805	-0.603570	-0.040823	-0.295419	0.473991	0.468064	0.477907	0.432900	0.452023	0.449386	-0.005927	0.009842	-0.067782	0.019123	-0.002637	-0.039262	-0.004492	0.003818	-0.000369	-0.012199	0.001290	0.001376
2024-08-20 21:08:02.433000	0.404558	-0.545818	0.257844	-0.341890	1.034422	0.488605	0.746448	-0.603550	-0.040880	-0.295517	0.471944	0.463823	0.479550	0.430873	0.447725	0.450931	-0.008121	0.015727	-0.074992	0.016852	0.003206	-0.046373	-0.005152	0.003682	0.000448	-0.012856	0.001167	0.002199
2024-08-20 21:08:02.695000	0.401974	-0.551884	0.251626	-0.339791	1.042023	0.490139	0.741765	-0.603529	-0.040936	-0.295615	0.479545	0.465357	0.474866	0.438494	0.449203	0.446150	-0.014188	0.009509	-0.072893	0.010709	-0.003053	-0.044177	-0.007072	0.002870	-0.000427	-0.014772	0.000368	0.001329
2024-08-20 21:08:02.958000	0.408633	-0.545941	0.243455	-0.329662	1.040781	0.494839	0.738295	-0.603508	-0.040993	-0.295713	0.478302	0.470058	0.471396	0.437272	0.453847	0.442582	-0.008244	0.001339	-0.062763	0.016575	-0.011265	-0.033948	-0.005605	0.003407	-0.001575	-0.013301	0.000918	0.000187
2024-08-20 21:08:03.220000	0.403166	-0.548372	0.253838	-0.340598	1.038298	0.489926	0.743764	-0.603487	-0.041049	-0.295811	0.475820	0.465145	0.476865	0.434811	0.448877	0.447953	-0.010675	0.011721	-0.073699	0.014067	-0.000924	-0.044787	-0.006158	0.003309	-0.000129	-0.013851	0.000833	0.001639
2024-08-20 21:08:03.482000	0.394916	-0.553980	0.249668	-0.336090	1.035319	0.481339	0.731007	-0.603467	-0.041105	-0.295908	0.472841	0.456557	0.464108	0.431852	0.440234	0.435098	-0.016284	0.007551	-0.069192	0.008381	-0.005136	-0.040182	-0.007138	0.002458	-0.000718	-0.014828	-0.000006	0.001056
2024-08-20 21:08:03.744000	0.392431	-0.555886	0.255791	-0.340131	1.032657	0.476771	0.732562	-0.603446	-0.041161	-0.296006	0.470179	0.451990	0.465664	0.429211	0.435610	0.436556	-0.018189	0.013674	-0.073233	0.006399	0.000946	-0.044125	-0.007092	0.002255	0.000132	-0.014778	-0.000196	0.001912
2024-08-20 21:08:04.006000	0.396308	-0.556437	0.253082	-0.336379	1.036042	0.479605	0.732687	-0.603425	-0.041217	-0.296104	0.473563	0.454823	0.465789	0.432617	0.438387	0.436583	-0.018740	0.010965	-0.069481	0.005770	-0.001804	-0.040276	-0.006999	0.002079	-0.000252	-0.014681	-0.000359	0.001533
2024-08-20 21:08:04.268000	0.396705	-0.556324	0.245513	-0.330934	1.038450	0.482126	0.727640	-0.603403	-0.041274	-0.296201	0.475972	0.457345	0.460741	0.435047	0.440853	0.431438	-0.018627	0.003396	-0.064036	0.005806	-0.009415	-0.034733	-0.007393	0.001990	-0.001316	-0.015072	-0.000435	0.000475
2024-08-20 21:08:04.530000	0.388853	-0.563879	0.247387	-0.335888	1.041232	0.477354	0.724740	-0.603382	-0.041330	-0.296299	0.478754	0.452572	0.457842	0.437850	0.436024	0.428442	-0.026182	0.005270	-0.068989	-0.001826	-0.007582	-0.039589	-0.009385	0.001119	-0.001060	-0.017061	-0.001294	0.000737
2024-08-20 21:08:04.793000	0.394022	-0.556859	0.255259	-0.335421	1.031043	0.474183	0.729443	-0.603361	-0.041386	-0.296397	0.468564	0.449402	0.462544	0.427682	0.432797	0.433046	-0.019162	0.013142	-0.068522	0.005116	0.000249	-0.039024	-0.006486	0.001929	0.000035	-0.014157	-0.000470	0.001837
2024-08-20 21:08:05.055000	0.394916	-0.554866	0.247705	-0.328800	1.030877	0.476011	0.723716	-0.603339	-0.041442	-0.296494	0.468399	0.451229	0.456817	0.427538	0.434569	0.427222	-0.017169	0.005588	-0.061901	0.007031	-0.007347	-0.032306	-0.006304	0.002051	-0.001027	-0.013972	-0.000336	0.000781
2024-08-20 21:08:05.317000	0.396705	-0.561659	0.247541	-0.329281	1.040105	0.478446	0.725987	-0.603318	-0.041498	-0.296591	0.477627	0.453664	0.459088	0.436787	0.436948	0.429395	-0.023962	0.005424	-0.062383	0.000161	-0.007552	-0.032690	-0.007689	0.001158	-0.001056	-0.015354	-0.001215	0.000758
2024-08-20 21:08:05.579000	0.380603	-0.571367	0.248808	-0.331710	1.034871	0.463504	0.712312	-0.603296	-0.041554	-0.296689	0.472393	0.438723	0.445414	0.431575	0.421950	0.415624	-0.033670	0.006691	-0.064811	-0.009625	-0.006326	-0.035021	-0.009713	-0.000072	-0.000884	-0.017373	-0.002432	0.000935
2024-08-20 21:08:05.841000	0.395016	-0.561443	0.241458	-0.322097	1.037098	0.475655	0.717113	-0.603274	-0.041610	-0.296786	0.474620	0.450874	0.450214	0.433823	0.434045	0.420327	-0.023746	-0.000659	-0.055199	0.000222	-0.013718	-0.025311	-0.007449	0.000998	-0.001918	-0.015106	-0.001350	-0.000092
2024-08-20 21:08:06.103000	0.386368	-0.565522	0.255493	-0.335624	1.032020	0.466499	0.721992	-0.603253	-0.041666	-0.296883	0.469542	0.441717	0.455093	0.428768	0.424833	0.425109	-0.027825	0.013376	-0.068725	-0.003935	0.000276	-0.038741	-0.008102	0.000725	0.000039	-0.015756	-0.001610	0.001870
2024-08-20 21:08:06.365000	0.390344	-0.566541	0.246159	-0.325159	1.035885	0.469344	0.715503	-0.603231	-0.041722	-0.296980	0.473407	0.444562	0.448605	0.432655	0.427622	0.418523	-0.028844	0.004042	-0.058261	-0.005033	-0.009099	-0.028179	-0.008084	0.000345	-0.001272	-0.015733	-0.001977	0.000565
2024-08-20 21:08:06.628000	0.384777	-0.568611	0.256233	-0.336831	1.033986	0.465375	0.721608	-0.603209	-0.041778	-0.297078	0.471508	0.440593	0.454709	0.430778	0.423597	0.424530	-0.030915	0.014116	-0.069932	-0.007181	0.000934	-0.039753	-0.008771	0.000322	0.000131	-0.016417	-0.001987	0.001973
2024-08-20 21:08:06.890000	0.374042	-0.581893	0.246631	-0.322908	1.032213	0.450319	0.696951	-0.603186	-0.041834	-0.297175	0.469734	0.425538	0.430052	0.429026	0.408485	0.399776	-0.044197	0.004514	-0.056010	-0.020541	-0.008709	-0.025734	-0.010412	-0.001785	-0.001218	-0.018054	-0.004081	0.000631
2024-08-20 21:08:07.152000	0.388455	-0.567041	0.250041	-0.330792	1.036247	0.469207	0.719247	-0.603164	-0.041890	-0.297272	0.473769	0.444425	0.452349	0.433083	0.427317	0.421976	-0.029344	0.007924	-0.063894	-0.005766	-0.005341	-0.033520	-0.008521	0.000378	-0.000747	-0.016159	-0.001905	0.001108
2024-08-20 21:08:07.414000	0.378316	-0.570811	0.254235	-0.334767	1.029659	0.458848	0.713083	-0.603142	-0.041946	-0.297369	0.467180	0.434066	0.446185	0.426517	0.416902	0.415715	-0.033114	0.012118	-0.067868	-0.009614	-0.001188	-0.037398	-0.009178	-0.000052	-0.000166	-0.016813	-0.002321	0.001694
2024-08-20 21:08:07.676000	0.380603	-0.584170	0.250553	-0.326579	1.040799	0.456629	0.707182	-0.603120	-0.042001	-0.297466	0.478320	0.431847	0.440283	0.437679	0.414628	0.409716	-0.046473	0.008436	-0.059680	-0.023051	-0.004912	-0.029113	-0.010795	-0.002050	-0.000687	-0.018425	-0.004307	0.001179
2024-08-20 21:08:07.938000	0.380205	-0.574936	0.251224	-0.330260	1.034177	0.459241	0.710465	-0.603097	-0.042057	-0.297562	0.471699	0.434460	0.443566	0.431080	0.417184	0.412902	-0.037239	0.009107	-0.063361	-0.013896	-0.004282	-0.032697	-0.009665	-0.000733	-0.000599	-0.017292	-0.002977	0.001273
2024-08-20 21:08:08.200000	0.372949	-0.588259	0.245617	-0.323121	1.038711	0.450453	0.696070	-0.603074	-0.042113	-0.297659	0.476233	0.425671	0.429171	0.435637	0.408340	0.398411	-0.050562	0.003500	-0.056223	-0.027297	-0.009929	-0.025462	-0.011846	-0.002672	-0.001388	-0.019469	-0.004903	0.000489
2024-08-20 21:08:08.463000	0.377720	-0.585287	0.245289	-0.323218	1.040935	0.455648	0.700938	-0.603052	-0.042169	-0.297756	0.478457	0.430867	0.434039	0.437884	0.413479	0.403181	-0.047590	0.003172	-0.056319	-0.024404	-0.010298	-0.025461	-0.011381	-0.002286	-0.001440	-0.019000	-0.004504	0.000444
2024-08-20 21:08:08.725000	0.366388	-0.591838	0.255284	-0.331781	1.034723	0.442885	0.698169	-0.603029	-0.042224	-0.297853	0.472245	0.418104	0.431271	0.431694	0.400661	0.400316	-0.054141	0.013167	-0.064882	-0.031034	-0.000344	-0.033928	-0.012318	-0.003000	-0.000048	-0.019933	-0.005205	0.001841
2024-08-20 21:08:08.987000	0.370563	-0.592976	0.248018	-0.321585	1.037106	0.444130	0.692148	-0.603006	-0.042280	-0.297950	0.474628	0.419349	0.425250	0.434100	0.401850	0.394199	-0.055279	0.005901	-0.054686	-0.032250	-0.007652	-0.023635	-0.011975	-0.003410	-0.001070	-0.019586	-0.005602	0.000825
2024-08-20 21:08:09.249000	0.371557	-0.581378	0.254787	-0.328607	1.026755	0.445377	0.700164	-0.602983	-0.042336	-0.298046	0.464277	0.420596	0.433266	0.423772	0.403042	0.402118	-0.043682	0.012670	-0.061708	-0.020731	-0.000923	-0.030561	-0.009875	-0.001742	-0.000129	-0.017483	-0.003921	0.001771
2024-08-20 21:08:09.511000	0.362015	-0.606474	0.247332	-0.317063	1.038220	0.431745	0.679077	-0.602960	-0.042391	-0.298143	0.475741	0.406964	0.412179	0.435260	0.389354	0.380935	-0.068778	0.005215	-0.050164	-0.045906	-0.008419	-0.018920	-0.013748	-0.005356	-0.001177	-0.021351	-0.007522	0.000729
2024-08-20 21:08:09.773000	0.371259	-0.593749	0.247133	-0.317463	1.035338	0.441589	0.688722	-0.602937	-0.042447	-0.298239	0.472859	0.416807	0.421824	0.432401	0.399142	0.390483	-0.056052	0.005016	-0.050565	-0.033259	-0.008659	-0.019224	-0.011510	-0.003674	-0.001211	-0.019109	-0.005827	0.000701
2024-08-20 21:08:10.035000	0.359232	-0.601705	0.253033	-0.320100	1.028004	0.426298	0.679331	-0.602913	-0.042502	-0.298336	0.465526	0.401517	0.412433	0.425090	0.383796	0.380996	-0.064009	0.010916	-0.053201	-0.041294	-0.002801	-0.021764	-0.012358	-0.004719	-0.000392	-0.019954	-0.006858	0.001526
2024-08-20 21:08:10.298000	0.368873	-0.585859	0.253281	-0.325068	1.026519	0.440660	0.693942	-0.602890	-0.042558	-0.298432	0.464041	0.415879	0.427043	0.423629	0.398102	0.395509	-0.048162	0.011164	-0.058170	-0.025527	-0.002593	-0.026636	-0.010332	-0.002483	-0.000363	-0.017924	-0.004609	0.001561
2024-08-20 21:08:10.560000	0.365196	-0.601726	0.253082	-0.319653	1.033493	0.431767	0.684849	-0.602867	-0.042613	-0.298529	0.471014	0.406985	0.417950	0.430626	0.389153	0.386320	-0.064029	0.010965	-0.052755	-0.041473	-0.002833	-0.021125	-0.012275	-0.004762	-0.000396	-0.019863	-0.006876	0.001533
2024-08-20 21:08:10.822000	0.369867	-0.602339	0.253564	-0.321068	1.039710	0.437371	0.690935	-0.602843	-0.042669	-0.298625	0.477231	0.412589	0.424037	0.436867	0.394702	0.392310	-0.064642	0.011447	-0.054169	-0.042165	-0.002392	-0.022443	-0.012571	-0.004816	-0.000334	-0.020155	-0.006917	0.001600
2024-08-20 21:08:11.084000	0.352870	-0.618901	0.254653	-0.316099	1.033218	0.414316	0.668969	-0.602819	-0.042724	-0.298721	0.470739	0.389535	0.402071	0.430398	0.371592	0.370248	-0.081205	0.012536	-0.049201	-0.058806	-0.001344	-0.017378	-0.014481	-0.007188	-0.000188	-0.022060	-0.009275	0.001753
2024-08-20 21:08:11.346000	0.361418	-0.608988	0.246254	-0.312895	1.037047	0.428060	0.674313	-0.602796	-0.042779	-0.298817	0.474569	0.403278	0.407415	0.434252	0.385280	0.375496	-0.071291	0.004137	-0.045996	-0.048971	-0.009784	-0.014078	-0.013650	-0.005901	-0.001368	-0.021225	-0.007976	0.000578
2024-08-20 21:08:11.608000	0.355753	-0.614235	0.253679	-0.317134	1.033443	0.419207	0.672886	-0.602772	-0.042835	-0.298913	0.470964	0.394426	0.405988	0.430671	0.376373	0.373973	-0.076539	0.011562	-0.050235	-0.054298	-0.002400	-0.018220	-0.014010	-0.006554	-0.000335	-0.021582	-0.008615	0.001616
2024-08-20 21:08:11.870000	0.361021	-0.606052	0.259951	-0.324779	1.031901	0.425849	0.685800	-0.602748	-0.042890	-0.299009	0.469423	0.401067	0.418901	0.429153	0.382959	0.386791	-0.068355	0.017834	-0.057881	-0.046194	0.003832	-0.025770	-0.012758	-0.005311	0.000536	-0.020326	-0.007359	0.002493
2024-08-20 21:08:12.132000	0.353665	-0.608359	0.251129	-0.317387	1.028282	0.419923	0.671052	-0.602724	-0.042945	-0.299105	0.465804	0.395142	0.404154	0.425559	0.376978	0.371947	-0.070662	0.009012	-0.050489	-0.048581	-0.005031	-0.018282	-0.013469	-0.005768	-0.000703	-0.021032	-0.007803	0.001260
2024-08-20 21:08:12.395000	0.349987	-0.617078	0.256199	-0.319060	1.029927	0.412849	0.669048	-0.602700	-0.043001	-0.299202	0.467449	0.388067	0.402149	0.427228	0.369848	0.369846	-0.079381	0.014082	-0.052162	-0.057379	-0.000002	-0.019859	-0.014434	-0.006935	-0.000000	-0.021993	-0.008956	0.001969
2024-08-20 21:08:12.657000	0.352771	-0.622424	0.248455	-0.311075	1.037814	0.415390	0.663846	-0.602675	-0.043056	-0.299297	0.475336	0.390609	0.396947	0.435139	0.372334	0.364548	-0.084727	0.006338	-0.044176	-0.062805	-0.007786	-0.011777	-0.015386	-0.007824	-0.001089	-0.022941	-0.009832	0.000886
2024-08-20 21:08:12.919000	0.352771	-0.617583	0.252938	-0.316652	1.034067	0.416484	0.669423	-0.602651	-0.043111	-0.299393	0.471589	0.391703	0.402524	0.431416	0.373373	0.370029	-0.079886	0.010821	-0.049753	-0.058043	-0.003344	-0.017259	-0.014701	-0.007068	-0.000467	-0.022252	-0.009064	0.001513
2024-08-20 21:08:13.181000	0.351677	-0.623583	0.257506	-0.319329	1.037083	0.413500	0.671006	-0.602627	-0.043166	-0.299489	0.474605	0.388719	0.404108	0.434456	0.370334	0.371517	-0.085886	0.015389	-0.052430	-0.064122	0.001183	-0.019840	-0.015451	-0.007839	0.000165	-0.022998	-0.009821	0.002151
2024-08-20 21:08:13.443000	0.344421	-0.630216	0.250910	-0.306928	1.030654	0.400438	0.651349	-0.602602	-0.043221	-0.299585	0.468176	0.375657	0.384450	0.428052	0.357217	0.351764	-0.092519	0.008794	-0.040029	-0.070835	-0.005453	-0.007343	-0.015575	-0.009053	-0.000762	-0.023117	-0.011022	0.001229
2024-08-20 21:08:13.705000	0.351777	-0.621487	0.256452	-0.315014	1.031825	0.410339	0.666791	-0.602577	-0.043277	-0.299680	0.469347	0.385557	0.399892	0.429248	0.367062	0.367110	-0.083790	0.014335	-0.048116	-0.062186	0.000048	-0.015334	-0.014447	-0.007715	0.000007	-0.021985	-0.009671	0.002004
2024-08-20 21:08:13.967000	0.348795	-0.635943	0.258077	-0.309468	1.036128	0.400185	0.658262	-0.602553	-0.043332	-0.299776	0.473649	0.375404	0.391364	0.433575	0.356854	0.358486	-0.098246	0.015960	-0.042569	-0.076721	0.001633	-0.009692	-0.015753	-0.009833	0.000228	-0.023286	-0.011776	0.002231
2024-08-20 21:08:14.230000	0.346707	-0.633543	0.247392	-0.301837	1.034696	0.401153	0.648545	-0.602528	-0.043387	-0.299872	0.472217	0.376371	0.381646	0.432168	0.357766	0.348673	-0.095846	0.005275	-0.034939	-0.074402	-0.009093	-0.001965	-0.015905	-0.009656	-0.001271	-0.023434	-0.011586	0.000737
2024-08-20 21:08:14.492000	0.338656	-0.635773	0.257789	-0.313818	1.030457	0.394685	0.652474	-0.602503	-0.043442	-0.299967	0.467979	0.369903	0.385575	0.427954	0.351243	0.352506	-0.098076	0.015672	-0.046919	-0.076711	0.001263	-0.013850	-0.016619	-0.009694	0.000177	-0.024144	-0.011611	0.002191
2024-08-20 21:08:14.754000	0.343129	-0.635232	0.252083	-0.305006	1.031283	0.396052	0.648135	-0.602478	-0.043497	-0.300063	0.468805	0.371270	0.381236	0.428805	0.352555	0.348072	-0.097535	0.009966	-0.038108	-0.076251	-0.004483	-0.004943	-0.015931	-0.009856	-0.000627	-0.023452	-0.011759	0.001393
2024-08-20 21:08:15.016000	0.341141	-0.639692	0.252282	-0.302456	1.031006	0.391315	0.643597	-0.602453	-0.043552	-0.300158	0.468528	0.366533	0.376698	0.428553	0.347763	0.343438	-0.101995	0.010165	-0.035557	-0.080791	-0.004324	-0.002298	-0.016234	-0.010542	-0.000605	-0.023751	-0.012432	0.001421
2024-08-20 21:08:15.278000	0.338457	-0.638368	0.264956	-0.315004	1.026874	0.388506	0.653461	-0.602428	-0.043607	-0.300254	0.464395	0.363724	0.386563	0.424446	0.344899	0.353208	-0.100672	0.022839	-0.048106	-0.079547	0.008309	-0.014751	-0.015962	-0.010118	0.001162	-0.023474	-0.011995	0.003193
2024-08-20 21:08:15.540000	0.338656	-0.644847	0.255861	-0.308976	1.036618	0.391771	0.647632	-0.602402	-0.043661	-0.300349	0.474140	0.366990	0.380733	0.434216	0.348110	0.347283	-0.107150	0.013744	-0.042077	-0.086106	-0.000827	-0.008627	-0.017760	-0.011079	-0.000116	-0.025268	-0.012943	0.001921
2024-08-20 21:08:15.802000	0.339550	-0.633373	0.264195	-0.315045	1.023773	0.390400	0.654595	-0.602377	-0.043716	-0.300444	0.461294	0.365618	0.387697	0.421396	0.346684	0.354151	-0.095676	0.022078	-0.048146	-0.074712	0.007467	-0.014601	-0.015200	-0.009475	0.001044	-0.022703	-0.011326	0.003087
2024-08-20 21:08:16.065000	0.327821	-0.655713	0.258778	-0.306051	1.030807	0.375094	0.633872	-0.602352	-0.043771	-0.300540	0.468329	0.350312	0.366973	0.428456	0.331323	0.333332	-0.118017	0.016661	-0.039152	-0.097133	0.002010	-0.005511	-0.018659	-0.012667	0.000281	-0.026158	-0.014504	0.002329
2024-08-20 21:08:16.327000	0.337264	-0.646217	0.264344	-0.310979	1.030115	0.383898	0.648243	-0.602326	-0.043826	-0.300635	0.467637	0.359117	0.381344	0.427789	0.340072	0.347608	-0.108520	0.022227	-0.044080	-0.087717	0.007536	-0.010344	-0.016779	-0.011330	0.001053	-0.024274	-0.013154	0.003107
2024-08-20 21:08:16.589000	0.329710	-0.654622	0.254877	-0.300935	1.030390	0.375768	0.630645	-0.602300	-0.043881	-0.300730	0.467911	0.350987	0.363746	0.428090	0.331887	0.329915	-0.116925	0.012760	-0.034036	-0.096202	-0.001973	-0.000205	-0.018235	-0.012670	-0.000276	-0.025726	-0.014481	0.001784
2024-08-20 21:08:16.851000	0.325535	-0.663845	0.262431	-0.305635	1.032584	0.368739	0.631170	-0.602275	-0.043935	-0.300825	0.470106	0.343957	0.364271	0.430310	0.324803	0.330345	-0.126149	0.020314	-0.038736	-0.105506	0.005542	-0.004810	-0.019396	-0.013834	0.000775	-0.026882	-0.015632	0.002840
2024-08-20 21:08:17.113000	0.325535	-0.668367	0.259851	-0.303287	1.037338	0.368971	0.628822	-0.602249	-0.043990	-0.300920	0.474860	0.344189	0.361924	0.435089	0.324981	0.327903	-0.130670	0.017735	-0.036389	-0.110108	0.002922	-0.002368	-0.020284	-0.014491	0.000408	-0.027766	-0.016275	0.002479
2024-08-20 21:08:17.375000	0.320963	-0.663155	0.264031	-0.304357	1.024444	0.361289	0.625320	-0.602223	-0.044045	-0.301015	0.461965	0.336507	0.358421	0.422221	0.317244	0.324305	-0.125458	0.021914	-0.037459	-0.104977	0.007061	-0.003342	-0.018725	-0.013828	0.000987	-0.026202	-0.015600	0.003064
2024-08-20 21:08:17.637000	0.330107	-0.660410	0.259593	-0.297751	1.028676	0.368265	0.627858	-0.602197	-0.044099	-0.301110	0.466197	0.343484	0.360960	0.426479	0.324166	0.326749	-0.122714	0.017476	-0.030852	-0.102313	0.002583	0.003359	-0.017808	-0.013642	0.000361	-0.025280	-0.015400	0.002443
2024-08-20 21:08:17.900000	0.320963	-0.663547	0.273569	-0.314533	1.025473	0.361927	0.635495	-0.602170	-0.044154	-0.301205	0.462995	0.337145	0.368597	0.423303	0.317772	0.334291	-0.125850	0.031452	-0.047634	-0.105530	0.016518	-0.013328	-0.018923	-0.013686	0.002309	-0.026391	-0.015431	0.004397
2024-08-20 21:08:18.162000	0.314402	-0.673095	0.268445	-0.308804	1.027856	0.354761	0.623206	-0.602144	-0.044209	-0.301299	0.465377	0.329980	0.356307	0.425712	0.310552	0.321906	-0.135398	0.026328	-0.041905	-0.115159	0.011354	-0.007504	-0.020583	-0.015087	0.001587	-0.028046	-0.016818	0.003681
2024-08-20 21:08:18.424000	0.326827	-0.670406	0.255508	-0.293893	1.035619	0.365212	0.620720	-0.602118	-0.044263	-0.301394	0.473140	0.340431	0.353821	0.433501	0.320949	0.319326	-0.132710	0.013391	-0.026994	-0.112552	-0.001623	0.007501	-0.019719	-0.015080	-0.000227	-0.027178	-0.016798	0.001872
2024-08-20 21:08:18.686000	0.324243	-0.666472	0.266143	-0.303566	1.028137	0.361666	0.627809	-0.602091	-0.044318	-0.301489	0.465659	0.336884	0.360910	0.426046	0.317348	0.326320	-0.128775	0.024027	-0.036668	-0.108698	0.008973	-0.002078	-0.018804	-0.014382	0.001254	-0.026258	-0.016087	0.003359
2024-08-20 21:08:18.948000	0.314203	-0.671817	0.271740	-0.310112	1.024393	0.352575	0.624315	-0.602065	-0.044372	-0.301583	0.461914	0.327794	0.357416	0.422328	0.308203	0.322732	-0.134121	0.029623	-0.043213	-0.114125	0.014529	-0.008528	-0.019977	-0.014953	0.002031	-0.027427	-0.016644	0.004141
2024-08-20 21:08:19.210000	0.320267	-0.676633	0.263748	-0.299277	1.032429	0.355796	0.619544	-0.602038	-0.044427	-0.301678	0.469950	0.331014	0.352645	0.430390	0.311369	0.317866	-0.138936	0.021631	-0.032378	-0.119021	0.006497	0.002401	-0.020333	-0.015861	0.000908	-0.027778	-0.017539	0.003024
2024-08-20 21:08:19.472000	0.314203	-0.672415	0.264553	-0.302466	1.024531	0.352116	0.616669	-0.602012	-0.044481	-0.301772	0.462053	0.327335	0.349771	0.422520	0.307635	0.314897	-0.134718	0.022436	-0.035567	-0.114884	0.007262	-0.000694	-0.020013	-0.015224	0.001015	-0.027454	-0.016889	0.003137
2024-08-20 21:08:19.735000	0.314899	-0.676818	0.259156	-0.291348	1.023909	0.347091	0.606247	-0.601985	-0.044536	-0.301867	0.461431	0.322309	0.339348	0.421924	0.302555	0.304380	-0.139121	0.017039	-0.024449	-0.119369	0.001824	0.010519	-0.019740	-0.016116	0.000255	-0.027176	-0.017768	0.002382
2024-08-20 21:08:19.997000	0.321957	-0.670314	0.273330	-0.308722	1.027663	0.357349	0.630679	-0.601958	-0.044590	-0.301961	0.465184	0.332567	0.363780	0.425705	0.312759	0.328718	-0.132617	0.031213	-0.041824	-0.112946	0.015959	-0.006761	-0.019145	-0.014870	0.002231	-0.026576	-0.016508	0.004364
2024-08-20 21:08:20.259000	0.319273	-0.672775	0.263355	-0.298882	1.027574	0.354799	0.618154	-0.601931	-0.044644	-0.302056	0.465096	0.330017	0.351256	0.425644	0.310155	0.316099	-0.135079	0.021238	-0.031983	-0.115489	0.005944	0.003174	-0.019637	-0.015413	0.000831	-0.027064	-0.017038	0.002969
2024-08-20 21:08:20.521000	0.307643	-0.678806	0.262575	-0.296144	1.020018	0.341212	0.603787	-0.601904	-0.044698	-0.302150	0.457539	0.316430	0.336888	0.418114	0.296513	0.301637	-0.141109	0.020458	-0.029245	-0.121601	0.005124	0.006006	-0.020384	-0.016302	0.000716	-0.027806	-0.017914	0.002860
2024-08-20 21:08:20.783000	0.311321	-0.684126	0.257938	-0.293046	1.030555	0.346429	0.604367	-0.601877	-0.044753	-0.302244	0.468076	0.321647	0.337468	0.428678	0.301676	0.302123	-0.146429	0.015821	-0.026147	-0.127002	0.000447	0.009198	-0.021672	-0.017065	0.000062	-0.029089	-0.018664	0.002212
2024-08-20 21:08:21.045000	0.326231	-0.671591	0.267823	-0.299044	1.029042	0.357451	0.625275	-0.601849	-0.044807	-0.302338	0.466564	0.332670	0.358376	0.427193	0.312644	0.322937	-0.133894	0.025706	-0.032145	-0.114548	0.010292	0.003294	-0.018604	-0.015342	0.001439	-0.026016	-0.016927	0.003594
2024-08-20 21:08:21.307000	0.304860	-0.683539	0.277097	-0.310674	1.021976	0.338437	0.615534	-0.601822	-0.044861	-0.302432	0.459497	0.313655	0.348636	0.420154	0.293576	0.313102	-0.145842	0.034980	-0.043776	-0.126578	0.019526	-0.008242	-0.021267	-0.016662	0.002730	-0.028675	-0.018233	0.004890
2024-08-20 21:08:21.570000	0.305754	-0.682808	0.275383	-0.305087	1.018267	0.335459	0.610842	-0.601794	-0.044915	-0.302526	0.455788	0.310677	0.343943	0.416472	0.290544	0.308315	-0.145111	0.033266	-0.038189	-0.125929	0.017772	-0.002561	-0.020395	-0.016739	0.002484	-0.027798	-0.018298	0.004651
2024-08-20 21:08:21.832000	0.300586	-0.689626	0.265159	-0.297137	1.022190	0.332564	0.597723	-0.601767	-0.044969	-0.302620	0.459711	0.307782	0.330825	0.420423	0.287594	0.295103	-0.151929	0.023043	-0.030239	-0.132829	0.007509	0.005483	-0.022105	-0.017794	0.001050	-0.029503	-0.019339	0.003221
2024-08-20 21:08:22.094000	0.296510	-0.693324	0.268832	-0.302882	1.023884	0.330560	0.599392	-0.601739	-0.045024	-0.302714	0.461405	0.305778	0.332493	0.422144	0.285536	0.296678	-0.155627	0.026715	-0.035983	-0.136608	0.011142	-0.000168	-0.023189	-0.018152	0.001558	-0.030583	-0.019683	0.003735
2024-08-20 21:08:22.356000	0.307245	-0.690419	0.274284	-0.300489	1.023869	0.333450	0.607734	-0.601711	-0.045078	-0.302808	0.461391	0.308668	0.340836	0.422158	0.288372	0.304926	-0.152723	0.032167	-0.033590	-0.133785	0.016554	0.002319	-0.021149	-0.017920	0.002314	-0.028538	-0.019438	0.004497
2024-08-20 21:08:22.618000	0.299790	-0.692433	0.275075	-0.304991	1.022140	0.329707	0.604781	-0.601684	-0.045132	-0.302902	0.459661	0.304925	0.337883	0.420456	0.284575	0.301879	-0.154736	0.032958	-0.038092	-0.135881	0.017304	-0.002089	-0.022238	-0.018063	0.002419	-0.029622	-0.019568	0.004607
2024-08-20 21:08:22.880000	0.297604	-0.693030	0.275517	-0.308038	1.023155	0.330125	0.605642	-0.601656	-0.045186	-0.302996	0.460677	0.305343	0.338743	0.421499	0.284939	0.302646	-0.155334	0.033400	-0.041139	-0.136560	0.017707	-0.005042	-0.022853	-0.018062	0.002475	-0.030231	-0.019553	0.004669
2024-08-20 21:08:23.142000	0.303667	-0.688689	0.269170	-0.297137	1.020323	0.331634	0.600804	-0.601628	-0.045240	-0.303089	0.457845	0.306853	0.333906	0.418696	0.286395	0.297715	-0.150992	0.027053	-0.030239	-0.132301	0.011321	0.005952	-0.021184	-0.017782	0.001583	-0.028558	-0.019260	0.003782
2024-08-20 21:08:23.405000	0.305655	-0.693885	0.262779	-0.288975	1.025736	0.331851	0.594630	-0.601599	-0.045294	-0.303183	0.463258	0.307069	0.327731	0.424137	0.286557	0.291447	-0.156189	0.020662	-0.022076	-0.137579	0.004889	0.014208	-0.021816	-0.018673	0.000684	-0.029185	-0.020137	0.002889
2024-08-20 21:08:23.667000	0.306748	-0.697372	0.271099	-0.300793	1.033815	0.336443	0.607541	-0.601571	-0.045347	-0.303277	0.471336	0.311661	0.340643	0.432243	0.291095	0.304265	-0.159675	0.028982	-0.033894	-0.141148	0.013169	0.002484	-0.023132	-0.018859	0.001841	-0.030496	-0.020310	0.004052
2024-08-20 21:08:23.929000	0.305754	-0.697099	0.270959	-0.298293	1.030187	0.333088	0.604048	-0.601543	-0.045401	-0.303370	0.467709	0.308307	0.337149	0.428644	0.287687	0.300678	-0.159402	0.028842	-0.031395	-0.140957	0.012991	0.005077	-0.022634	-0.018915	0.001816	-0.029993	-0.020353	0.004032
2024-08-20 21:08:24.191000	0.303071	-0.694081	0.263907	-0.293943	1.027188	0.333107	0.597014	-0.601514	-0.045455	-0.303464	0.464710	0.308325	0.330115	0.425673	0.287652	0.293550	-0.156384	0.021790	-0.027045	-0.138022	0.005899	0.009520	-0.022602	-0.018591	0.000825	-0.029957	-0.020016	0.003046
2024-08-20 21:08:24.453000	0.306649	-0.687309	0.253381	-0.283651	1.024228	0.336920	0.590300	-0.601486	-0.045509	-0.303557	0.461750	0.312138	0.323402	0.422742	0.291411	0.286743	-0.149612	0.011264	-0.016753	-0.131332	-0.004667	0.019906	-0.021404	-0.017924	-0.000653	-0.028754	-0.019335	0.001575
2024-08-20 21:08:24.715000	0.302872	-0.690718	0.262953	-0.290136	1.020773	0.330055	0.593008	-0.601457	-0.045563	-0.303650	0.458294	0.305273	0.326109	0.419315	0.284492	0.289357	-0.153021	0.020836	-0.023237	-0.134823	0.004865	0.013514	-0.021443	-0.018286	0.000680	-0.028787	-0.019684	0.002913
2024-08-20 21:08:24.977000	0.289254	-0.696398	0.265617	-0.293604	1.013639	0.317241	0.582858	-0.601429	-0.045616	-0.303743	0.451161	0.292459	0.315959	0.412211	0.271625	0.279114	-0.158702	0.023500	-0.026705	-0.140586	0.007490	0.010140	-0.022653	-0.018968	0.001047	-0.029992	-0.020352	0.003285
2024-08-20 21:08:25.240000	0.303170	-0.700240	0.269742	-0.292828	1.026497	0.326256	0.595998	-0.601400	-0.045670	-0.303837	0.464018	0.301475	0.329099	0.425097	0.280586	0.292161	-0.162544	0.027625	-0.025929	-0.144511	0.011575	0.011009	-0.022427	-0.019560	0.001618	-0.029761	-0.020930	0.003862
2024-08-20 21:08:25.502000	0.298697	-0.699957	0.274901	-0.301036	1.024790	0.324833	0.599733	-0.601371	-0.045724	-0.303930	0.462311	0.300051	0.332835	0.423419	0.279109	0.295803	-0.162260	0.032784	-0.034138	-0.144310	0.016694	0.002894	-0.022961	-0.019329	0.002334	-0.030291	-0.020686	0.004583
2024-08-20 21:08:25.764000	0.295317	-0.696326	0.274737	-0.302491	1.019399	0.323072	0.597809	-0.601342	-0.045777	-0.304023	0.456920	0.298291	0.330910	0.418057	0.277295	0.293786	-0.158630	0.032620	-0.035593	-0.140762	0.016491	0.001532	-0.022604	-0.018815	0.002305	-0.029929	-0.020158	0.004560
2024-08-20 21:08:26.026000	0.293329	-0.698433	0.266720	-0.290749	1.015791	0.317359	0.584079	-0.601313	-0.045831	-0.304116	0.453313	0.292577	0.317180	0.414479	0.271528	0.279962	-0.160736	0.024603	-0.023851	-0.142951	0.008435	0.013367	-0.022290	-0.019394	0.001179	-0.029609	-0.020725	0.003440
2024-08-20 21:08:26.288000	0.300287	-0.707095	0.267306	-0.293472	1.033548	0.326453	0.593759	-0.601284	-0.045885	-0.304209	0.471069	0.301671	0.326861	0.432264	0.280568	0.289550	-0.169398	0.025190	-0.026573	-0.151696	0.008982	0.010737	-0.024309	-0.020470	0.001256	-0.031623	-0.021787	0.003521
2024-08-20 21:08:26.550000	0.298200	-0.703794	0.269762	-0.297959	1.030191	0.326397	0.596159	-0.601254	-0.045938	-0.304302	0.467713	0.301616	0.329260	0.428937	0.280459	0.291857	-0.166097	0.027645	-0.031060	-0.148478	0.011398	0.006343	-0.024090	-0.019931	0.001593	-0.031399	-0.021234	0.003865
2024-08-20 21:08:26.812000	0.293826	-0.707543	0.271630	-0.295764	1.025503	0.317960	0.589590	-0.601225	-0.045992	-0.304395	0.463024	0.293178	0.322691	0.424277	0.271968	0.285195	-0.169846	0.029513	-0.028865	-0.152310	0.013227	0.008631	-0.024010	-0.020531	0.001849	-0.031314	-0.021821	0.004126
2024-08-20 21:08:27.075000	0.300884	-0.702105	0.269349	-0.293741	1.027380	0.325275	0.594624	-0.601196	-0.046045	-0.304488	0.464902	0.300494	0.327726	0.426184	0.279230	0.290136	-0.164408	0.027232	-0.026842	-0.146954	0.010906	0.010747	-0.023058	-0.019866	0.001525	-0.030357	-0.021143	0.003807
2024-08-20 21:08:27.337000	0.298200	-0.700730	0.266601	-0.295404	1.027732	0.327003	0.593604	-0.601166	-0.046099	-0.304581	0.465254	0.302221	0.326705	0.426566	0.280904	0.289023	-0.163033	0.024484	-0.028505	-0.145662	0.008119	0.009177	-0.023656	-0.019614	0.001135	-0.030950	-0.020877	0.003423
2024-08-20 21:08:27.599000	0.303667	-0.698654	0.269787	-0.290815	1.023350	0.324696	0.594482	-0.601136	-0.046152	-0.304673	0.460871	0.299914	0.327584	0.422213	0.278544	0.289809	-0.160957	0.027670	-0.023917	-0.143670	0.011265	0.013858	-0.021785	-0.019537	0.001575	-0.029073	-0.020786	0.003868
2024-08-20 21:08:27.861000	0.307146	-0.697928	0.259454	-0.278257	1.023877	0.325949	0.585403	-0.601107	-0.046205	-0.304766	0.461399	0.301167	0.318504	0.422770	0.279744	0.280637	-0.160231	0.017337	-0.011358	-0.143027	0.000893	0.026509	-0.021235	-0.019743	0.000125	-0.028518	-0.020979	0.002424
2024-08-20 21:08:28.123000	0.286272	-0.704319	0.270671	-0.293913	1.013833	0.309514	0.580185	-0.601077	-0.046259	-0.304858	0.451355	0.284732	0.313286	0.412756	0.263255	0.275327	-0.166622	0.028554	-0.027014	-0.149501	0.012071	0.010945	-0.023268	-0.020222	0.001688	-0.030546	-0.021444	0.003992
2024-08-20 21:08:28.385000	0.290844	-0.707955	0.274071	-0.296630	1.021359	0.313404	0.587475	-0.601047	-0.046312	-0.304951	0.458881	0.288623	0.320576	0.420312	0.267092	0.282524	-0.170258	0.031954	-0.029732	-0.153220	0.015432	0.008320	-0.023814	-0.020666	0.002157	-0.031087	-0.021875	0.004467
2024-08-20 21:08:28.647000	0.293528	-0.705025	0.263490	-0.287439	1.022502	0.317477	0.580967	-0.601017	-0.046365	-0.305043	0.460024	0.292696	0.314068	0.421485	0.271112	0.275923	-0.167328	0.021373	-0.020540	-0.150373	0.004811	0.017605	-0.023549	-0.020470	0.000673	-0.030817	-0.021665	0.002988
2024-08-20 21:08:28.910000	0.298498	-0.706565	0.263847	-0.288006	1.029222	0.322657	0.586505	-0.600987	-0.046419	-0.305136	0.466743	0.297876	0.319606	0.428235	0.276239	0.281369	-0.168868	0.021730	-0.021108	-0.151996	0.005130	0.017130	-0.023880	-0.020673	0.000717	-0.031142	-0.021854	0.003038
2024-08-20 21:08:29.172000	0.297206	-0.709711	0.266879	-0.290481	1.030519	0.320808	0.587687	-0.600956	-0.046472	-0.305228	0.468040	0.296026	0.320788	0.429562	0.274336	0.282458	-0.172014	0.024762	-0.023582	-0.155226	0.008123	0.014748	-0.024359	-0.021056	0.001136	-0.031616	-0.022224	0.003462
2024-08-20 21:08:29.434000	0.288558	-0.714614	0.277614	-0.302882	1.028440	0.313826	0.591440	-0.600926	-0.046525	-0.305321	0.465961	0.289044	0.324541	0.427514	0.267301	0.286119	-0.176917	0.035497	-0.035983	-0.160213	0.018819	0.002439	-0.025585	-0.021437	0.002631	-0.032837	-0.022592	0.004963
2024-08-20 21:08:29.696000	0.286073	-0.711977	0.270055	-0.297168	1.025163	0.313186	0.583241	-0.600896	-0.046578	-0.305413	0.462685	0.288405	0.316343	0.424268	0.266608	0.277828	-0.174280	0.027938	-0.030269	-0.157659	0.011220	0.008245	-0.025460	-0.021202	0.001569	-0.032707	-0.022343	0.003906
2024-08-20 21:08:29.958000	0.292037	-0.713311	0.269896	-0.292569	1.028022	0.314711	0.584607	-0.600865	-0.046631	-0.305505	0.465543	0.289929	0.317708	0.427156	0.268080	0.279102	-0.175614	0.027779	-0.025671	-0.159077	0.011022	0.012935	-0.024862	-0.021538	0.001541	-0.032103	-0.022666	0.003883
2024-08-20 21:08:30.220000	0.294423	-0.714264	0.278728	-0.296823	1.026782	0.312518	0.591246	-0.600835	-0.046684	-0.305597	0.464304	0.287737	0.324347	0.425947	0.265834	0.285649	-0.176567	0.036611	-0.029925	-0.160113	0.019815	0.008774	-0.024161	-0.021639	0.002770	-0.031397	-0.022753	0.005118
2024-08-20 21:08:30.482000	0.284085	-0.708810	0.265418	-0.290476	1.017953	0.309143	0.574561	-0.600804	-0.046737	-0.305689	0.455474	0.284361	0.307662	0.417149	0.262406	0.268872	-0.171113	0.023301	-0.023577	-0.154743	0.006466	0.015213	-0.024499	-0.020988	0.000904	-0.031729	-0.022089	0.003257
2024-08-20 21:08:30.745000	0.298399	-0.713193	0.267789	-0.285710	1.029513	0.316320	0.584109	-0.600773	-0.046790	-0.305781	0.467034	0.291538	0.317210	0.428739	0.269530	0.278327	-0.175496	0.025672	-0.018811	-0.159210	0.008798	0.020071	-0.023946	-0.021761	0.001230	-0.031171	-0.022847	0.003589
2024-08-20 21:08:31.007000	0.287564	-0.717261	0.277868	-0.300489	1.027446	0.310185	0.588053	-0.600742	-0.046843	-0.305873	0.464968	0.285404	0.321154	0.426704	0.263342	0.282180	-0.179564	0.035751	-0.033590	-0.163362	0.018838	0.005384	-0.025600	-0.021948	0.002634	-0.032820	-0.023021	0.004998
2024-08-20 21:08:31.269000	0.302176	-0.714583	0.272992	-0.288635	1.032402	0.317819	0.590811	-0.600711	-0.046896	-0.305965	0.469924	0.293037	0.323913	0.431691	0.270923	0.284846	-0.176886	0.030875	-0.021737	-0.160768	0.013924	0.017330	-0.023775	-0.021935	0.001947	-0.030989	-0.022995	0.004316
2024-08-20 21:08:31.531000	0.288061	-0.720650	0.282614	-0.303277	1.029374	0.308724	0.591338	-0.600680	-0.046949	-0.306057	0.466896	0.283943	0.324440	0.428694	0.261775	0.285282	-0.182953	0.040497	-0.036379	-0.166918	0.023507	0.002779	-0.025860	-0.022386	0.003286	-0.033069	-0.023432	0.005662
2024-08-20 21:08:31.793000	0.290646	-0.716535	0.267600	-0.289411	1.028992	0.312457	0.580056	-0.600649	-0.047002	-0.306148	0.466513	0.287675	0.313158	0.428342	0.265455	0.273908	-0.178838	0.025483	-0.022512	-0.162888	0.008453	0.016737	-0.025333	-0.022135	0.001182	-0.032536	-0.023167	0.003562
2024-08-20 21:08:32.055000	0.297107	-0.715453	0.275373	-0.294542	1.031729	0.316275	0.591648	-0.600618	-0.047055	-0.306240	0.469251	0.291494	0.324750	0.431111	0.269221	0.285408	-0.177757	0.033256	-0.027643	-0.161890	0.016188	0.011698	-0.024627	-0.021927	0.002263	-0.031825	-0.022946	0.004649
2024-08-20 21:08:32.317000	0.281203	-0.717338	0.275611	-0.298750	1.021679	0.304341	0.579952	-0.600587	-0.047107	-0.306331	0.459201	0.279559	0.313054	0.421093	0.257234	0.273621	-0.179642	0.033494	-0.031851	-0.163859	0.016387	0.007582	-0.025742	-0.022057	0.002291	-0.032935	-0.023062	0.004683
2024-08-20 21:08:32.580000	0.286769	-0.712997	0.278052	-0.300565	1.022279	0.309282	0.587334	-0.600555	-0.047160	-0.306423	0.459801	0.284501	0.320435	0.421724	0.262122	0.280911	-0.175300	0.035935	-0.033666	-0.159602	0.018789	0.005858	-0.024822	-0.021467	0.002627	-0.032009	-0.022458	0.005024
2024-08-20 21:08:32.842000	0.291242	-0.716504	0.268887	-0.290141	1.029000	0.312496	0.581383	-0.600524	-0.047213	-0.306515	0.466522	0.287714	0.314484	0.428476	0.265283	0.274868	-0.178807	0.026770	-0.023242	-0.163193	0.009585	0.016374	-0.025241	-0.022176	0.001340	-0.032423	-0.023154	0.003742
2024-08-20 21:08:33.104000	0.294721	-0.708470	0.261904	-0.282090	1.023377	0.314907	0.576811	-0.600492	-0.047266	-0.306606	0.460898	0.290125	0.309912	0.422885	0.267641	0.270205	-0.170773	0.019787	-0.015191	-0.155244	0.002564	0.024516	-0.023558	-0.021310	0.000358	-0.030734	-0.022275	0.002766
2024-08-20 21:08:33.366000	0.280706	-0.716231	0.279796	-0.299678	1.016818	0.300587	0.580383	-0.600460	-0.047318	-0.306697	0.454340	0.275805	0.313485	0.416358	0.253269	0.273686	-0.178534	0.037679	-0.032779	-0.163089	0.020417	0.007020	-0.024932	-0.021982	0.002854	-0.032103	-0.022933	0.005268
2024-08-20 21:08:33.628000	0.297902	-0.715428	0.271536	-0.287373	1.029166	0.313739	0.585274	-0.600429	-0.047371	-0.306789	0.466688	0.288957	0.318376	0.428738	0.266368	0.278486	-0.177731	0.029419	-0.020474	-0.162370	0.012118	0.019416	-0.024019	-0.022194	0.001694	-0.031183	-0.023131	0.004113
2024-08-20 21:08:33.890000	0.282793	-0.717256	0.268733	-0.290237	1.021553	0.304297	0.573030	-0.600397	-0.047424	-0.306880	0.459075	0.279516	0.306132	0.421157	0.256874	0.266150	-0.179559	0.026616	-0.023339	-0.164283	0.009277	0.016643	-0.025451	-0.022325	0.001297	-0.032610	-0.023248	0.003721
2024-08-20 21:08:34.152000	0.288558	-0.723209	0.270522	-0.288681	1.029926	0.306717	0.577239	-0.600365	-0.047476	-0.306971	0.467448	0.281935	0.310340	0.429561	0.259241	0.270268	-0.185513	0.028405	-0.021782	-0.170321	0.011027	0.018290	-0.025917	-0.023195	0.001542	-0.033070	-0.024104	0.003971
2024-08-20 21:08:34.415000	0.289850	-0.714063	0.263321	-0.285578	1.026171	0.312108	0.575428	-0.600333	-0.047529	-0.307062	0.463692	0.287326	0.308530	0.425838	0.264579	0.268366	-0.176366	0.021204	-0.018679	-0.161259	0.003787	0.021484	-0.025018	-0.022020	0.000529	-0.032166	-0.022916	0.002964
2024-08-20 21:08:34.677000	0.280109	-0.724404	0.281068	-0.301614	1.025059	0.300655	0.581724	-0.600300	-0.047581	-0.307153	0.462581	0.275873	0.314825	0.424759	0.253074	0.274570	-0.186707	0.038951	-0.034716	-0.171685	0.021496	0.005539	-0.026600	-0.023082	0.003005	-0.033743	-0.023964	0.005445
2024-08-20 21:08:34.939000	0.281103	-0.723220	0.271973	-0.295226	1.027576	0.304356	0.576329	-0.600268	-0.047634	-0.307244	0.465097	0.279574	0.309431	0.427307	0.256722	0.269085	-0.185523	0.029856	-0.028328	-0.170585	0.012363	0.012018	-0.026911	-0.023043	0.001728	-0.034048	-0.023911	0.004174
2024-08-20 21:08:35.201000	0.276332	-0.727427	0.279369	-0.303191	1.027582	0.300154	0.579523	-0.600236	-0.047686	-0.307335	0.465103	0.275373	0.312625	0.427346	0.252468	0.272188	-0.189730	0.037252	-0.036293	-0.174877	0.019719	0.004144	-0.027801	-0.023438	0.002757	-0.034932	-0.024293	0.005208
2024-08-20 21:08:35.463000	0.275338	-0.719836	0.283777	-0.304672	1.016069	0.296232	0.580010	-0.600203	-0.047738	-0.307426	0.453590	0.271451	0.313111	0.415865	0.248494	0.272583	-0.182139	0.041660	-0.037773	-0.167371	0.024089	0.002755	-0.025837	-0.022451	0.003368	-0.032962	-0.023293	0.005824
2024-08-20 21:08:35.725000	0.274642	-0.718296	0.273554	-0.298349	1.017734	0.299438	0.572991	-0.600171	-0.047791	-0.307517	0.455256	0.274656	0.306093	0.417563	0.251647	0.265475	-0.180600	0.031437	-0.031451	-0.165916	0.013828	0.009168	-0.026311	-0.022351	0.001933	-0.033431	-0.023179	0.004395
2024-08-20 21:08:35.987000	0.287365	-0.718034	0.272624	-0.292078	1.024852	0.306819	0.579443	-0.600138	-0.047843	-0.307607	0.462374	0.282037	0.312544	0.424714	0.258976	0.271836	-0.180337	0.030507	-0.025179	-0.165738	0.012860	0.015530	-0.025245	-0.022522	0.001798	-0.032359	-0.023335	0.004265
2024-08-20 21:08:36.250000	0.282495	-0.722942	0.271089	-0.292615	1.026963	0.304021	0.575110	-0.600106	-0.047895	-0.307698	0.464484	0.279240	0.308211	0.426857	0.256126	0.267411	-0.185245	0.028972	-0.025716	-0.170731	0.011286	0.015083	-0.026558	-0.023149	0.001578	-0.033666	-0.023949	0.004050
2024-08-20 21:08:36.512000	0.288956	-0.719259	0.270120	-0.290486	1.028581	0.309322	0.579441	-0.600073	-0.047948	-0.307789	0.466103	0.284540	0.312543	0.428509	0.261374	0.271652	-0.181563	0.028003	-0.023587	-0.167134	0.010278	0.017303	-0.025660	-0.022734	0.001437	-0.032762	-0.023520	0.003915
2024-08-20 21:08:36.774000	0.281302	-0.725414	0.289458	-0.309782	1.027040	0.301626	0.591084	-0.600040	-0.048000	-0.307880	0.464561	0.276845	0.324186	0.427000	0.253627	0.283205	-0.187717	0.047341	-0.042884	-0.173374	0.029578	-0.001903	-0.026786	-0.023155	0.004135	-0.033882	-0.023928	0.006618
2024-08-20 21:08:37.036000	0.293031	-0.721855	0.268683	-0.288889	1.035092	0.313237	0.581920	-0.600007	-0.048052	-0.307970	0.472613	0.288455	0.315021	0.435085	0.265185	0.273950	-0.184158	0.026566	-0.021990	-0.169900	0.008765	0.019081	-0.026122	-0.023139	0.001225	-0.033213	-0.023898	0.003714
2024-08-20 21:08:37.298000	0.278022	-0.728504	0.284701	-0.305954	1.027778	0.299275	0.583976	-0.599974	-0.048104	-0.308060	0.465300	0.274493	0.317077	0.427804	0.251170	0.275916	-0.190807	0.042585	-0.039056	-0.176634	0.024745	0.002106	-0.027550	-0.023661	0.003459	-0.034635	-0.024406	0.005953
2024-08-20 21:08:37.560000	0.281998	-0.727365	0.280144	-0.300869	1.030088	0.302723	0.582867	-0.599941	-0.048156	-0.308151	0.467610	0.277941	0.315968	0.430148	0.254567	0.274716	-0.189669	0.038027	-0.033970	-0.175581	0.020149	0.007282	-0.027247	-0.023637	0.002817	-0.034326	-0.024368	0.005316
2024-08-20 21:08:37.822000	0.286173	-0.723045	0.284587	-0.303434	1.028064	0.305020	0.589607	-0.599907	-0.048208	-0.308241	0.465586	0.280238	0.322708	0.428157	0.256812	0.281366	-0.185348	0.042470	-0.036536	-0.171345	0.024554	0.004807	-0.026090	-0.023047	0.003433	-0.033163	-0.023765	0.005937
2024-08-20 21:08:38.085000	0.274642	-0.727453	0.283698	-0.308368	1.026765	0.299312	0.583010	-0.599874	-0.048260	-0.308331	0.464287	0.274531	0.316111	0.426891	0.251052	0.274678	-0.189756	0.041581	-0.041469	-0.175839	0.023626	-0.000036	-0.028029	-0.023474	0.003303	-0.035097	-0.024178	0.005813
2024-08-20 21:08:45.766000	0.301679	-0.724806	0.300029	-0.318051	1.044507	0.319701	0.619730	-0.598855	-0.049769	-0.310947	0.482029	0.294920	0.352832	0.445652	0.269932	0.308783	-0.187109	0.057912	-0.051153	-0.175719	0.038851	-0.007104	-0.026434	-0.023401	0.005431	-0.033322	-0.023700	0.008096
2024-08-20 21:08:46.028000	0.302077	-0.728746	0.287336	-0.301254	1.044741	0.315995	0.603331	-0.598819	-0.049820	-0.311035	0.482263	0.291214	0.336432	0.445922	0.266175	0.292295	-0.191049	0.045219	-0.034356	-0.179746	0.026120	0.009781	-0.026391	-0.024334	0.003652	-0.033273	-0.024619	0.006322
2024-08-20 21:08:46.290000	0.299194	-0.724734	0.290834	-0.306826	1.039920	0.315186	0.606020	-0.598783	-0.049871	-0.311124	0.477441	0.290404	0.339122	0.441136	0.265315	0.294897	-0.187037	0.048718	-0.039928	-0.175821	0.029582	0.004297	-0.026050	-0.023678	0.004136	-0.032925	-0.023949	0.006811
2024-08-20 21:08:46.552000	0.296808	-0.724806	0.290685	-0.309189	1.040118	0.315312	0.605997	-0.598747	-0.049922	-0.311212	0.477639	0.290530	0.339099	0.441371	0.265390	0.294786	-0.187109	0.048568	-0.042290	-0.175981	0.029395	0.002023	-0.026551	-0.023624	0.004109	-0.033420	-0.023881	0.006790
2024-08-20 21:08:46.814000	0.302176	-0.721551	0.282231	-0.300164	1.041660	0.320109	0.602340	-0.598710	-0.049973	-0.311300	0.479182	0.295327	0.335442	0.442949	0.270136	0.291041	-0.183854	0.040114	-0.033266	-0.172813	0.020904	0.011135	-0.025850	-0.023404	0.002922	-0.032713	-0.023647	0.005608
2024-08-20 21:08:47.076000	0.301580	-0.735575	0.292191	-0.309529	1.054491	0.318917	0.611108	-0.598674	-0.050023	-0.311388	0.492013	0.294135	0.344210	0.455817	0.268894	0.299720	-0.197878	0.050074	-0.042630	-0.186924	0.030827	0.001859	-0.028334	-0.025079	0.004310	-0.035190	-0.025308	0.007000
2024-08-20 21:08:47.338000	0.296013	-0.731290	0.288399	-0.309640	1.048544	0.317254	0.605653	-0.598637	-0.050074	-0.311476	0.486065	0.292473	0.338755	0.449906	0.267180	0.294178	-0.193593	0.046282	-0.042742	-0.182726	0.026998	0.001836	-0.028297	-0.024481	0.003774	-0.035147	-0.024696	0.006470
2024-08-20 21:08:47.601000	0.297802	-0.727685	0.283171	-0.301346	1.043662	0.315977	0.599148	-0.598601	-0.050125	-0.311564	0.481184	0.291196	0.332249	0.445061	0.265852	0.287584	-0.189988	0.041054	-0.034447	-0.179209	0.021732	0.010218	-0.027052	-0.024228	0.003038	-0.033895	-0.024429	0.005739
2024-08-20 21:08:47.863000	0.303170	-0.723214	0.282669	-0.306568	1.050283	0.327069	0.609738	-0.598564	-0.050176	-0.311652	0.487805	0.302287	0.342839	0.451720	0.276893	0.298086	-0.185518	0.040552	-0.039669	-0.174826	0.021193	0.005084	-0.027328	-0.023478	0.002963	-0.034164	-0.023665	0.005669
2024-08-20 21:08:48.125000	0.295616	-0.725063	0.295129	-0.318705	1.044256	0.319192	0.614321	-0.598527	-0.050226	-0.311739	0.481777	0.294411	0.347422	0.445729	0.268966	0.302582	-0.187367	0.053012	-0.051807	-0.176763	0.033615	-0.006966	-0.027608	-0.023485	0.004699	-0.034438	-0.023658	0.007411
2024-08-20 21:08:48.387000	0.307047	-0.720681	0.287087	-0.308824	1.049464	0.328783	0.615870	-0.598490	-0.050277	-0.311827	0.486986	0.304002	0.348972	0.450974	0.278507	0.304043	-0.182984	0.044970	-0.041925	-0.172467	0.025537	0.003003	-0.026455	-0.023148	0.003570	-0.033278	-0.023308	0.006287
2024-08-20 21:08:48.649000	0.303568	-0.720418	0.291138	-0.311526	1.044374	0.323956	0.615094	-0.598453	-0.050327	-0.311915	0.481896	0.299174	0.348195	0.445921	0.273629	0.303179	-0.182721	0.049021	-0.044628	-0.172292	0.029550	0.000388	-0.026152	-0.023086	0.004131	-0.032968	-0.023231	0.006853
2024-08-20 21:08:48.911000	0.303269	-0.726753	0.295551	-0.317483	1.051954	0.325202	0.620753	-0.598416	-0.050378	-0.312002	0.489476	0.300420	0.353854	0.453538	0.274824	0.308751	-0.189056	0.053434	-0.050585	-0.178714	0.033927	-0.005481	-0.027625	-0.023794	0.004743	-0.034435	-0.023925	0.007470
2024-08-20 21:08:49.173000	0.303766	-0.728926	0.287753	-0.309052	1.053991	0.325065	0.612818	-0.598379	-0.050428	-0.312090	0.491513	0.300284	0.345920	0.455612	0.274637	0.300729	-0.191229	0.045636	-0.042153	-0.180975	0.026092	0.003038	-0.027917	-0.024279	0.003648	-0.034721	-0.024396	0.006380
2024-08-20 21:08:49.436000	0.298498	-0.728318	0.289050	-0.312099	1.049865	0.321547	0.610597	-0.598341	-0.050479	-0.312177	0.487387	0.296765	0.343699	0.451524	0.271068	0.298420	-0.190621	0.046933	-0.045200	-0.180456	0.027352	0.000078	-0.028146	-0.024129	0.003824	-0.034943	-0.024232	0.006561
2024-08-20 21:08:49.698000	0.302673	-0.728483	0.290551	-0.316388	1.056993	0.328510	0.619061	-0.598304	-0.050529	-0.312265	0.494515	0.303728	0.352163	0.458689	0.277981	0.306797	-0.190786	0.048434	-0.049490	-0.180708	0.028816	-0.004124	-0.028716	-0.024043	0.004028	-0.035507	-0.024133	0.006771
2024-08-20 21:08:49.960000	0.297206	-0.722293	0.301619	-0.326341	1.044220	0.321927	0.623547	-0.598266	-0.050580	-0.312352	0.481742	0.297146	0.356648	0.445953	0.271348	0.311195	-0.184596	0.059502	-0.059442	-0.174606	0.039847	-0.013989	-0.027356	-0.023044	0.005571	-0.034140	-0.023119	0.008318
2024-08-20 21:08:50.222000	0.297604	-0.724919	0.290705	-0.316601	1.048419	0.323500	0.614205	-0.598229	-0.050630	-0.312439	0.485940	0.298718	0.347306	0.450190	0.272870	0.301766	-0.187222	0.048588	-0.049703	-0.177320	0.028896	-0.004162	-0.028081	-0.023596	0.004040	-0.034858	-0.023657	0.006793
2024-08-20 21:08:50.484000	0.305158	-0.722282	0.290695	-0.312074	1.048819	0.326536	0.617232	-0.598191	-0.050680	-0.312526	0.486340	0.301755	0.350333	0.450627	0.275856	0.304706	-0.184586	0.048578	-0.045175	-0.174771	0.028850	0.000452	-0.026733	-0.023408	0.004033	-0.033504	-0.023455	0.006791
2024-08-20 21:08:50.746000	0.305257	-0.722689	0.289095	-0.315871	1.054723	0.332034	0.621129	-0.598154	-0.050731	-0.312613	0.492244	0.307252	0.354230	0.456569	0.281303	0.308515	-0.184992	0.046978	-0.048973	-0.175266	0.027212	-0.003258	-0.027851	-0.023335	0.003804	-0.034615	-0.023368	0.006568
2024-08-20 21:08:51.008000	0.302872	-0.725135	0.290974	-0.315810	1.052844	0.327708	0.618682	-0.598116	-0.050781	-0.312700	0.490366	0.302927	0.351784	0.454728	0.276928	0.305982	-0.187439	0.048857	-0.048912	-0.177801	0.029054	-0.003110	-0.027938	-0.023695	0.004062	-0.034695	-0.023714	0.006830
2024-08-20 21:08:51.271000	0.296610	-0.727577	0.280204	-0.306740	1.050723	0.323146	0.603350	-0.598078	-0.050831	-0.312787	0.488244	0.298364	0.336451	0.452645	0.272315	0.290562	-0.189880	0.038087	-0.039842	-0.180330	0.018248	0.006047	-0.028729	-0.024203	0.002551	-0.035479	-0.024208	0.005325
2024-08-20 21:08:51.533000	0.293131	-0.726047	0.278633	-0.304590	1.045135	0.319088	0.597721	-0.598040	-0.050881	-0.312874	0.482657	0.294306	0.330822	0.447095	0.268207	0.284847	-0.188350	0.036516	-0.037692	-0.178889	0.016640	0.008284	-0.028342	-0.024066	0.002326	-0.035086	-0.024058	0.005105
2024-08-20 21:08:51.795000	0.289751	-0.725393	0.294637	-0.322477	1.042985	0.317592	0.612228	-0.598002	-0.050931	-0.312961	0.480506	0.292810	0.345330	0.444983	0.266660	0.299267	-0.187696	0.052520	-0.055579	-0.178323	0.032607	-0.009516	-0.028579	-0.023597	0.004558	-0.035316	-0.023574	0.007342
2024-08-20 21:08:52.057000	0.297504	-0.728710	0.292991	-0.321261	1.054483	0.325773	0.618765	-0.597963	-0.050982	-0.313048	0.492004	0.300992	0.351866	0.456519	0.274792	0.305717	-0.191013	0.050875	-0.054362	-0.181728	0.030925	-0.008213	-0.029283	-0.024070	0.004323	-0.036014	-0.024033	0.007112
2024-08-20 21:08:52.319000	0.294721	-0.718234	0.289900	-0.316327	1.039383	0.321148	0.611048	-0.597925	-0.051032	-0.313134	0.476904	0.296367	0.344150	0.441458	0.270117	0.297914	-0.180538	0.047783	-0.049429	-0.171341	0.027797	-0.003193	-0.026999	-0.022826	0.003886	-0.033722	-0.022775	0.006680
2024-08-20 21:08:52.581000	0.295814	-0.727025	0.293424	-0.321007	1.050423	0.323398	0.616821	-0.597887	-0.051082	-0.313221	0.487945	0.298616	0.349923	0.452536	0.272316	0.303601	-0.189329	0.051307	-0.054108	-0.180220	0.031285	-0.007786	-0.028853	-0.023889	0.004374	-0.035570	-0.023824	0.007173
2024-08-20 21:08:52.843000	0.294522	-0.723287	0.298116	-0.326513	1.046206	0.322920	0.621035	-0.597848	-0.051132	-0.313307	0.483728	0.298138	0.354137	0.448358	0.271788	0.307728	-0.185590	0.055999	-0.059615	-0.176570	0.035940	-0.013206	-0.028321	-0.023285	0.005024	-0.035031	-0.023205	0.007829
2024-08-20 21:08:53.106000	0.300983	-0.728035	0.282420	-0.311110	1.057708	0.329673	0.612094	-0.597810	-0.051182	-0.313394	0.495230	0.304892	0.345195	0.459899	0.278492	0.298699	-0.190338	0.040303	-0.044212	-0.181407	0.020208	0.002284	-0.029273	-0.024246	0.002825	-0.035976	-0.024152	0.005634
2024-08-20 21:08:53.368000	0.295516	-0.722061	0.296793	-0.324921	1.045705	0.323644	0.620437	-0.597771	-0.051232	-0.313481	0.483226	0.298862	0.353539	0.447934	0.272412	0.306957	-0.184364	0.054677	-0.058023	-0.175521	0.034544	-0.011441	-0.028057	-0.023187	0.004829	-0.034753	-0.023080	0.007644
2024-08-20 21:08:53.630000	0.294820	-0.730116	0.289294	-0.319091	1.054733	0.324617	0.613911	-0.597732	-0.051281	-0.313567	0.492254	0.299836	0.347012	0.457000	0.273336	0.300344	-0.192419	0.047177	-0.052192	-0.183665	0.027008	-0.005524	-0.029880	-0.024368	0.003776	-0.036569	-0.024247	0.006595
2024-08-20 21:08:53.892000	0.308736	-0.724837	0.290248	-0.317037	1.060362	0.335526	0.625774	-0.597694	-0.051331	-0.313653	0.497884	0.310744	0.358875	0.462669	0.284194	0.312121	-0.187140	0.048131	-0.050139	-0.178474	0.027926	-0.003384	-0.028332	-0.023762	0.003904	-0.035014	-0.023627	0.006729
2024-08-20 21:08:54.154000	0.297107	-0.724656	0.290974	-0.317712	1.048501	0.323845	0.614818	-0.597655	-0.051381	-0.313739	0.486023	0.299063	0.347920	0.450846	0.272464	0.301079	-0.186960	0.048857	-0.050813	-0.178383	0.028615	-0.003972	-0.028295	-0.023739	0.004000	-0.034971	-0.023590	0.006830
2024-08-20 21:08:54.416000	0.299592	-0.725800	0.290511	-0.318964	1.053844	0.328044	0.618555	-0.597616	-0.051431	-0.313825	0.491365	0.303262	0.351657	0.456228	0.276613	0.304730	-0.188103	0.048394	-0.052065	-0.179615	0.028117	-0.005139	-0.028843	-0.023859	0.003931	-0.035511	-0.023695	0.006766
2024-08-20 21:08:54.678000	0.298101	-0.730703	0.294433	-0.317889	1.052259	0.321557	0.615990	-0.597577	-0.051480	-0.313911	0.489781	0.296775	0.349091	0.454683	0.270077	0.302078	-0.193006	0.052316	-0.050990	-0.184606	0.032002	-0.003978	-0.028798	-0.024598	0.004474	-0.035459	-0.024421	0.007314
2024-08-20 21:08:54.941000	0.301281	-0.727257	0.289507	-0.318741	1.057772	0.330515	0.620022	-0.597537	-0.051530	-0.313998	0.495294	0.305733	0.353124	0.460235	0.278984	0.306025	-0.189561	0.047391	-0.051842	-0.181250	0.027040	-0.004743	-0.029277	-0.024075	0.003780	-0.035932	-0.023883	0.006625
2024-08-20 21:08:55.203000	0.299095	-0.731151	0.286943	-0.311673	1.054975	0.323825	0.610768	-0.597498	-0.051580	-0.314084	0.492497	0.299043	0.343869	0.457477	0.272245	0.296684	-0.193454	0.044826	-0.044775	-0.185232	0.024439	0.002410	-0.029143	-0.024802	0.003417	-0.035791	-0.024596	0.006267
2024-08-20 21:08:55.465000	0.303965	-0.724796	0.285323	-0.311029	1.054467	0.329672	0.614994	-0.597459	-0.051629	-0.314169	0.491989	0.304890	0.348096	0.457009	0.278042	0.300825	-0.187099	0.043206	-0.044131	-0.178966	0.022783	0.003140	-0.028161	-0.023980	0.003185	-0.034802	-0.023760	0.006040
2024-08-20 21:08:55.727000	0.292137	-0.728514	0.287331	-0.314502	1.047822	0.319308	0.606639	-0.597419	-0.051679	-0.314255	0.485344	0.294527	0.339740	0.450403	0.267629	0.292384	-0.190817	0.045214	-0.047604	-0.182774	0.024754	-0.000247	-0.029137	-0.024395	0.003461	-0.035770	-0.024161	0.006321
2024-08-20 21:08:55.989000	0.297305	-0.725985	0.292718	-0.320860	1.051433	0.325447	0.618165	-0.597380	-0.051728	-0.314341	0.488954	0.300666	0.351267	0.454053	0.273719	0.303825	-0.188288	0.050601	-0.053961	-0.180334	0.030106	-0.006519	-0.028858	-0.023931	0.004209	-0.035485	-0.023683	0.007074
2024-08-20 21:08:56.251000	0.290049	-0.725455	0.290984	-0.322503	1.047023	0.321568	0.612552	-0.597340	-0.051778	-0.314426	0.484545	0.296787	0.345653	0.449683	0.269790	0.298125	-0.187758	0.048867	-0.055604	-0.179893	0.028335	-0.008076	-0.029415	-0.023803	0.003961	-0.036035	-0.023541	0.006832
2024-08-20 21:08:56.513000	0.295019	-0.727221	0.287097	-0.314690	1.049833	0.322612	0.609709	-0.597300	-0.051827	-0.314512	0.487355	0.297830	0.342810	0.452533	0.270785	0.295197	-0.189524	0.044980	-0.047791	-0.181748	0.024412	-0.000178	-0.028999	-0.024258	0.003413	-0.035612	-0.023982	0.006288
2024-08-20 21:08:56.776000	0.293926	-0.725620	0.292365	-0.319430	1.046610	0.320991	0.613356	-0.597261	-0.051877	-0.314598	0.484132	0.296209	0.346458	0.449350	0.269114	0.298758	-0.187923	0.050248	-0.052532	-0.180236	0.029644	-0.004832	-0.028605	-0.023968	0.004144	-0.035211	-0.023677	0.007025
2024-08-20 21:08:57.038000	0.293329	-0.721268	0.292842	-0.321930	1.043685	0.322417	0.615259	-0.597221	-0.051926	-0.314683	0.481206	0.297635	0.348361	0.446464	0.270491	0.300576	-0.183571	0.050725	-0.055031	-0.175973	0.030085	-0.007247	-0.028194	-0.023332	0.004206	-0.034792	-0.023027	0.007091
2024-08-20 21:08:57.300000	0.297405	-0.725393	0.291063	-0.317854	1.049588	0.324195	0.615258	-0.597181	-0.051976	-0.314769	0.487110	0.299414	0.348360	0.452407	0.272220	0.300490	-0.187696	0.048946	-0.050955	-0.180188	0.028270	-0.003085	-0.028526	-0.024002	0.003952	-0.035117	-0.023683	0.006843
2024-08-20 21:08:57.562000	0.292634	-0.728205	0.296098	-0.328739	1.053480	0.325275	0.621372	-0.597141	-0.052025	-0.314854	0.491001	0.300493	0.354474	0.456339	0.273250	0.306519	-0.190508	0.053981	-0.061840	-0.183089	0.033269	-0.013885	-0.030172	-0.024093	0.004651	-0.036756	-0.023760	0.007547
2024-08-20 21:08:57.824000	0.300784	-0.723766	0.290263	-0.318137	1.052424	0.328659	0.618922	-0.597101	-0.052074	-0.314939	0.489946	0.303877	0.352023	0.455324	0.276585	0.303983	-0.186069	0.048146	-0.051239	-0.178739	0.027398	-0.003198	-0.028447	-0.023797	0.003830	-0.035024	-0.023450	0.006731
2024-08-20 21:08:58.086000	0.292335	-0.724317	0.295854	-0.327187	1.047985	0.323669	0.619523	-0.597060	-0.052123	-0.315024	0.485507	0.298887	0.352624	0.450925	0.271545	0.304499	-0.186620	0.053737	-0.060289	-0.179380	0.032953	-0.012163	-0.029216	-0.023656	0.004607	-0.035786	-0.023294	0.007512
2024-08-20 21:08:58.348000	0.302275	-0.725959	0.284870	-0.315177	1.058541	0.332581	0.617452	-0.597020	-0.052173	-0.315109	0.496063	0.307800	0.350553	0.461521	0.280409	0.302343	-0.188263	0.042754	-0.048278	-0.181112	0.021934	-0.000067	-0.029337	-0.024150	0.003066	-0.035900	-0.023775	0.005977
2024-08-20 21:08:58.611000	0.291540	-0.722967	0.296078	-0.325854	1.044284	0.321316	0.617394	-0.596980	-0.052222	-0.315195	0.481805	0.296535	0.350496	0.447304	0.269095	0.302200	-0.185271	0.053961	-0.058955	-0.178210	0.033105	-0.010659	-0.028682	-0.023551	0.004628	-0.035237	-0.023162	0.007544
2024-08-20 21:08:58.873000	0.293329	-0.730692	0.288851	-0.316551	1.051721	0.321028	0.609880	-0.596939	-0.052271	-0.315279	0.489242	0.296247	0.342981	0.454782	0.268758	0.294600	-0.192996	0.046734	-0.049652	-0.186024	0.025843	-0.001271	-0.029726	-0.024804	0.003613	-0.036274	-0.024400	0.006533
2024-08-20 21:08:59.135000	0.294622	-0.728854	0.297181	-0.325301	1.051596	0.322742	0.619923	-0.596898	-0.052320	-0.315364	0.489117	0.297960	0.353024	0.454697	0.270422	0.304559	-0.191157	0.055064	-0.058403	-0.184275	0.034137	-0.009937	-0.029468	-0.024387	0.004772	-0.036009	-0.023969	0.007698
2024-08-20 21:08:59.397000	0.297802	-0.727834	0.292514	-0.323238	1.056360	0.328526	0.621040	-0.596858	-0.052369	-0.315449	0.493882	0.303744	0.354142	0.459502	0.276157	0.305591	-0.190137	0.050397	-0.056339	-0.183345	0.029434	-0.007789	-0.029788	-0.024280	0.004115	-0.036322	-0.023848	0.007046
2024-08-20 21:08:59.659000	0.298995	-0.725949	0.288220	-0.315177	1.051901	0.325952	0.614172	-0.596817	-0.052418	-0.315534	0.489422	0.301170	0.347273	0.455084	0.273534	0.298638	-0.188252	0.046103	-0.048278	-0.181550	0.025104	0.000357	-0.028727	-0.024257	0.003510	-0.035254	-0.023811	0.006445
2024-08-20 21:08:59.921000	0.299890	-0.727494	0.283663	-0.312773	1.056495	0.329000	0.612663	-0.596776	-0.052467	-0.315619	0.494016	0.304219	0.345765	0.459718	0.276534	0.297045	-0.189797	0.041546	-0.045875	-0.183185	0.020511	0.002845	-0.029436	-0.024502	0.002867	-0.035955	-0.024041	0.005808
2024-08-20 21:09:00.183000	0.298995	-0.722607	0.285760	-0.314705	1.050547	0.327940	0.613700	-0.596735	-0.052516	-0.315703	0.488069	0.303159	0.346802	0.453812	0.275424	0.297997	-0.184910	0.043643	-0.047806	-0.178387	0.022573	0.000998	-0.028505	-0.023832	0.003156	-0.035017	-0.023358	0.006101
2024-08-20 21:09:00.446000	0.291938	-0.726217	0.291257	-0.322264	1.049162	0.322945	0.614202	-0.596694	-0.052565	-0.315788	0.486684	0.298164	0.347304	0.452468	0.270380	0.298414	-0.188520	0.049140	-0.055366	-0.182088	0.028034	-0.006476	-0.029573	-0.024141	0.003919	-0.036078	-0.023652	0.006870
2024-08-20 21:09:00.708000	0.291938	-0.729204	0.285367	-0.314462	1.050236	0.321032	0.606399	-0.596653	-0.052614	-0.315872	0.487758	0.296250	0.339501	0.453583	0.268418	0.290527	-0.191507	0.043251	-0.047563	-0.185164	0.022109	0.001411	-0.029771	-0.024735	0.003091	-0.036268	-0.024232	0.006046
2024-08-20 21:09:00.970000	0.297305	-0.727520	0.288742	-0.317747	1.053830	0.326310	0.615052	-0.596612	-0.052662	-0.315957	0.491352	0.301529	0.348154	0.457218	0.273648	0.299096	-0.189823	0.046625	-0.050848	-0.183570	0.025448	-0.001790	-0.029447	-0.024459	0.003558	-0.035937	-0.023942	0.006518
2024-08-20 21:09:01.232000	0.296709	-0.718899	0.289463	-0.313853	1.039998	0.321100	0.610562	-0.596571	-0.052711	-0.316041	0.477520	0.296318	0.343664	0.443428	0.268388	0.294521	-0.181202	0.047346	-0.046955	-0.175039	0.026133	0.002188	-0.026973	-0.023468	0.003653	-0.033455	-0.022937	0.006619
2024-08-20 21:09:01.494000	0.301381	-0.728282	0.284796	-0.309098	1.053965	0.325683	0.610478	-0.596529	-0.052760	-0.316125	0.491486	0.300901	0.343580	0.457435	0.272923	0.294353	-0.190585	0.042679	-0.042199	-0.184513	0.021431	0.007028	-0.028703	-0.024822	0.002996	-0.035179	-0.024276	0.005967
2024-08-20 21:09:01.756000	0.302772	-0.727077	0.281158	-0.307409	1.056101	0.329024	0.610182	-0.596488	-0.052809	-0.316209	0.493622	0.304242	0.343283	0.459613	0.276215	0.293972	-0.189380	0.039041	-0.040511	-0.183398	0.017757	0.008800	-0.028864	-0.024691	0.002482	-0.035332	-0.024131	0.005458
2024-08-20 21:09:02.018000	0.297902	-0.730234	0.285904	-0.315942	1.058174	0.327940	0.613844	-0.596446	-0.052857	-0.316294	0.495695	0.303158	0.346945	0.461727	0.275083	0.297550	-0.192537	0.043787	-0.049044	-0.186645	0.022468	0.000351	-0.030179	-0.024900	0.003141	-0.036639	-0.024326	0.006121
2024-08-20 21:09:02.280000	0.301878	-0.718070	0.292266	-0.321970	1.049652	0.331582	0.623848	-0.596405	-0.052906	-0.316378	0.487174	0.306801	0.356950	0.453247	0.278677	0.307471	-0.180373	0.050149	-0.055072	-0.174571	0.028794	-0.005593	-0.027866	-0.023186	0.004025	-0.034319	-0.022598	0.007011
2024-08-20 21:09:02.543000	0.296212	-0.729189	0.285422	-0.313823	1.053801	0.324613	0.610035	-0.596363	-0.052955	-0.316462	0.491323	0.299831	0.343136	0.457438	0.271658	0.293573	-0.191492	0.043305	-0.046924	-0.185780	0.021915	0.002639	-0.029686	-0.024853	0.003064	-0.036132	-0.024251	0.006054
2024-08-20 21:09:02.805000	0.303766	-0.723122	0.287629	-0.314426	1.053686	0.330564	0.618193	-0.596321	-0.053003	-0.316546	0.491207	0.305782	0.351294	0.457364	0.277561	0.301647	-0.185425	0.045512	-0.047528	-0.179804	0.024086	0.002120	-0.028262	-0.024072	0.003367	-0.034700	-0.023455	0.006363
2024-08-20 21:09:03.067000	0.294423	-0.726974	0.287997	-0.318345	1.051746	0.324772	0.612768	-0.596279	-0.053051	-0.316630	0.489267	0.299990	0.345870	0.455466	0.271720	0.296139	-0.189277	0.045880	-0.051447	-0.183746	0.024419	-0.001716	-0.029663	-0.024473	0.003414	-0.036094	-0.023842	0.006414
2024-08-20 21:09:03.329000	0.298896	-0.721922	0.286038	-0.313838	1.048617	0.326695	0.612734	-0.596237	-0.053100	-0.316713	0.486139	0.301914	0.345835	0.452380	0.273596	0.296021	-0.184225	0.043921	-0.046940	-0.178784	0.022425	0.002875	-0.028247	-0.023943	0.003135	-0.034671	-0.023298	0.006140
2024-08-20 21:09:03.591000	0.297405	-0.721314	0.295382	-0.326067	1.049404	0.328090	0.623472	-0.596195	-0.053148	-0.316797	0.486925	0.303308	0.356573	0.453208	0.274941	0.306675	-0.183617	0.053265	-0.059168	-0.178267	0.031733	-0.009270	-0.028690	-0.023588	0.004436	-0.035106	-0.022929	0.007446
2024-08-20 21:09:03.853000	0.297802	-0.729101	0.288215	-0.319040	1.057728	0.328627	0.616842	-0.596153	-0.053197	-0.316881	0.495250	0.303845	0.349944	0.461575	0.275430	0.299962	-0.191404	0.046098	-0.052141	-0.186144	0.024531	-0.002159	-0.030170	-0.024776	0.003429	-0.036579	-0.024103	0.006445
2024-08-20 21:09:04.115000	0.293429	-0.729008	0.286819	-0.314264	1.049882	0.320874	0.607693	-0.596111	-0.053245	-0.316964	0.487404	0.296092	0.340794	0.453771	0.267629	0.290729	-0.191312	0.044702	-0.047365	-0.186142	0.023100	0.002700	-0.029514	-0.024916	0.003229	-0.035915	-0.024229	0.006249
2024-08-20 21:09:04.378000	0.295317	-0.733030	0.288971	-0.319816	1.059193	0.326162	0.615133	-0.596069	-0.053293	-0.317048	0.496714	0.301381	0.348234	0.463124	0.272869	0.298085	-0.195334	0.046854	-0.052917	-0.190255	0.025216	-0.002768	-0.030917	-0.025307	0.003525	-0.037310	-0.024605	0.006550
2024-08-20 21:09:04.640000	0.299194	-0.719826	0.284264	-0.315967	1.050723	0.330897	0.615161	-0.596026	-0.053342	-0.317131	0.488245	0.306116	0.348263	0.454697	0.277556	0.298030	-0.182129	0.042147	-0.049069	-0.177141	0.020475	0.001164	-0.028646	-0.023649	0.002862	-0.035032	-0.022933	0.005892
2024-08-20 21:09:04.902000	0.292634	-0.724548	0.297867	-0.329748	1.049063	0.324514	0.622381	-0.595984	-0.053390	-0.317215	0.486584	0.299733	0.355483	0.453079	0.271124	0.305167	-0.186852	0.055750	-0.062849	-0.181955	0.034042	-0.012533	-0.029554	-0.023996	0.004759	-0.035932	-0.023265	0.007794
2024-08-20 21:09:05.164000	0.300188	-0.728256	0.285313	-0.311592	1.054724	0.326467	0.611780	-0.595941	-0.053438	-0.317298	0.492245	0.301686	0.344881	0.458782	0.273029	0.294482	-0.190560	0.043196	-0.044693	-0.185753	0.021453	0.005706	-0.029182	-0.024943	0.002999	-0.035553	-0.024199	0.006039
2024-08-20 21:09:05.426000	0.301381	-0.726583	0.281550	-0.312768	1.059181	0.332599	0.614149	-0.595899	-0.053486	-0.317381	0.496703	0.307817	0.347251	0.463283	0.279112	0.296768	-0.188886	0.039434	-0.045870	-0.184170	0.017656	0.004613	-0.029829	-0.024657	0.002468	-0.036192	-0.023898	0.005513
2024-08-20 21:09:05.688000	0.302275	-0.712951	0.286685	-0.323674	1.052215	0.339265	0.625949	-0.595856	-0.053534	-0.317464	0.489737	0.314483	0.359051	0.456359	0.285730	0.308485	-0.175254	0.044568	-0.056775	-0.170629	0.022755	-0.006210	-0.028415	-0.022578	0.003181	-0.034770	-0.021804	0.006231
2024-08-20 21:09:05.950000	0.307941	-0.704762	0.284383	-0.322300	1.050620	0.345858	0.630241	-0.595813	-0.053582	-0.317547	0.488141	0.321076	0.363343	0.454807	0.292275	0.312694	-0.167065	0.042266	-0.055401	-0.162531	0.020419	-0.004753	-0.027085	-0.021530	0.002855	-0.033433	-0.020742	0.005909
2024-08-20 21:09:06.213000	0.311321	-0.703505	0.292917	-0.330437	1.052347	0.348841	0.641758	-0.595770	-0.053631	-0.317630	0.489868	0.324060	0.374859	0.456577	0.295211	0.324128	-0.165809	0.050800	-0.063539	-0.161366	0.028917	-0.012807	-0.026779	-0.021212	0.004043	-0.033119	-0.020410	0.007102
2024-08-20 21:09:06.475000	0.306550	-0.706631	0.285586	-0.322574	1.050169	0.343537	0.629123	-0.595727	-0.053679	-0.317713	0.487690	0.318756	0.362225	0.454442	0.289859	0.311410	-0.168935	0.043469	-0.055675	-0.164583	0.021551	-0.004860	-0.027268	-0.021810	0.003013	-0.033601	-0.020994	0.006077
2024-08-20 21:09:06.737000	0.317981	-0.694230	0.276188	-0.320966	1.056990	0.362759	0.638947	-0.595684	-0.053726	-0.317796	0.494511	0.337978	0.372049	0.461306	0.309033	0.321151	-0.156534	0.034071	-0.054068	-0.152273	0.012118	-0.003170	-0.026478	-0.020134	0.001694	-0.032803	-0.019303	0.004763
2024-08-20 21:09:06.999000	0.309134	-0.703464	0.280651	-0.317894	1.049841	0.346377	0.627028	-0.595641	-0.053774	-0.317879	0.487363	0.321596	0.360130	0.454201	0.292603	0.309149	-0.165768	0.038534	-0.050996	-0.161598	0.016546	-0.000015	-0.026749	-0.021516	0.002313	-0.033066	-0.020671	0.005387
2024-08-20 21:09:07.261000	0.313011	-0.701888	0.284791	-0.327806	1.057914	0.356026	0.640817	-0.595598	-0.053822	-0.317962	0.495436	0.331244	0.373918	0.462316	0.302203	0.322855	-0.164192	0.042674	-0.060907	-0.160113	0.020652	-0.009844	-0.027569	-0.021049	0.002887	-0.033878	-0.020190	0.005966
2024-08-20 21:09:07.523000	0.314601	-0.695940	0.282977	-0.325626	1.053190	0.357250	0.640227	-0.595554	-0.053870	-0.318044	0.490712	0.332468	0.373328	0.457636	0.303380	0.322183	-0.158243	0.040860	-0.058727	-0.154256	0.018803	-0.007582	-0.026406	-0.020328	0.002629	-0.032707	-0.019455	0.005712
2024-08-20 21:09:07.785000	0.316490	-0.691176	0.277878	-0.321367	1.051155	0.359979	0.637857	-0.595511	-0.053918	-0.318127	0.488677	0.335197	0.370958	0.455644	0.306061	0.319730	-0.153480	0.035761	-0.054468	-0.149583	0.013669	-0.003240	-0.025695	-0.019794	0.001911	-0.031989	-0.018906	0.004999
2024-08-20 21:09:08.048000	0.323050	-0.686104	0.275119	-0.323532	1.057566	0.371463	0.646582	-0.595467	-0.053966	-0.318209	0.495088	0.346681	0.379683	0.462099	0.317497	0.328372	-0.148407	0.033002	-0.056633	-0.144602	0.010876	-0.005322	-0.025709	-0.019038	0.001520	-0.031995	-0.018136	0.004614
2024-08-20 21:09:08.310000	0.322851	-0.685728	0.285482	-0.331228	1.054325	0.368598	0.654079	-0.595424	-0.054013	-0.318292	0.491847	0.343816	0.387181	0.458902	0.314584	0.335788	-0.148031	0.043365	-0.064330	-0.144317	0.021203	-0.012936	-0.025130	-0.018871	0.002964	-0.031408	-0.017954	0.006062
2024-08-20 21:09:08.572000	0.317086	-0.685774	0.288528	-0.335015	1.049347	0.363573	0.652101	-0.595380	-0.054061	-0.318374	0.486869	0.338791	0.385203	0.453967	0.309512	0.333727	-0.148077	0.046411	-0.068117	-0.144455	0.024215	-0.016641	-0.025287	-0.018803	0.003385	-0.031557	-0.017873	0.006488
2024-08-20 21:09:08.834000	0.326330	-0.661765	0.287102	-0.342088	1.043081	0.381316	0.668418	-0.595336	-0.054109	-0.318456	0.480603	0.356535	0.401520	0.447745	0.327208	0.349962	-0.124068	0.044985	-0.075190	-0.120537	0.022754	-0.023632	-0.022478	-0.015405	0.003181	-0.028741	-0.014460	0.006289
2024-08-20 21:09:09.096000	0.322354	-0.669871	0.289875	-0.341814	1.044164	0.374293	0.664169	-0.595292	-0.054156	-0.318539	0.481686	0.349512	0.397270	0.448872	0.320137	0.345630	-0.132174	0.047758	-0.074916	-0.128735	0.025493	-0.023276	-0.023401	-0.016529	0.003564	-0.029656	-0.015570	0.006677
2024-08-20 21:09:09.358000	0.326529	-0.681196	0.276700	-0.322325	1.053350	0.372154	0.648854	-0.595249	-0.054204	-0.318621	0.490872	0.347373	0.381956	0.458102	0.317951	0.330234	-0.143499	0.034583	-0.055427	-0.140151	0.012283	-0.003705	-0.024304	-0.018518	0.001717	-0.030551	-0.017544	0.004835
2024-08-20 21:09:09.620000	0.329113	-0.675253	0.278564	-0.330544	1.056346	0.381094	0.659657	-0.595205	-0.054251	-0.318703	0.493868	0.356312	0.392759	0.461142	0.326842	0.340954	-0.137556	0.036447	-0.063645	-0.134299	0.014112	-0.011841	-0.024428	-0.017504	0.001973	-0.030667	-0.016516	0.005095
2024-08-20 21:09:09.883000	0.326827	-0.677462	0.277634	-0.330209	1.056864	0.379402	0.657036	-0.595160	-0.054299	-0.318785	0.494386	0.354621	0.390138	0.461704	0.325103	0.338251	-0.139765	0.035517	-0.063311	-0.136601	0.013148	-0.011424	-0.024960	-0.017811	0.001838	-0.031191	-0.016808	0.004965
2024-08-20 21:09:10.145000	0.341936	-0.650466	0.280030	-0.335421	1.047793	0.397327	0.677357	-0.595116	-0.054346	-0.318867	0.485315	0.372546	0.410458	0.452677	0.342981	0.358490	-0.112769	0.037913	-0.068522	-0.109696	0.015509	-0.016554	-0.020507	-0.014121	0.002168	-0.026730	-0.013104	0.005300
2024-08-20 21:09:10.407000	0.329809	-0.655708	0.284865	-0.340222	1.040874	0.385166	0.670032	-0.595072	-0.054394	-0.318949	0.478396	0.360384	0.403133	0.445802	0.330772	0.351083	-0.118012	0.042749	-0.073324	-0.115030	0.020311	-0.021274	-0.021476	-0.014726	0.002839	-0.027691	-0.013695	0.005976
2024-08-20 21:09:10.669000	0.342234	-0.656460	0.270318	-0.329291	1.057668	0.401207	0.671526	-0.595028	-0.054441	-0.319030	0.495189	0.376426	0.404627	0.462640	0.346766	0.352495	-0.118763	0.028201	-0.062393	-0.115874	0.005729	-0.010261	-0.022325	-0.015029	0.000801	-0.028533	-0.013984	0.003943
2024-08-20 21:09:10.931000	0.334083	-0.652783	0.282500	-0.340334	1.044701	0.391918	0.674417	-0.594983	-0.054488	-0.319112	0.482222	0.367136	0.407519	0.449717	0.337429	0.355305	-0.115086	0.040383	-0.073435	-0.112288	0.017876	-0.021222	-0.021426	-0.014339	0.002499	-0.027626	-0.013279	0.005646
2024-08-20 21:09:11.193000	0.348397	-0.640887	0.276387	-0.334914	1.047811	0.406924	0.683311	-0.594939	-0.054536	-0.319194	0.485333	0.382143	0.416412	0.452872	0.352389	0.364117	-0.103190	0.034270	-0.068015	-0.100484	0.011729	-0.015720	-0.019368	-0.012889	0.001640	-0.025559	-0.011815	0.004791
2024-08-20 21:09:11.455000	0.342433	-0.643456	0.273688	-0.336744	1.048946	0.405489	0.679177	-0.594894	-0.054583	-0.319275	0.486467	0.380708	0.412279	0.454052	0.350906	0.359902	-0.105760	0.031571	-0.069846	-0.103145	0.008996	-0.017469	-0.020721	-0.013153	0.001258	-0.026905	-0.012065	0.004414
2024-08-20 21:09:11.718000	0.340644	-0.644131	0.271412	-0.332744	1.046107	0.401976	0.673388	-0.594849	-0.054630	-0.319357	0.483629	0.377195	0.406489	0.451258	0.347346	0.354031	-0.106434	0.029295	-0.065846	-0.103912	0.006685	-0.013387	-0.020525	-0.013360	0.000935	-0.026701	-0.012257	0.004095
2024-08-20 21:09:11.980000	0.338159	-0.635093	0.276238	-0.340177	1.037191	0.402098	0.678336	-0.594804	-0.054677	-0.319438	0.474712	0.377316	0.411437	0.442386	0.347421	0.358897	-0.097396	0.034121	-0.073278	-0.094966	0.011477	-0.020738	-0.019356	-0.011996	0.001604	-0.025524	-0.010879	0.004770
2024-08-20 21:09:12.242000	0.338457	-0.644837	0.272600	-0.334316	1.045010	0.400173	0.672773	-0.594760	-0.054724	-0.319520	0.482532	0.375392	0.405874	0.450250	0.345449	0.353253	-0.107140	0.030483	-0.067417	-0.104801	0.007804	-0.014796	-0.020745	-0.013445	0.001091	-0.026904	-0.012313	0.004261
2024-08-20 21:09:12.504000	0.339749	-0.642972	0.276029	-0.341388	1.048081	0.405109	0.681138	-0.594715	-0.054772	-0.319601	0.485603	0.380327	0.414239	0.453366	0.350337	0.361537	-0.105276	0.033912	-0.074490	-0.103029	0.011199	-0.021788	-0.021104	-0.013024	0.001566	-0.027255	-0.011878	0.004741
2024-08-20 21:09:12.766000	0.354460	-0.623969	0.269578	-0.340922	1.049773	0.425805	0.695382	-0.594670	-0.054819	-0.319682	0.487295	0.401023	0.428484	0.455104	0.370986	0.375700	-0.086272	0.027461	-0.074023	-0.084118	0.004714	-0.021240	-0.018744	-0.010472	0.000659	-0.024887	-0.009312	0.003839
2024-08-20 21:09:13.028000	0.343328	-0.642313	0.268196	-0.334316	1.051760	0.409447	0.677643	-0.594625	-0.054866	-0.319763	0.489282	0.384666	0.410745	0.457136	0.354582	0.357880	-0.104616	0.026079	-0.067417	-0.102554	0.003299	-0.014553	-0.021148	-0.013105	0.000461	-0.027284	-0.011931	0.003646
2024-08-20 21:09:13.290000	0.343427	-0.629557	0.267500	-0.338848	1.044332	0.414775	0.682275	-0.594579	-0.054913	-0.319844	0.481853	0.389993	0.415377	0.449752	0.359863	0.362431	-0.091860	0.025383	-0.071950	-0.089890	0.002569	-0.019004	-0.019797	-0.011282	0.000359	-0.025924	-0.010093	0.003549
2024-08-20 21:09:13.553000	0.356250	-0.614982	0.266158	-0.344699	1.049772	0.434790	0.700949	-0.594534	-0.054960	-0.319925	0.487294	0.410009	0.434050	0.455238	0.379831	0.381023	-0.077285	0.024041	-0.077801	-0.075408	0.001193	-0.024774	-0.018485	-0.009169	0.000167	-0.024604	-0.007966	0.003361
2024-08-20 21:09:13.815000	0.349192	-0.613010	0.270055	-0.349627	1.041774	0.428765	0.698819	-0.594489	-0.055006	-0.320006	0.479296	0.403983	0.431921	0.447285	0.373758	0.378813	-0.075313	0.027938	-0.082729	-0.073527	0.005055	-0.029621	-0.018324	-0.008808	0.000707	-0.024435	-0.007590	0.003906
2024-08-20 21:09:14.077000	0.359232	-0.608416	0.273574	-0.349942	1.044015	0.435599	0.709173	-0.594443	-0.055053	-0.320087	0.481537	0.410818	0.442275	0.449572	0.380546	0.389086	-0.070719	0.031457	-0.083043	-0.069026	0.008540	-0.029854	-0.016864	-0.008246	0.001194	-0.022967	-0.007013	0.004398
2024-08-20 21:09:14.339000	0.367780	-0.592312	0.270676	-0.350236	1.039651	0.447339	0.718016	-0.594398	-0.055100	-0.320168	0.477173	0.422558	0.451117	0.445253	0.392239	0.397848	-0.054615	0.028559	-0.083337	-0.053014	0.005608	-0.030068	-0.014504	-0.006092	0.000784	-0.020598	-0.004846	0.003993
2024-08-20 21:09:14.601000	0.355951	-0.618108	0.265149	-0.338073	1.046983	0.428875	0.694024	-0.594352	-0.055147	-0.320248	0.484504	0.404093	0.427126	0.452630	0.373728	0.373776	-0.080411	0.023033	-0.071174	-0.078903	0.000048	-0.017824	-0.018020	-0.009842	0.000007	-0.024107	-0.008580	0.003220
2024-08-20 21:09:14.863000	0.367382	-0.591982	0.263226	-0.347594	1.043733	0.451750	0.714977	-0.594307	-0.055194	-0.320329	0.481254	0.426969	0.448078	0.449426	0.396557	0.394647	-0.054285	0.021109	-0.080696	-0.052869	-0.001909	-0.027265	-0.015385	-0.006079	-0.000267	-0.021464	-0.004804	0.002951
2024-08-20 21:09:15.125000	0.365096	-0.595005	0.268574	-0.354312	1.045839	0.450834	0.719408	-0.594261	-0.055240	-0.320410	0.483361	0.426053	0.452510	0.451579	0.395594	0.398999	-0.057309	0.026457	-0.087413	-0.055985	0.003404	-0.033902	-0.016213	-0.006336	0.000476	-0.022283	-0.005046	0.003699
2024-08-20 21:09:15.388000	0.365593	-0.591447	0.267550	-0.351397	1.040886	0.449440	0.716990	-0.594215	-0.055287	-0.320490	0.478408	0.424658	0.450091	0.446672	0.394153	0.396500	-0.053750	0.025433	-0.084498	-0.052519	0.002347	-0.030906	-0.015200	-0.005964	0.000328	-0.021262	-0.004659	0.003556
2024-08-20 21:09:15.650000	0.378018	-0.584916	0.265314	-0.351067	1.048688	0.463772	0.729085	-0.594169	-0.055334	-0.320571	0.486210	0.438990	0.462187	0.454519	0.408438	0.408515	-0.047220	0.023197	-0.084169	-0.046081	0.000076	-0.030496	-0.014366	-0.005102	0.000011	-0.020419	-0.003783	0.003243
2024-08-20 21:09:15.912000	0.368178	-0.576718	0.267028	-0.357100	1.034967	0.458250	0.725278	-0.594123	-0.055380	-0.320651	0.472489	0.433468	0.458379	0.440844	0.402870	0.404627	-0.039021	0.024911	-0.090202	-0.037975	0.001757	-0.036449	-0.013682	-0.003859	0.000246	-0.019728	-0.002525	0.003483
2024-08-20 21:09:16.174000	0.370364	-0.588655	0.267212	-0.355118	1.046926	0.458270	0.725482	-0.594077	-0.055427	-0.320731	0.484447	0.433489	0.458584	0.452849	0.402844	0.404751	-0.050959	0.025095	-0.088219	-0.050005	0.001908	-0.034387	-0.015486	-0.005515	0.000267	-0.021523	-0.004167	0.003508
2024-08-20 21:09:16.436000	0.367879	-0.589309	0.260642	-0.347478	1.044025	0.454715	0.715357	-0.594031	-0.055473	-0.320811	0.481546	0.429934	0.448458	0.449994	0.399242	0.394546	-0.051613	0.018525	-0.080579	-0.050752	-0.004696	-0.026666	-0.015414	-0.005788	-0.000657	-0.021443	-0.004426	0.002590
2024-08-20 21:09:16.698000	0.367581	-0.577217	0.266700	-0.352913	1.031011	0.453794	0.720494	-0.593984	-0.055520	-0.320891	0.468532	0.429012	0.453595	0.437026	0.398274	0.399602	-0.039520	0.024583	-0.086014	-0.038752	0.001328	-0.032021	-0.013060	-0.004099	0.000186	-0.019081	-0.002722	0.003437
2024-08-20 21:09:16.960000	0.370762	-0.585107	0.269016	-0.353734	1.040587	0.455480	0.724496	-0.593938	-0.055566	-0.320971	0.478108	0.430698	0.457597	0.446649	0.399914	0.403525	-0.047410	0.026899	-0.086835	-0.046735	0.003611	-0.032763	-0.014242	-0.005154	0.000505	-0.020254	-0.003763	0.003761
2024-08-20 21:09:17.223000	0.378316	-0.581141	0.264165	-0.352218	1.047510	0.466369	0.730534	-0.593892	-0.055612	-0.321052	0.485032	0.441587	0.463636	0.453619	0.410756	0.409483	-0.043445	0.022049	-0.085319	-0.042862	-0.001274	-0.031166	-0.014158	-0.004640	-0.000178	-0.020162	-0.003234	0.003082
2024-08-20 21:09:17.485000	0.368178	-0.581126	0.267033	-0.357171	1.039442	0.458316	0.725349	-0.593845	-0.055659	-0.321131	0.476963	0.433534	0.458450	0.445597	0.402657	0.404218	-0.043429	0.024916	-0.090273	-0.042940	0.001560	-0.036040	-0.014561	-0.004525	0.000218	-0.020557	-0.003105	0.003483
2024-08-20 21:09:17.747000	0.374738	-0.565758	0.269692	-0.359027	1.029831	0.464073	0.733765	-0.593799	-0.055705	-0.321211	0.467353	0.439291	0.466866	0.436033	0.408368	0.412554	-0.028062	0.027575	-0.092128	-0.027665	0.004186	-0.037816	-0.011568	-0.002481	0.000585	-0.017555	-0.001046	0.003855
2024-08-20 21:09:18.009000	0.379112	-0.568792	0.264638	-0.357694	1.040959	0.472168	0.736805	-0.593752	-0.055751	-0.321291	0.478481	0.447386	0.469907	0.447207	0.416416	0.415514	-0.031095	0.022521	-0.090795	-0.030791	-0.000902	-0.036403	-0.012854	-0.002882	-0.000126	-0.018833	-0.001433	0.003148
2024-08-20 21:09:18.271000	0.383286	-0.564378	0.263340	-0.358393	1.042717	0.478339	0.741680	-0.593705	-0.055797	-0.321371	0.480239	0.453558	0.474781	0.449012	0.422542	0.420309	-0.026681	0.021223	-0.091495	-0.026471	-0.002233	-0.037023	-0.012429	-0.002277	-0.000312	-0.018400	-0.000814	0.002967
2024-08-20 21:09:18.533000	0.372154	-0.585344	0.264667	-0.352872	1.045702	0.460358	0.725026	-0.593658	-0.055844	-0.321450	0.483224	0.435577	0.458127	0.452044	0.404515	0.403576	-0.047647	0.022550	-0.085973	-0.047529	-0.000939	-0.031422	-0.015007	-0.005252	-0.000131	-0.020969	-0.003774	0.003153
2024-08-20 21:09:18.795000	0.383088	-0.566572	0.264180	-0.359605	1.045084	0.478512	0.742693	-0.593611	-0.055890	-0.321530	0.482606	0.453731	0.475794	0.451473	0.422622	0.421163	-0.028875	0.022063	-0.092706	-0.028850	-0.001459	-0.038075	-0.012923	-0.002566	-0.000204	-0.018877	-0.001074	0.003084
2024-08-20 21:09:19.058000	0.387262	-0.557379	0.262809	-0.358373	1.040206	0.482827	0.745635	-0.593564	-0.055936	-0.321609	0.477728	0.458045	0.478737	0.446642	0.426891	0.424026	-0.019683	0.020692	-0.091474	-0.019751	-0.002865	-0.036764	-0.011256	-0.001391	-0.000400	-0.017202	0.000116	0.002893
2024-08-20 21:09:19.320000	0.394220	-0.561927	0.258246	-0.353181	1.051082	0.489156	0.747402	-0.593517	-0.055982	-0.321689	0.488604	0.464374	0.480503	0.457565	0.433173	0.425713	-0.024230	0.016129	-0.086283	-0.024392	-0.007460	-0.031493	-0.011989	-0.002122	-0.001043	-0.017926	-0.000601	0.002255
2024-08-20 21:09:19.582000	0.392431	-0.549675	0.264414	-0.357749	1.035442	0.485767	0.750181	-0.593470	-0.056028	-0.321768	0.472963	0.460985	0.483282	0.441971	0.429739	0.428413	-0.011978	0.022297	-0.090851	-0.012233	-0.001326	-0.035982	-0.009418	-0.000441	-0.000185	-0.015347	0.001095	0.003117
2024-08-20 21:09:19.844000	0.395612	-0.553723	0.264310	-0.358393	1.043419	0.489696	0.754005	-0.593423	-0.056074	-0.321847	0.480940	0.464914	0.487107	0.449996	0.433622	0.432158	-0.016026	0.022193	-0.091495	-0.016374	-0.001464	-0.036546	-0.010320	-0.000968	-0.000205	-0.016240	0.000582	0.003103
2024-08-20 21:09:20.106000	0.394618	-0.536342	0.264563	-0.362667	1.029064	0.492722	0.757285	-0.593376	-0.056120	-0.321926	0.466585	0.467941	0.490387	0.435688	0.436602	0.435359	0.001355	0.022446	-0.095769	0.000914	-0.001243	-0.040741	-0.007880	0.001446	-0.000174	-0.013791	0.003011	0.003138
2024-08-20 21:09:20.368000	0.395314	-0.551565	0.261526	-0.360558	1.045911	0.494346	0.755872	-0.593328	-0.056166	-0.322005	0.483432	0.469564	0.488973	0.452582	0.438180	0.433867	-0.013868	0.019409	-0.093660	-0.014403	-0.004313	-0.038553	-0.010887	-0.000611	-0.000603	-0.016791	0.000968	0.002713
2024-08-20 21:09:20.630000	0.398196	-0.541275	0.265055	-0.361699	1.036115	0.494840	0.759895	-0.593281	-0.056212	-0.322084	0.473637	0.470059	0.492997	0.442835	0.438629	0.437811	-0.003579	0.022938	-0.094800	-0.004206	-0.000817	-0.039615	-0.008530	0.000730	-0.000114	-0.014425	0.002323	0.003207
2024-08-20 21:09:20.893000	0.399190	-0.550077	0.261914	-0.359083	1.046436	0.496359	0.758273	-0.593233	-0.056258	-0.322163	0.483957	0.471577	0.491375	0.453203	0.440102	0.436110	-0.012380	0.019797	-0.092184	-0.013101	-0.003992	-0.036919	-0.010271	-0.000496	-0.000558	-0.016157	0.001112	0.002768
2024-08-20 21:09:21.155000	0.397302	-0.534246	0.271576	-0.371276	1.031248	0.497002	0.768578	-0.593185	-0.056303	-0.322242	0.468769	0.472221	0.501679	0.438062	0.440699	0.446336	0.003451	0.029459	-0.104378	0.002637	0.005637	-0.049034	-0.007828	0.001864	0.000788	-0.013705	0.003487	0.004118
2024-08-20 21:09:21.417000	0.395612	-0.540420	0.264956	-0.364852	1.035929	0.495509	0.760464	-0.593138	-0.056349	-0.322321	0.473451	0.470727	0.493566	0.442791	0.439160	0.438144	-0.002724	0.022839	-0.097954	-0.003632	-0.001016	-0.042532	-0.009021	0.000902	-0.000142	-0.014890	0.002539	0.003193
2024-08-20 21:09:21.679000	0.407639	-0.527612	0.268877	-0.367692	1.034066	0.506454	0.775331	-0.593090	-0.056395	-0.322400	0.471588	0.481672	0.508432	0.440976	0.450059	0.452932	0.010084	0.026760	-0.100793	0.009083	0.002872	-0.045292	-0.006448	0.002625	0.000402	-0.012308	0.004277	0.003741
2024-08-20 21:09:21.941000	0.404459	-0.535090	0.268425	-0.367149	1.038273	0.503183	0.771608	-0.593042	-0.056440	-0.322478	0.475795	0.478401	0.504709	0.445231	0.446743	0.449130	0.002607	0.026308	-0.100251	0.001512	0.002387	-0.044671	-0.007824	0.001611	0.000334	-0.013676	0.003277	0.003678
2024-08-20 21:09:22.203000	0.401377	-0.546420	0.262814	-0.363220	1.048204	0.501783	0.764597	-0.592994	-0.056486	-0.322557	0.485725	0.477002	0.497699	0.455210	0.445298	0.442040	-0.008723	0.020697	-0.096321	-0.009912	-0.003257	-0.040663	-0.010257	0.000037	-0.000455	-0.016100	0.001718	0.002893
2024-08-20 21:09:22.465000	0.405254	-0.533880	0.262983	-0.362454	1.038605	0.504726	0.767708	-0.592946	-0.056531	-0.322635	0.476127	0.479944	0.500810	0.445659	0.448194	0.445073	0.003817	0.020866	-0.095556	0.002535	-0.003121	-0.039819	-0.007764	0.001652	-0.000436	-0.013599	0.003347	0.002917
2024-08-20 21:09:22.728000	0.400085	-0.529260	0.265552	-0.364974	1.028767	0.499507	0.765059	-0.592898	-0.056577	-0.322714	0.466289	0.474725	0.498161	0.435870	0.442930	0.442345	0.008436	0.023435	-0.098076	0.007060	-0.000585	-0.042260	-0.006906	0.002299	-0.000082	-0.012732	0.004009	0.003276
2024-08-20 21:09:22.990000	0.408633	-0.536208	0.267461	-0.365942	1.043323	0.507115	0.774576	-0.592850	-0.056623	-0.322792	0.480845	0.482334	0.507677	0.450473	0.450493	0.451784	0.001489	0.025344	-0.099044	0.000019	0.001291	-0.043150	-0.008020	0.001378	0.000180	-0.013837	0.003102	0.003543
2024-08-20 21:09:30.671000	0.422549	-0.527087	0.272664	-0.361121	1.038093	0.511006	0.783670	-0.591402	-0.057937	-0.325054	0.475615	0.486225	0.516772	0.446691	0.453069	0.458617	0.010610	0.030547	-0.094222	0.006377	0.005548	-0.036067	-0.004666	0.001941	0.000776	-0.010223	0.004092	0.004270
2024-08-20 21:09:30.933000	0.416387	-0.533071	0.275686	-0.365542	1.039314	0.506243	0.781929	-0.591351	-0.057981	-0.325130	0.476836	0.481461	0.515030	0.447963	0.448261	0.456799	0.004625	0.033569	-0.098643	0.000298	0.008538	-0.040412	-0.006050	0.001245	0.001194	-0.011598	0.003411	0.004693
2024-08-20 21:09:31.196000	0.416585	-0.525470	0.273936	-0.362419	1.030538	0.505068	0.779004	-0.591300	-0.058026	-0.325206	0.468059	0.480286	0.512106	0.439237	0.447042	0.453798	0.012227	0.031820	-0.095520	0.007805	0.006756	-0.037213	-0.004389	0.002153	0.000945	-0.009928	0.004333	0.004448
2024-08-20 21:09:31.458000	0.418076	-0.535955	0.268713	-0.356801	1.042120	0.506165	0.774878	-0.591250	-0.058070	-0.325282	0.479642	0.481383	0.507979	0.450870	0.448095	0.449596	0.001741	0.026596	-0.089903	-0.002776	0.001501	-0.031519	-0.006268	0.000632	0.000210	-0.011797	0.002827	0.003718
2024-08-20 21:09:31.720000	0.419070	-0.531145	0.268027	-0.356791	1.038980	0.507834	0.775862	-0.591199	-0.058114	-0.325358	0.476501	0.483053	0.508963	0.447781	0.449720	0.450504	0.006551	0.025910	-0.089893	0.001939	0.000784	-0.031434	-0.005516	0.001259	0.000110	-0.011037	0.003469	0.003622
2024-08-20 21:09:31.982000	0.419567	-0.522565	0.272182	-0.362581	1.032532	0.509966	0.782148	-0.591148	-0.058158	-0.325433	0.470053	0.485185	0.515250	0.441384	0.451808	0.456715	0.015131	0.030065	-0.095682	0.010424	0.004907	-0.037148	-0.004247	0.002517	0.000686	-0.009758	0.004742	0.004203
2024-08-20 21:09:32.244000	0.421158	-0.530790	0.266119	-0.353328	1.039157	0.508367	0.774486	-0.591097	-0.058202	-0.325509	0.476679	0.483586	0.507588	0.448060	0.450165	0.448977	0.006907	0.024002	-0.086430	0.002105	-0.001188	-0.027819	-0.005172	0.001187	-0.000166	-0.010674	0.003426	0.003355
2024-08-20 21:09:32.506000	0.418076	-0.539025	0.267267	-0.356320	1.046154	0.507129	0.774396	-0.591046	-0.058246	-0.325584	0.483676	0.482348	0.507497	0.455108	0.448883	0.448812	-0.001328	0.025150	-0.089421	-0.006225	-0.000072	-0.030735	-0.007059	0.000169	-0.000010	-0.012552	0.002422	0.003516
2024-08-20 21:09:32.768000	0.418772	-0.520531	0.271630	-0.360842	1.028515	0.507984	0.779614	-0.590995	-0.058290	-0.325660	0.466037	0.483202	0.512716	0.437520	0.449694	0.453954	0.017166	0.029513	-0.093943	0.012174	0.004261	-0.035182	-0.003671	0.002692	0.000596	-0.009154	0.004960	0.004126
2024-08-20 21:09:33.031000	0.416585	-0.521546	0.274881	-0.368559	1.031809	0.510263	0.785144	-0.590943	-0.058334	-0.325736	0.469331	0.485482	0.518245	0.440865	0.451929	0.459408	0.016151	0.032764	-0.101660	0.011064	0.007479	-0.042823	-0.004722	0.002756	0.001046	-0.010197	0.005038	0.004580
2024-08-20 21:09:33.293000	0.414697	-0.528529	0.266616	-0.359742	1.036352	0.507823	0.774439	-0.590892	-0.058378	-0.325811	0.473874	0.483041	0.507540	0.445460	0.449445	0.448628	0.009168	0.024499	-0.092843	0.003985	-0.000817	-0.033931	-0.005924	0.001628	-0.000114	-0.011389	0.003925	0.003425
2024-08-20 21:09:33.555000	0.421058	-0.518816	0.272356	-0.364873	1.032391	0.513575	0.785931	-0.590841	-0.058422	-0.325886	0.469913	0.488793	0.519033	0.441550	0.455153	0.460045	0.018881	0.030239	-0.097974	0.013603	0.004892	-0.038987	-0.004014	0.002996	0.000684	-0.009470	0.005308	0.004227
2024-08-20 21:09:33.817000	0.418872	-0.523703	0.270646	-0.361308	1.033237	0.509534	0.780180	-0.590789	-0.058466	-0.325961	0.470759	0.484752	0.513282	0.442448	0.451068	0.454219	0.013993	0.028529	-0.094410	0.008620	0.003151	-0.035347	-0.004574	0.002241	0.000440	-0.010021	0.004568	0.003988
2024-08-20 21:09:34.079000	0.415293	-0.522205	0.272525	-0.366749	1.031722	0.509517	0.782042	-0.590738	-0.058509	-0.326036	0.469243	0.484735	0.515143	0.440984	0.451007	0.456005	0.015492	0.030408	-0.099850	0.010024	0.004998	-0.040712	-0.004987	0.002578	0.000699	-0.010425	0.004920	0.004251
2024-08-20 21:09:34.341000	0.415989	-0.523024	0.271471	-0.363823	1.031365	0.508341	0.779812	-0.590686	-0.058553	-0.326111	0.468886	0.483559	0.512914	0.440678	0.449788	0.453701	0.014673	0.029354	-0.096925	0.009110	0.003913	-0.037712	-0.004790	0.002373	0.000547	-0.010218	0.004729	0.004104
2024-08-20 21:09:34.603000	0.415591	-0.513311	0.278733	-0.374024	1.024194	0.510883	0.789615	-0.590635	-0.058597	-0.326186	0.461715	0.486101	0.522717	0.433559	0.452286	0.463429	0.024386	0.036616	-0.107125	0.018727	0.011143	-0.047838	-0.003559	0.003888	0.001558	-0.008979	0.006258	0.005119
2024-08-20 21:09:34.866000	0.417977	-0.519779	0.276839	-0.369395	1.030312	0.510533	0.787372	-0.590583	-0.058640	-0.326261	0.467834	0.485752	0.520474	0.439730	0.451893	0.461111	0.017918	0.034722	-0.102497	0.012163	0.009218	-0.043134	-0.004243	0.002891	0.001289	-0.009653	0.005277	0.004854
2024-08-20 21:09:35.128000	0.415691	-0.517977	0.276531	-0.369608	1.026745	0.508768	0.785299	-0.590531	-0.058684	-0.326336	0.464266	0.483986	0.518400	0.436214	0.450084	0.458963	0.019720	0.034414	-0.102710	0.013870	0.008879	-0.043272	-0.004019	0.003125	0.001241	-0.009419	0.005525	0.004811
2024-08-20 21:09:35.390000	0.414597	-0.538664	0.268057	-0.360442	1.045646	0.506982	0.775039	-0.590479	-0.058728	-0.326411	0.483168	0.482200	0.508140	0.455167	0.448254	0.448628	-0.000968	0.025940	-0.093543	-0.006913	0.000374	-0.034031	-0.007732	0.000179	0.000052	-0.013123	0.002594	0.003626
2024-08-20 21:09:35.652000	0.417679	-0.522488	0.270428	-0.364072	1.033811	0.511323	0.781750	-0.590427	-0.058771	-0.326486	0.471333	0.486541	0.514852	0.443384	0.452552	0.455265	0.015209	0.028311	-0.097173	0.009168	0.002713	-0.037586	-0.004986	0.002390	0.000379	-0.010367	0.004819	0.003958
2024-08-20 21:09:35.914000	0.413603	-0.527926	0.267605	-0.359752	1.033677	0.505751	0.773355	-0.590375	-0.058814	-0.326560	0.471199	0.480969	0.506457	0.443302	0.446936	0.446795	0.009770	0.025488	-0.092853	0.003634	-0.000141	-0.033192	-0.005717	0.001550	-0.000020	-0.011089	0.003994	0.003563
2024-08-20 21:09:36.176000	0.419369	-0.527561	0.275611	-0.367367	1.038685	0.511124	0.786736	-0.590323	-0.058858	-0.326635	0.476207	0.486343	0.519837	0.448362	0.452266	0.460101	0.010136	0.033494	-0.100469	0.003904	0.007835	-0.040733	-0.005579	0.001739	0.001095	-0.010942	0.004198	0.004683
2024-08-20 21:09:36.438000	0.420263	-0.518976	0.273261	-0.365547	1.031525	0.512550	0.785810	-0.590271	-0.058901	-0.326709	0.469047	0.487768	0.518912	0.441255	0.453648	0.459101	0.018721	0.031144	-0.098648	0.012394	0.005453	-0.038838	-0.004101	0.002826	0.000762	-0.009455	0.005299	0.004354
2024-08-20 21:09:36.701000	0.411814	-0.526356	0.272614	-0.369613	1.035169	0.508813	0.781427	-0.590218	-0.058945	-0.326784	0.472690	0.484031	0.514529	0.444950	0.449868	0.454644	0.011341	0.030498	-0.102715	0.004918	0.004776	-0.042830	-0.006381	0.001975	0.000668	-0.011725	0.004463	0.004264
2024-08-20 21:09:36.963000	0.414697	-0.522555	0.273892	-0.369223	1.032583	0.510028	0.783920	-0.590166	-0.058988	-0.326858	0.470105	0.485246	0.517021	0.442417	0.451040	0.457062	0.015142	0.031775	-0.102324	0.008623	0.006022	-0.042365	-0.005366	0.002435	0.000842	-0.010701	0.004938	0.004442
2024-08-20 21:09:37.225000	0.410124	-0.520258	0.273872	-0.369131	1.025642	0.505384	0.779256	-0.590114	-0.059031	-0.326932	0.463164	0.480602	0.512357	0.435528	0.446353	0.452324	0.017439	0.031755	-0.102233	0.010824	0.005971	-0.042200	-0.004937	0.002721	0.000835	-0.010262	0.005238	0.004439
2024-08-20 21:09:37.487000	0.414200	-0.518502	0.275875	-0.373385	1.030212	0.511710	0.787585	-0.590061	-0.059074	-0.327006	0.467734	0.486929	0.520686	0.440151	0.452636	0.460579	0.019195	0.033758	-0.106487	0.012485	0.007943	-0.046379	-0.005051	0.003052	0.001110	-0.010367	0.005584	0.004719
2024-08-20 21:09:37.749000	0.415989	-0.513908	0.278728	-0.374430	1.025599	0.511691	0.790419	-0.590009	-0.059118	-0.327080	0.463121	0.486909	0.523520	0.435591	0.452573	0.463339	0.023789	0.036611	-0.107531	0.016983	0.010765	-0.047350	-0.003862	0.003646	0.001505	-0.009168	0.006193	0.005118
2024-08-20 21:09:38.011000	0.419269	-0.507074	0.278782	-0.376017	1.023578	0.516504	0.795286	-0.589956	-0.059161	-0.327154	0.461099	0.491722	0.528387	0.433622	0.457343	0.468132	0.030623	0.036665	-0.109118	0.023721	0.010789	-0.048863	-0.002899	0.004584	0.001508	-0.008196	0.007145	0.005126
2024-08-20 21:09:38.273000	0.417579	-0.510808	0.275159	-0.373314	1.026542	0.515735	0.790894	-0.589903	-0.059204	-0.327228	0.464064	0.490953	0.523995	0.436639	0.456531	0.463666	0.026889	0.033042	-0.106416	0.019892	0.007135	-0.046086	-0.003779	0.004030	0.000997	-0.009066	0.006606	0.004619
2024-08-20 21:09:38.536000	0.411914	-0.525305	0.275129	-0.374217	1.036306	0.511001	0.786130	-0.589850	-0.059247	-0.327302	0.473828	0.486219	0.519232	0.446456	0.451754	0.458828	0.012392	0.033012	-0.107318	0.005298	0.007074	-0.046915	-0.006652	0.002131	0.000989	-0.011930	0.004722	0.004615
2024-08-20 21:09:38.798000	0.421456	-0.508094	0.278668	-0.374663	1.025545	0.517451	0.796119	-0.589798	-0.059290	-0.327376	0.463066	0.492669	0.529220	0.435747	0.458161	0.468743	0.029603	0.036551	-0.107764	0.022414	0.010582	-0.047287	-0.002879	0.004363	0.001479	-0.008147	0.006968	0.005110
2024-08-20 21:09:39.060000	0.422549	-0.505679	0.277306	-0.373933	1.024855	0.519176	0.796482	-0.589745	-0.059333	-0.327449	0.462376	0.494394	0.529584	0.435110	0.459843	0.469033	0.032018	0.035189	-0.107034	0.024733	0.009190	-0.046484	-0.002563	0.004659	0.001285	-0.007822	0.007279	0.004919
2024-08-20 21:09:39.322000	0.424935	-0.515639	0.272684	-0.368249	1.036139	0.520500	0.793184	-0.589692	-0.059376	-0.327523	0.473661	0.495719	0.526286	0.446447	0.461124	0.465662	0.022058	0.030567	-0.101351	0.014677	0.004537	-0.040727	-0.004217	0.003198	0.000634	-0.009466	0.005833	0.004273
2024-08-20 21:09:39.584000	0.420263	-0.514845	0.274627	-0.371950	1.032432	0.517586	0.792214	-0.589639	-0.059419	-0.327596	0.469953	0.492805	0.525315	0.442793	0.458168	0.464617	0.022851	0.032510	-0.105052	0.015374	0.006450	-0.044354	-0.004415	0.003385	0.000902	-0.009655	0.006035	0.004545
2024-08-20 21:09:39.846000	0.425830	-0.506147	0.276834	-0.373482	1.028624	0.522477	0.799311	-0.589585	-0.059462	-0.327670	0.466146	0.497696	0.532413	0.439039	0.463016	0.471642	0.031550	0.034717	-0.106583	0.023977	0.008626	-0.045812	-0.002683	0.004543	0.001206	-0.007913	0.007208	0.004853
2024-08-20 21:09:40.108000	0.423444	-0.511210	0.271506	-0.369704	1.032852	0.521642	0.793148	-0.589532	-0.059504	-0.327743	0.470374	0.496861	0.526250	0.443320	0.462138	0.465405	0.026487	0.029389	-0.102806	0.018818	0.003267	-0.041961	-0.003931	0.003799	0.000457	-0.009151	0.006477	0.004109
2024-08-20 21:09:40.371000	0.426028	-0.509912	0.279657	-0.377091	1.033375	0.523463	0.803120	-0.589479	-0.059547	-0.327816	0.470896	0.498681	0.536221	0.443896	0.463916	0.475303	0.027785	0.037540	-0.110193	0.020020	0.011388	-0.049275	-0.003549	0.004102	0.001592	-0.008759	0.006795	0.005248
2024-08-20 21:09:40.633000	0.423543	-0.513728	0.279314	-0.376711	1.034668	0.520941	0.800255	-0.589425	-0.059590	-0.327890	0.472190	0.496159	0.533356	0.445243	0.461351	0.472365	0.023969	0.037197	-0.109813	0.016108	0.011014	-0.048822	-0.004258	0.003575	0.001540	-0.009459	0.006283	0.005200
2024-08-20 21:09:40.895000	0.421854	-0.517951	0.275060	-0.374759	1.039504	0.521553	0.796613	-0.589372	-0.059633	-0.327963	0.477026	0.496771	0.529714	0.450132	0.461921	0.468650	0.019746	0.032943	-0.107861	0.011788	0.006730	-0.046796	-0.005494	0.002988	0.000941	-0.010685	0.005711	0.004605
2024-08-20 21:09:41.157000	0.431992	-0.507945	0.279702	-0.374926	1.035162	0.527217	0.806919	-0.589318	-0.059675	-0.328036	0.472683	0.502436	0.540020	0.445843	0.467542	0.478883	0.029752	0.037585	-0.108028	0.021699	0.011341	-0.046891	-0.002789	0.004247	0.001585	-0.007971	0.006985	0.005254
2024-08-20 21:09:41.419000	0.426128	-0.514140	0.277326	-0.375951	1.038892	0.524752	0.802078	-0.589265	-0.059718	-0.328109	0.476414	0.499971	0.535180	0.449628	0.465035	0.473970	0.023557	0.035209	-0.109052	0.015407	0.008935	-0.047842	-0.004600	0.003474	0.001249	-0.009772	0.006227	0.004922
2024-08-20 21:09:41.681000	0.425134	-0.509562	0.281257	-0.379515	1.032953	0.523391	0.804649	-0.589211	-0.059760	-0.328181	0.470475	0.498610	0.537750	0.443742	0.463631	0.476467	0.028135	0.039140	-0.112616	0.019889	0.012836	-0.051333	-0.003689	0.004135	0.001794	-0.008851	0.006902	0.005472
2024-08-20 21:09:41.943000	0.420760	-0.515906	0.275805	-0.374866	1.035727	0.519821	0.795626	-0.589157	-0.059803	-0.328254	0.473249	0.495039	0.528727	0.446570	0.460018	0.467372	0.021790	0.033688	-0.107967	0.013448	0.007354	-0.046611	-0.005031	0.003194	0.001028	-0.010183	0.005976	0.004710
2024-08-20 21:09:42.206000	0.428812	-0.510216	0.276223	-0.372579	1.035384	0.525168	0.801391	-0.589103	-0.059845	-0.328327	0.472905	0.500386	0.534492	0.446280	0.465323	0.473063	0.027481	0.034106	-0.105681	0.019042	0.007741	-0.044252	-0.003468	0.003852	0.001082	-0.008611	0.006648	0.004768
2024-08-20 21:09:42.468000	0.425929	-0.506410	0.279413	-0.377639	1.030564	0.524155	0.803568	-0.589050	-0.059888	-0.328400	0.468086	0.499373	0.536669	0.441515	0.464267	0.475168	0.031287	0.037296	-0.110740	0.022752	0.010901	-0.049239	-0.003129	0.004467	0.001524	-0.008262	0.007278	0.005214
2024-08-20 21:09:42.730000	0.421257	-0.513846	0.274786	-0.374795	1.035112	0.521266	0.796052	-0.588996	-0.059930	-0.328472	0.472634	0.496484	0.529153	0.446116	0.461335	0.467579	0.023850	0.032669	-0.107896	0.015219	0.006244	-0.046322	-0.004861	0.003431	0.000873	-0.009984	0.006257	0.004567
2024-08-20 21:09:42.992000	0.425830	-0.516633	0.274796	-0.372995	1.040661	0.524028	0.798824	-0.588942	-0.059972	-0.328545	0.478182	0.499247	0.531926	0.451719	0.464056	0.470280	0.021064	0.032679	-0.106096	0.012337	0.006224	-0.044450	-0.005039	0.002990	0.000870	-0.010153	0.005831	0.004569
2024-08-20 21:09:43.254000	0.422649	-0.502223	0.286759	-0.386907	1.025019	0.522797	0.809556	-0.588887	-0.060015	-0.328617	0.462541	0.498015	0.542657	0.436132	0.462782	0.480938	0.035474	0.044642	-0.120008	0.026650	0.018157	-0.058290	-0.002747	0.005191	0.002538	-0.007851	0.008047	0.006241
2024-08-20 21:09:43.516000	0.423146	-0.502619	0.279915	-0.379322	1.025172	0.522553	0.802468	-0.588833	-0.060057	-0.328690	0.462694	0.497771	0.535569	0.436339	0.462496	0.473778	0.035077	0.037798	-0.112424	0.026157	0.011283	-0.050633	-0.002692	0.004957	0.001577	-0.007787	0.007827	0.005284
2024-08-20 21:09:43.778000	0.420760	-0.507229	0.281252	-0.383033	1.029770	0.522541	0.803794	-0.588779	-0.060099	-0.328762	0.467292	0.497760	0.536895	0.440991	0.462442	0.475032	0.030468	0.039135	-0.116135	0.021451	0.012590	-0.054272	-0.004010	0.004438	0.001760	-0.009095	0.007323	0.005471
2024-08-20 21:09:44.041000	0.427917	-0.517122	0.280716	-0.378668	1.042991	0.525870	0.806585	-0.588724	-0.060141	-0.328834	0.480513	0.501088	0.539687	0.454267	0.465728	0.477751	0.020575	0.038599	-0.111770	0.011461	0.012023	-0.049834	-0.005119	0.002983	0.001681	-0.010193	0.005883	0.005396
2024-08-20 21:09:44.303000	0.428513	-0.510530	0.281834	-0.382450	1.039660	0.529130	0.810964	-0.588670	-0.060184	-0.328906	0.477181	0.504348	0.544065	0.450990	0.468946	0.482058	0.027167	0.039717	-0.115552	0.017957	0.013111	-0.053544	-0.004418	0.003948	0.001833	-0.009482	0.006862	0.005552
2024-08-20 21:09:44.565000	0.421953	-0.515494	0.279940	-0.380438	1.037945	0.522450	0.802391	-0.588616	-0.060226	-0.328978	0.475466	0.497669	0.535492	0.449329	0.462225	0.473412	0.022202	0.037823	-0.113539	0.012896	0.011188	-0.051459	-0.005325	0.003234	0.001564	-0.010380	0.006163	0.005288
2024-08-20 21:09:44.827000	0.425134	-0.519810	0.280219	-0.379099	1.043824	0.524014	0.804233	-0.588561	-0.060268	-0.329050	0.481346	0.499233	0.537334	0.455263	0.463747	0.475183	0.017887	0.038102	-0.112201	0.008483	0.011436	-0.050049	-0.005824	0.002603	0.001599	-0.010869	0.005547	0.005327
2024-08-20 21:09:45.089000	0.425531	-0.513790	0.281133	-0.380656	1.038844	0.525054	0.806187	-0.588506	-0.060310	-0.329122	0.476365	0.500272	0.539288	0.450337	0.464744	0.477065	0.023907	0.039016	-0.113757	0.014407	0.012321	-0.051534	-0.004842	0.003423	0.001722	-0.009877	0.006382	0.005454
2024-08-20 21:09:45.351000	0.429507	-0.501667	0.285169	-0.384260	1.030266	0.528599	0.813768	-0.588452	-0.060352	-0.329194	0.467787	0.503817	0.546869	0.441814	0.468247	0.484574	0.036030	0.043052	-0.117362	0.026434	0.016327	-0.055067	-0.002521	0.005080	0.002282	-0.007547	0.008053	0.006019
2024-08-20 21:09:45.613000	0.431396	-0.507960	0.287321	-0.388686	1.040722	0.532762	0.820082	-0.588397	-0.060394	-0.329265	0.478243	0.507980	0.553184	0.452325	0.472368	0.490817	0.029737	0.045204	-0.121788	0.020044	0.018449	-0.059421	-0.004131	0.004352	0.002579	-0.009147	0.007341	0.006319
2024-08-20 21:09:45.875000	0.433881	-0.500348	0.288702	-0.386963	1.032490	0.532141	0.820844	-0.588342	-0.060435	-0.329337	0.470011	0.507360	0.553945	0.444147	0.471706	0.491507	0.037348	0.046585	-0.120064	0.027559	0.019801	-0.057626	-0.002135	0.005272	0.002768	-0.007141	0.008274	0.006513
2024-08-20 21:09:46.138000	0.428911	-0.507970	0.285566	-0.386466	1.037781	0.529811	0.815377	-0.588287	-0.060477	-0.329409	0.475302	0.505029	0.548478	0.449494	0.469333	0.485968	0.029726	0.043449	-0.119567	0.019840	0.016635	-0.057057	-0.004065	0.004270	0.002326	-0.009060	0.007287	0.006074
2024-08-20 21:09:46.400000	0.429507	-0.514464	0.286033	-0.386106	1.044044	0.529580	0.815613	-0.588232	-0.060519	-0.329480	0.481566	0.504798	0.548715	0.455812	0.469061	0.486133	0.023232	0.043917	-0.119207	0.013249	0.017072	-0.056626	-0.005118	0.003381	0.002387	-0.010104	0.006413	0.006140
2024-08-20 21:09:46.662000	0.432688	-0.503675	0.286630	-0.385406	1.035140	0.531465	0.818094	-0.588177	-0.060561	-0.329552	0.472661	0.506683	0.551196	0.446963	0.470904	0.488543	0.034022	0.044513	-0.118508	0.023941	0.017639	-0.055855	-0.002881	0.004761	0.002466	-0.007857	0.007808	0.006223
2024-08-20 21:09:46.924000	0.429706	-0.514552	0.283767	-0.383120	1.043611	0.529059	0.812826	-0.588122	-0.060603	-0.329623	0.481132	0.504277	0.545927	0.455489	0.468456	0.483203	0.023145	0.041650	-0.116221	0.012967	0.014747	-0.053497	-0.005018	0.003269	0.002062	-0.009984	0.006331	0.005823
2024-08-20 21:09:47.186000	0.434378	-0.503866	0.285750	-0.384788	1.037281	0.533416	0.819166	-0.588067	-0.060644	-0.329694	0.474803	0.508634	0.552267	0.449214	0.472771	0.489471	0.033831	0.043633	-0.117889	0.023557	0.016700	-0.055093	-0.002987	0.004696	0.002335	-0.007943	0.007773	0.006100
2024-08-20 21:09:47.448000	0.432191	-0.522267	0.288548	-0.388768	1.054677	0.532411	0.820959	-0.588012	-0.060686	-0.329765	0.492199	0.507629	0.554060	0.466666	0.471725	0.491193	0.015430	0.046431	-0.121869	0.005059	0.019469	-0.059002	-0.006630	0.002350	0.002722	-0.011576	0.005441	0.006491
2024-08-20 21:09:47.710000	0.424935	-0.512276	0.286516	-0.388063	1.038758	0.526482	0.812998	-0.587956	-0.060727	-0.329836	0.476280	0.501701	0.546099	0.450802	0.465755	0.483162	0.025421	0.044399	-0.121164	0.014953	0.017407	-0.058227	-0.005045	0.003654	0.002433	-0.009981	0.006760	0.006207
2024-08-20 21:09:47.973000	0.428513	-0.502599	0.292340	-0.393670	1.032442	0.529843	0.822184	-0.587901	-0.060769	-0.329908	0.469964	0.505062	0.555285	0.444541	0.469074	0.492276	0.035098	0.050223	-0.126772	0.024533	0.023202	-0.063763	-0.003218	0.005032	0.003244	-0.008144	0.008152	0.007021
2024-08-20 21:09:48.235000	0.419369	-0.506487	0.291436	-0.393980	1.028399	0.521912	0.813348	-0.587845	-0.060811	-0.329979	0.465921	0.497131	0.546450	0.440554	0.461102	0.483370	0.031210	0.049319	-0.127081	0.020548	0.022268	-0.064001	-0.004181	0.004524	0.003113	-0.009097	0.007659	0.006895
2024-08-20 21:09:48.497000	0.426525	-0.513656	0.288762	-0.390638	1.042058	0.528402	0.817164	-0.587790	-0.060852	-0.330049	0.479579	0.503620	0.550265	0.454268	0.467550	0.487114	0.024041	0.046645	-0.123740	0.013282	0.019565	-0.060589	-0.005393	0.003485	0.002735	-0.010299	0.006635	0.006521
2024-08-20 21:09:48.759000	0.425432	-0.519419	0.291272	-0.392986	1.046565	0.527146	0.818418	-0.587734	-0.060893	-0.330120	0.484086	0.502364	0.551519	0.458831	0.466253	0.488298	0.018278	0.049155	-0.126087	0.007422	0.022045	-0.062866	-0.006438	0.002757	0.003082	-0.011333	0.005922	0.006872
2024-08-20 21:09:49.021000	0.422748	-0.507836	0.292579	-0.396251	1.034257	0.526420	0.818999	-0.587678	-0.060935	-0.330191	0.471778	0.501639	0.552101	0.446578	0.465485	0.488808	0.029860	0.050462	-0.129352	0.018907	0.023323	-0.066060	-0.004677	0.004362	0.003261	-0.009563	0.007542	0.007055
2024-08-20 21:09:49.283000	0.429209	-0.505709	0.294055	-0.396023	1.036886	0.531177	0.825232	-0.587623	-0.060976	-0.330261	0.474408	0.506395	0.558333	0.449264	0.470201	0.494971	0.031987	0.051938	-0.129124	0.020937	0.024770	-0.065761	-0.003966	0.004604	0.003463	-0.008841	0.007798	0.007261
2024-08-20 21:09:49.545000	0.428513	-0.516411	0.289488	-0.390714	1.046151	0.529740	0.819228	-0.587567	-0.061017	-0.330332	0.483673	0.504959	0.552329	0.458585	0.468723	0.488896	0.021286	0.047371	-0.123816	0.010138	0.020173	-0.060383	-0.005818	0.003057	0.002820	-0.010684	0.006266	0.006622
2024-08-20 21:09:49.808000	0.421655	-0.531022	0.287167	-0.388210	1.053720	0.522698	0.809865	-0.587511	-0.061059	-0.330403	0.491241	0.497916	0.542966	0.466209	0.461639	0.479462	0.006675	0.045050	-0.121311	-0.004570	0.017823	-0.057807	-0.008501	0.001059	0.002492	-0.013356	0.004283	0.006298
2024-08-20 21:09:50.070000	0.426525	-0.515005	0.289627	-0.389716	1.041619	0.526614	0.816241	-0.587455	-0.061100	-0.330473	0.479141	0.501833	0.549343	0.454165	0.465514	0.485768	0.022692	0.047510	-0.122817	0.011350	0.020254	-0.059243	-0.005360	0.003179	0.002831	-0.010205	0.006418	0.006642
2024-08-20 21:09:50.332000	0.425531	-0.513795	0.289363	-0.391541	1.041504	0.527709	0.817072	-0.587399	-0.061141	-0.330543	0.479025	0.502927	0.550174	0.454105	0.466568	0.486529	0.023902	0.047246	-0.124642	0.012463	0.019961	-0.060998	-0.005547	0.003386	0.002791	-0.010382	0.006639	0.006605
2024-08-20 21:09:50.594000	0.425034	-0.510211	0.291585	-0.393711	1.037371	0.527160	0.818745	-0.587343	-0.061182	-0.330613	0.474892	0.502379	0.551847	0.450028	0.465978	0.488132	0.027486	0.049468	-0.126812	0.015950	0.022154	-0.063098	-0.004882	0.003889	0.003097	-0.009707	0.007157	0.006916
2024-08-20 21:09:50.856000	0.424438	-0.520722	0.284801	-0.386643	1.047002	0.526280	0.811081	-0.587286	-0.061223	-0.330683	0.484524	0.501499	0.544183	0.459716	0.465057	0.480398	0.016975	0.042684	-0.119745	0.005341	0.015341	-0.055960	-0.006788	0.002335	0.002145	-0.011603	0.005618	0.005967
2024-08-20 21:09:51.118000	0.429110	-0.521504	0.289726	-0.390887	1.051775	0.530271	0.819997	-0.587230	-0.061264	-0.330754	0.489297	0.505489	0.553098	0.464545	0.469006	0.489243	0.016192	0.047609	-0.123988	0.004461	0.020237	-0.060133	-0.006810	0.002299	0.002829	-0.011614	0.005597	0.006656
2024-08-20 21:09:51.380000	0.424736	-0.520227	0.288757	-0.389868	1.046074	0.525847	0.814604	-0.587174	-0.061305	-0.330823	0.483596	0.501065	0.547705	0.458900	0.464542	0.483781	0.017469	0.046640	-0.122969	0.005641	0.019239	-0.059044	-0.006574	0.002430	0.002690	-0.011369	0.005743	0.006520
2024-08-20 21:09:51.643000	0.433583	-0.511534	0.294115	-0.394405	1.045408	0.533874	0.827988	-0.587117	-0.061346	-0.330894	0.482929	0.509092	0.561090	0.458290	0.472527	0.497095	0.026163	0.051998	-0.127507	0.014237	0.024568	-0.063512	-0.004814	0.003649	0.003435	-0.009599	0.006977	0.007269
2024-08-20 21:09:51.905000	0.425830	-0.512183	0.295158	-0.396322	1.039176	0.526993	0.822152	-0.587061	-0.061387	-0.330963	0.476698	0.502212	0.555253	0.452115	0.465606	0.491188	0.025514	0.053041	-0.129423	0.013491	0.025582	-0.065358	-0.005111	0.003599	0.003576	-0.009885	0.006941	0.007415
2024-08-20 21:09:52.167000	0.420661	-0.525357	0.292663	-0.395242	1.048596	0.523239	0.815903	-0.587004	-0.061428	-0.331033	0.486118	0.498458	0.549004	0.461592	0.461811	0.484870	0.012340	0.050546	-0.128343	0.000219	0.023058	-0.064209	-0.007834	0.001838	0.003224	-0.012598	0.005195	0.007066
2024-08-20 21:09:52.429000	0.426327	-0.516004	0.290089	-0.391419	1.043661	0.527657	0.817746	-0.586948	-0.061469	-0.331103	0.481183	0.502875	0.550847	0.456713	0.466188	0.486643	0.021692	0.047972	-0.124521	0.009474	0.020455	-0.060316	-0.005874	0.002964	0.002860	-0.010628	0.006336	0.006706
2024-08-20 21:09:52.691000	0.428315	-0.505555	0.298786	-0.400515	1.035598	0.530043	0.828829	-0.586891	-0.061510	-0.331172	0.473119	0.505261	0.561931	0.448707	0.468533	0.497657	0.032142	0.056670	-0.133616	0.019826	0.029124	-0.069342	-0.004021	0.004524	0.004072	-0.008764	0.007910	0.007922
2024-08-20 21:09:52.953000	0.422947	-0.524074	0.288300	-0.388991	1.047712	0.523638	0.811938	-0.586834	-0.061551	-0.331242	0.485234	0.498856	0.545039	0.460878	0.462087	0.480696	0.013622	0.046183	-0.122092	0.001210	0.018608	-0.057749	-0.007268	0.001811	0.002601	-0.012001	0.005212	0.006456
2024-08-20 21:09:53.215000	0.420064	-0.508171	0.294627	-0.397280	1.030889	0.522718	0.817345	-0.586778	-0.061591	-0.331311	0.468411	0.497936	0.550446	0.444112	0.461127	0.486033	0.029526	0.052510	-0.130382	0.017015	0.024907	-0.065969	-0.004705	0.004091	0.003482	-0.009428	0.007508	0.007341
2024-08-20 21:09:53.478000	0.418474	-0.512379	0.295770	-0.399531	1.034614	0.522236	0.818005	-0.586720	-0.061632	-0.331381	0.472136	0.497454	0.551107	0.447894	0.460604	0.486624	0.025318	0.053653	-0.132633	0.012710	0.026021	-0.068150	-0.005707	0.003581	0.003638	-0.010419	0.007012	0.007501
2024-08-20 21:09:53.740000	0.418474	-0.508604	0.297037	-0.400733	1.030773	0.522170	0.819207	-0.586664	-0.061673	-0.331450	0.468295	0.497388	0.552308	0.444110	0.460497	0.487757	0.029093	0.054920	-0.133834	0.016387	0.027260	-0.069283	-0.005005	0.004089	0.003811	-0.009707	0.007535	0.007678
2024-08-20 21:09:54.002000	0.427818	-0.510391	0.296123	-0.399115	1.041201	0.530811	0.826933	-0.586607	-0.061713	-0.331519	0.478723	0.506029	0.560035	0.454595	0.469097	0.495414	0.027306	0.054006	-0.132217	0.014503	0.026316	-0.067596	-0.005212	0.003796	0.003679	-0.009904	0.007257	0.007550
2024-08-20 21:09:54.264000	0.417679	-0.516318	0.293200	-0.397321	1.038118	0.521799	0.814999	-0.586549	-0.061754	-0.331588	0.475639	0.497018	0.548101	0.451568	0.460046	0.483411	0.021378	0.051083	-0.130422	0.008477	0.023366	-0.065732	-0.006538	0.002974	0.003267	-0.011219	0.006449	0.007141
2024-08-20 21:09:54.526000	0.419369	-0.516818	0.293797	-0.396606	1.038996	0.522178	0.815974	-0.586492	-0.061794	-0.331657	0.476517	0.497396	0.549076	0.452503	0.460384	0.484317	0.020879	0.051680	-0.129707	0.007880	0.023933	-0.064948	-0.006389	0.002863	0.003346	-0.011060	0.006354	0.007225
2024-08-20 21:09:54.788000	0.421555	-0.511869	0.298707	-0.404358	1.039075	0.527206	0.825913	-0.586435	-0.061835	-0.331726	0.476597	0.502425	0.559015	0.452640	0.465372	0.494187	0.025828	0.056590	-0.137459	0.012732	0.028815	-0.072632	-0.006024	0.003697	0.004028	-0.010685	0.007202	0.007911
2024-08-20 21:09:55.050000	0.424339	-0.523065	0.292813	-0.394953	1.049544	0.526479	0.819292	-0.586378	-0.061875	-0.331795	0.487066	0.501697	0.552393	0.463166	0.464604	0.487496	0.014632	0.050696	-0.128054	0.001438	0.022892	-0.063158	-0.007439	0.001967	0.003200	-0.012089	0.005487	0.007087
2024-08-20 21:09:55.313000	0.421456	-0.507054	0.301028	-0.405286	1.032767	0.525714	0.826742	-0.586320	-0.061916	-0.331864	0.470289	0.500932	0.559843	0.446447	0.463798	0.494877	0.030643	0.058911	-0.138387	0.017351	0.031079	-0.073421	-0.004885	0.004306	0.004345	-0.009525	0.007841	0.008236
2024-08-20 21:09:55.575000	0.421754	-0.524914	0.288354	-0.391632	1.049946	0.525032	0.813386	-0.586263	-0.061956	-0.331933	0.487467	0.500250	0.546488	0.463683	0.463076	0.481453	0.012783	0.046237	-0.124734	-0.000607	0.018377	-0.059699	-0.008023	0.001636	0.002569	-0.012653	0.005186	0.006464
2024-08-20 21:09:55.837000	0.418573	-0.518909	0.294383	-0.398122	1.041221	0.522312	0.816695	-0.586205	-0.061996	-0.332001	0.478743	0.497530	0.549797	0.455016	0.460316	0.484694	0.018788	0.052266	-0.131223	0.005300	0.024378	-0.066120	-0.007006	0.002556	0.003408	-0.011625	0.006120	0.007307
2024-08-20 21:09:56.099000	0.423444	-0.509695	0.297743	-0.400854	1.036251	0.526556	0.824298	-0.586148	-0.062036	-0.332070	0.473773	0.501774	0.557400	0.450103	0.464519	0.492228	0.028001	0.055626	-0.133956	0.014416	0.027709	-0.068784	-0.005188	0.003807	0.003874	-0.009797	0.007387	0.007776
2024-08-20 21:09:56.361000	0.419070	-0.526335	0.292286	-0.393381	1.046501	0.520166	0.812452	-0.586090	-0.062077	-0.332138	0.484023	0.495384	0.545553	0.460411	0.458089	0.480313	0.011362	0.050169	-0.126483	-0.002321	0.022224	-0.061243	-0.007897	0.001417	0.003107	-0.012495	0.005011	0.007014
2024-08-20 21:09:56.623000	0.414697	-0.511519	0.295650	-0.398979	1.029544	0.518025	0.813675	-0.586033	-0.062117	-0.332207	0.467065	0.493243	0.546777	0.443511	0.455908	0.481469	0.026178	0.053533	-0.132080	0.012397	0.025560	-0.066772	-0.005589	0.003500	0.003573	-0.010177	0.007109	0.007484
2024-08-20 21:09:56.885000	0.409727	-0.520861	0.294343	-0.398198	1.034442	0.513581	0.807925	-0.585975	-0.062157	-0.332275	0.471964	0.488800	0.541026	0.448467	0.451425	0.475649	0.016836	0.052226	-0.131299	0.002957	0.024225	-0.065923	-0.007431	0.002242	0.003387	-0.012009	0.005865	0.007301
2024-08-20 21:09:57.148000	0.421257	-0.513264	0.297912	-0.400778	1.037388	0.524124	0.822036	-0.585917	-0.062197	-0.332344	0.474910	0.499342	0.555137	0.451472	0.461927	0.489692	0.024432	0.055795	-0.133880	0.010455	0.027765	-0.068435	-0.005843	0.003273	0.003882	-0.010411	0.006911	0.007800
2024-08-20 21:09:57.410000	0.420064	-0.506853	0.297112	-0.400966	1.030772	0.523919	0.821030	-0.585859	-0.062237	-0.332412	0.468293	0.499137	0.554132	0.444913	0.461682	0.488619	0.030844	0.054995	-0.134067	0.016769	0.026937	-0.068554	-0.004856	0.004119	0.003766	-0.009413	0.007772	0.007688
2024-08-20 21:09:57.672000	0.423046	-0.512137	0.298245	-0.401199	1.038138	0.526001	0.824246	-0.585801	-0.062277	-0.332480	0.475659	0.501219	0.557347	0.452337	0.463724	0.491766	0.025560	0.056128	-0.134301	0.011387	0.028042	-0.068719	-0.005672	0.003402	0.003920	-0.010218	0.007070	0.007847
2024-08-20 21:09:57.934000	0.416884	-0.510401	0.296301	-0.399846	1.030829	0.520428	0.816729	-0.585743	-0.062317	-0.332548	0.468350	0.495646	0.549831	0.445086	0.458111	0.484181	0.027296	0.054185	-0.132947	0.013025	0.026071	-0.067298	-0.005475	0.003594	0.003645	-0.010011	0.007277	0.007575
2024-08-20 21:09:58.196000	0.419567	-0.519336	0.291992	-0.394426	1.041337	0.522001	0.813993	-0.585685	-0.062357	-0.332616	0.478859	0.497219	0.547095	0.455652	0.459644	0.481377	0.018360	0.049876	-0.127527	0.003992	0.021734	-0.061810	-0.006930	0.002274	0.003038	-0.011456	0.005971	0.006973
2024-08-20 21:09:58.458000	0.416585	-0.510365	0.302191	-0.407947	1.032707	0.522342	0.824533	-0.585627	-0.062397	-0.332684	0.470229	0.497560	0.557634	0.447080	0.459945	0.491849	0.027332	0.060074	-0.141049	0.012865	0.031904	-0.075264	-0.005910	0.003764	0.004460	-0.010425	0.007477	0.008398
2024-08-20 21:09:58.720000	0.413802	-0.530383	0.297648	-0.401220	1.047756	0.517373	0.815022	-0.585568	-0.062436	-0.332751	0.485278	0.492592	0.548123	0.462188	0.454937	0.482270	0.007314	0.055531	-0.134321	-0.007251	0.027333	-0.068468	-0.009212	0.000941	0.003821	-0.013716	0.004669	0.007763
2024-08-20 21:09:58.983000	0.418673	-0.514042	0.297131	-0.400434	1.036017	0.521975	0.819106	-0.585510	-0.062476	-0.332819	0.473539	0.497193	0.552208	0.450507	0.459499	0.486287	0.023655	0.055015	-0.133535	0.008991	0.026789	-0.067614	-0.006145	0.003064	0.003745	-0.010639	0.006806	0.007691
2024-08-20 21:09:59.245000	0.418076	-0.527690	0.292385	-0.394476	1.047857	0.520168	0.812553	-0.585452	-0.062516	-0.332887	0.485379	0.495386	0.545654	0.462406	0.457652	0.479666	0.010007	0.050268	-0.127578	-0.004754	0.022014	-0.061590	-0.008454	0.001109	0.003078	-0.012937	0.004866	0.007027
2024-08-20 21:09:59.507000	0.414995	-0.525058	0.294572	-0.398588	1.044069	0.519011	0.813583	-0.585393	-0.062556	-0.332954	0.481591	0.494230	0.546685	0.458676	0.456456	0.480629	0.012639	0.052455	-0.131690	-0.002221	0.024173	-0.065634	-0.008345	0.001550	0.003379	-0.012817	0.005321	0.007333
2024-08-20 21:09:59.769000	0.412112	-0.525851	0.295233	-0.400444	1.043174	0.517323	0.812556	-0.585335	-0.062595	-0.333022	0.480696	0.492542	0.545658	0.457840	0.454728	0.479534	0.011846	0.053116	-0.133545	-0.003112	0.024807	-0.067422	-0.008731	0.001482	0.003468	-0.013193	0.005269	0.007426
2024-08-20 21:10:00.031000	0.411317	-0.534498	0.292102	-0.396150	1.049863	0.515365	0.807467	-0.585276	-0.062635	-0.333089	0.487384	0.490583	0.540568	0.464587	0.452730	0.474378	0.003199	0.049985	-0.129251	-0.011857	0.021648	-0.063060	-0.010122	0.000223	0.003026	-0.014573	0.004024	0.006988
2024-08-20 21:10:00.293000	0.416387	-0.527551	0.300427	-0.404348	1.047858	0.520308	0.820734	-0.585218	-0.062675	-0.333156	0.485380	0.495526	0.553836	0.462641	0.457633	0.487578	0.010146	0.058310	-0.137449	-0.005008	0.029945	-0.071191	-0.008816	0.001296	0.004186	-0.013257	0.005112	0.008152
2024-08-20 21:10:00.555000	0.414200	-0.521839	0.295486	-0.398056	1.038608	0.516769	0.812256	-0.585159	-0.062714	-0.333224	0.476130	0.491988	0.545357	0.453450	0.454055	0.479032	0.015858	0.053369	-0.131157	0.000606	0.024977	-0.064832	-0.007513	0.001888	0.003492	-0.011943	0.005719	0.007461
2024-08-20 21:10:00.818000	0.405353	-0.541553	0.291063	-0.395110	1.050954	0.509400	0.800463	-0.585100	-0.062754	-0.333291	0.488475	0.484619	0.533565	0.465854	0.446647	0.467172	-0.003857	0.048946	-0.128212	-0.019207	0.020526	-0.061819	-0.011461	-0.000775	0.002870	-0.015880	0.003071	0.006843
2024-08-20 21:10:01.080000	0.414498	-0.522282	0.296202	-0.400464	1.041042	0.518760	0.814962	-0.585041	-0.062793	-0.333358	0.478564	0.493978	0.548064	0.456001	0.455967	0.481604	0.015415	0.054085	-0.133566	-0.000034	0.025637	-0.067106	-0.007941	0.001869	0.003584	-0.012349	0.005730	0.007561
2024-08-20 21:10:01.342000	0.414200	-0.523709	0.291679	-0.395663	1.041892	0.518183	0.809863	-0.584982	-0.062833	-0.333425	0.479414	0.493402	0.542964	0.456910	0.455351	0.476438	0.013988	0.049562	-0.128764	-0.001559	0.021087	-0.062238	-0.008165	0.001562	0.002948	-0.012563	0.005438	0.006929
2024-08-20 21:10:01.604000	0.413206	-0.517008	0.300392	-0.405610	1.035433	0.518424	0.818816	-0.584923	-0.062872	-0.333492	0.472954	0.493643	0.551917	0.450509	0.455552	0.485324	0.020688	0.058275	-0.138712	0.005043	0.029772	-0.072118	-0.007166	0.002654	0.004162	-0.011553	0.006545	0.008147
2024-08-20 21:10:01.866000	0.409926	-0.536249	0.291282	-0.396591	1.051483	0.515234	0.806516	-0.584864	-0.062911	-0.333559	0.489005	0.490453	0.539618	0.466619	0.452323	0.472958	0.001448	0.049165	-0.129692	-0.014296	0.020634	-0.063032	-0.010763	-0.000089	0.002885	-0.015139	0.003817	0.006873
2024-08-20 21:10:02.128000	0.417778	-0.527648	0.295168	-0.399257	1.049516	0.521867	0.817036	-0.584805	-0.062950	-0.333625	0.487037	0.497086	0.550137	0.464711	0.458917	0.483410	0.010048	0.053051	-0.132359	-0.005794	0.024493	-0.065632	-0.008945	0.001074	0.003424	-0.013310	0.004994	0.007417
2024-08-20 21:10:02.390000	0.411715	-0.528199	0.294567	-0.399394	1.044742	0.516542	0.811109	-0.584746	-0.062990	-0.333692	0.482263	0.491761	0.544211	0.459996	0.453553	0.477417	0.009497	0.052450	-0.132496	-0.006443	0.023865	-0.065702	-0.009199	0.000998	0.003336	-0.013554	0.004933	0.007333
2024-08-20 21:10:02.653000	0.411715	-0.524703	0.300123	-0.405357	1.041651	0.516948	0.817071	-0.584687	-0.063029	-0.333759	0.479172	0.492166	0.550173	0.456964	0.453919	0.483313	0.012994	0.058006	-0.138458	-0.003045	0.029394	-0.071598	-0.008637	0.001574	0.004109	-0.012981	0.005524	0.008109
2024-08-20 21:10:02.915000	0.415790	-0.509247	0.306952	-0.411420	1.029506	0.520258	0.827211	-0.584627	-0.063068	-0.333825	0.467027	0.495477	0.560312	0.444879	0.457190	0.493385	0.028449	0.064835	-0.144522	0.012312	0.036195	-0.077595	-0.005635	0.003718	0.005060	-0.009968	0.007683	0.009064
2024-08-20 21:10:03.177000	0.412013	-0.544000	0.293553	-0.394421	1.056880	0.512881	0.806434	-0.584568	-0.063107	-0.333892	0.494402	0.488099	0.539535	0.472312	0.449773	0.472542	-0.006303	0.051436	-0.127522	-0.022539	0.022769	-0.060529	-0.011399	-0.001281	0.003183	-0.015722	0.002698	0.007191
2024-08-20 21:10:03.439000	0.412212	-0.524857	0.299318	-0.402923	1.040674	0.515817	0.815135	-0.584508	-0.063146	-0.333958	0.478195	0.491035	0.548236	0.456165	0.452670	0.481177	0.012840	0.057201	-0.136024	-0.003495	0.028506	-0.068965	-0.008386	0.001440	0.003985	-0.012698	0.005434	0.007997
2024-08-20 21:10:03.701000	0.411615	-0.529873	0.300804	-0.402893	1.043577	0.513704	0.814508	-0.584449	-0.063185	-0.334024	0.481099	0.488922	0.547609	0.459128	0.450519	0.480484	0.007824	0.058687	-0.135994	-0.008609	0.029965	-0.068868	-0.009034	0.000746	0.004189	-0.013336	0.004754	0.008204
2024-08-20 21:10:03.963000	0.416188	-0.516195	0.302032	-0.406918	1.037269	0.521074	0.823106	-0.584389	-0.063224	-0.334090	0.474791	0.496293	0.556207	0.452879	0.457850	0.489016	0.021502	0.059915	-0.140020	0.004970	0.031166	-0.072828	-0.007047	0.002652	0.004357	-0.011338	0.006676	0.008376
2024-08-20 21:10:04.225000	0.409528	-0.508150	0.302822	-0.409555	1.024411	0.516261	0.819083	-0.584330	-0.063263	-0.334156	0.461933	0.491479	0.552184	0.440081	0.452997	0.484926	0.029546	0.060705	-0.142656	0.012916	0.031929	-0.075398	-0.005922	0.003775	0.004464	-0.010202	0.007814	0.008487
2024-08-20 21:10:04.488000	0.427718	-0.505555	0.303120	-0.406903	1.037056	0.531501	0.834621	-0.584270	-0.063302	-0.334223	0.474577	0.506719	0.567723	0.452786	0.468199	0.500398	0.032142	0.061003	-0.140004	0.015413	0.032200	-0.072680	-0.004886	0.004014	0.004502	-0.009155	0.008068	0.008528
2024-08-20 21:10:04.750000	0.422251	-0.503680	0.305869	-0.412272	1.032335	0.528655	0.834523	-0.584210	-0.063341	-0.334289	0.469857	0.503873	0.567625	0.448125	0.465314	0.500235	0.034016	0.063752	-0.145374	0.017189	0.034921	-0.077983	-0.005051	0.004389	0.004882	-0.009309	0.008457	0.008912
2024-08-20 21:10:05.012000	0.430303	-0.509732	0.305998	-0.408916	1.042952	0.533220	0.839218	-0.584150	-0.063380	-0.334354	0.480474	0.508439	0.572320	0.458802	0.469841	0.504864	0.027965	0.063881	-0.142017	0.011039	0.035023	-0.074561	-0.005514	0.003466	0.004896	-0.009761	0.007549	0.008931
2024-08-20 21:10:05.274000	0.429806	-0.507945	0.301117	-0.407952	1.044585	0.536641	0.837758	-0.584091	-0.063419	-0.334420	0.482107	0.511859	0.570860	0.460495	0.473222	0.503338	0.029752	0.059000	-0.141054	0.012728	0.030116	-0.073532	-0.005948	0.003710	0.004210	-0.010184	0.007808	0.008248
2024-08-20 21:10:05.536000	0.430501	-0.507569	0.306902	-0.412135	1.043303	0.535734	0.842637	-0.584031	-0.063457	-0.334486	0.480824	0.510953	0.575738	0.459272	0.472277	0.508151	0.030128	0.064786	-0.145237	0.013005	0.035874	-0.077649	-0.005578	0.003815	0.005015	-0.009804	0.007928	0.009057
2024-08-20 21:10:05.798000	0.433782	-0.506343	0.301744	-0.409230	1.047611	0.541268	0.843012	-0.583971	-0.063496	-0.334552	0.485133	0.516486	0.576113	0.463640	0.477772	0.508460	0.031354	0.059627	-0.142332	0.014132	0.030688	-0.074679	-0.005797	0.003926	0.004290	-0.010012	0.008054	0.008336
2024-08-20 21:10:06.060000	0.438950	-0.495667	0.308190	-0.413707	1.040135	0.544468	0.852657	-0.583911	-0.063535	-0.334617	0.477656	0.519686	0.585759	0.456224	0.480933	0.518040	0.042030	0.066073	-0.146808	0.024709	0.037107	-0.079090	-0.003450	0.005393	0.005188	-0.007653	0.009535	0.009237
2024-08-20 21:10:06.323000	0.432390	-0.507934	0.300546	-0.406802	1.046580	0.538646	0.839192	-0.583850	-0.063573	-0.334683	0.484102	0.513864	0.572293	0.462730	0.475072	0.504509	0.029763	0.058429	-0.139903	0.012343	0.029436	-0.072119	-0.005879	0.003622	0.004115	-0.010072	0.007779	0.008168
2024-08-20 21:10:06.585000	0.430700	-0.501116	0.307230	-0.413611	1.038196	0.537080	0.844311	-0.583790	-0.063612	-0.334748	0.475718	0.512299	0.577412	0.454406	0.473468	0.509563	0.036581	0.065114	-0.146712	0.019063	0.036094	-0.078862	-0.004647	0.004651	0.005046	-0.008829	0.008824	0.009103
2024-08-20 21:10:06.847000	0.437956	-0.504236	0.300794	-0.404403	1.045802	0.541566	0.842360	-0.583730	-0.063650	-0.334813	0.483324	0.516784	0.575461	0.462072	0.477915	0.507546	0.033460	0.058677	-0.137505	0.015843	0.029631	-0.069590	-0.004708	0.004000	0.004142	-0.008879	0.008187	0.008203
2024-08-20 21:10:07.109000	0.427619	-0.498942	0.309482	-0.417144	1.034224	0.535281	0.844763	-0.583670	-0.063689	-0.334879	0.471745	0.510500	0.577865	0.450554	0.471593	0.509885	0.038754	0.067365	-0.150246	0.021039	0.038292	-0.082266	-0.004510	0.004997	0.005353	-0.008671	0.009199	0.009418
2024-08-20 21:10:07.371000	0.432191	-0.509562	0.307862	-0.412673	1.046564	0.537002	0.844864	-0.583609	-0.063727	-0.334944	0.484085	0.512221	0.577965	0.462955	0.473275	0.509920	0.028135	0.065745	-0.145774	0.010320	0.036645	-0.077729	-0.005942	0.003455	0.005123	-0.010092	0.007671	0.009191
2024-08-20 21:10:07.633000	0.428911	-0.515366	0.298667	-0.403663	1.049273	0.533907	0.832574	-0.583549	-0.063766	-0.335009	0.486794	0.509125	0.565676	0.465724	0.470142	0.497565	0.022331	0.056550	-0.136765	0.004418	0.027424	-0.068654	-0.007069	0.002487	0.003834	-0.011207	0.006718	0.007906
2024-08-20 21:10:07.895000	0.432390	-0.514536	0.304909	-0.410173	1.052190	0.537654	0.842563	-0.583488	-0.063804	-0.335074	0.489712	0.512872	0.575665	0.468702	0.473850	0.507489	0.023160	0.062793	-0.143275	0.005148	0.033640	-0.075099	-0.006974	0.002721	0.004703	-0.011101	0.006967	0.008778
2024-08-20 21:10:08.158000	0.429706	-0.518626	0.304810	-0.409484	1.053005	0.534380	0.839190	-0.583428	-0.063842	-0.335139	0.490527	0.509598	0.572291	0.469578	0.470537	0.504051	0.019071	0.062693	-0.142585	0.000960	0.033514	-0.074345	-0.007630	0.002145	0.004685	-0.011746	0.006406	0.008765
2024-08-20 21:10:15.838000	0.429806	-0.522540	0.303513	-0.399080	1.047912	0.525373	0.828886	-0.581625	-0.064946	-0.337005	0.485434	0.500591	0.561987	0.466287	0.460427	0.491880	0.015157	0.061396	-0.132181	-0.005861	0.031453	-0.062075	-0.006937	0.000873	0.004397	-0.010726	0.005569	0.008583
2024-08-20 21:10:16.100000	0.437559	-0.499998	0.312434	-0.406680	1.031803	0.531805	0.844239	-0.581563	-0.064983	-0.337068	0.469324	0.507023	0.577340	0.450240	0.466822	0.507171	0.037699	0.070317	-0.139781	0.016582	0.040349	-0.069612	-0.002515	0.003978	0.005641	-0.006292	0.008690	0.009830
2024-08-20 21:10:16.362000	0.436664	-0.513594	0.311455	-0.406771	1.045574	0.531980	0.843435	-0.581500	-0.065020	-0.337130	0.483096	0.507199	0.576537	0.464074	0.466960	0.506305	0.024103	0.069338	-0.139873	0.002886	0.039345	-0.069641	-0.005250	0.002183	0.005500	-0.009016	0.006909	0.009693
2024-08-20 21:10:16.624000	0.431297	-0.510659	0.305913	-0.402218	1.038260	0.527601	0.833515	-0.581438	-0.065057	-0.337193	0.475782	0.502820	0.566616	0.456822	0.462545	0.496322	0.027038	0.063797	-0.135320	0.005722	0.033778	-0.065026	-0.004910	0.002471	0.004722	-0.008665	0.007212	0.008919
2024-08-20 21:10:16.886000	0.434577	-0.505138	0.312762	-0.409854	1.036806	0.531668	0.844431	-0.581375	-0.065094	-0.337255	0.474328	0.506887	0.577532	0.455431	0.466575	0.507176	0.032559	0.070645	-0.142955	0.011144	0.040601	-0.072599	-0.004046	0.003354	0.005676	-0.007790	0.008110	0.009876
2024-08-20 21:10:17.148000	0.439149	-0.497995	0.310307	-0.406705	1.033542	0.535548	0.845854	-0.581312	-0.065131	-0.337317	0.471064	0.510766	0.578956	0.452230	0.470417	0.508538	0.039702	0.068190	-0.139807	0.018187	0.038121	-0.069388	-0.002603	0.004208	0.005329	-0.006335	0.008979	0.009533
2024-08-20 21:10:17.411000	0.437062	-0.503809	0.304517	-0.403293	1.039647	0.535838	0.840355	-0.581249	-0.065168	-0.337379	0.477169	0.511056	0.573456	0.458398	0.470671	0.502976	0.033888	0.062400	-0.136395	0.012273	0.032305	-0.065914	-0.004150	0.003381	0.004516	-0.007871	0.008166	0.008724
2024-08-20 21:10:17.673000	0.444914	-0.498438	0.308533	-0.405686	1.040506	0.542068	0.850601	-0.581187	-0.065204	-0.337441	0.478027	0.517286	0.583702	0.459319	0.476864	0.513159	0.039259	0.066416	-0.138788	0.017545	0.036296	-0.068245	-0.002854	0.004107	0.005074	-0.006563	0.008907	0.009285
2024-08-20 21:10:17.935000	0.434179	-0.503680	0.307787	-0.407496	1.037569	0.533888	0.841675	-0.581124	-0.065241	-0.337503	0.475090	0.509107	0.574777	0.456445	0.468647	0.504172	0.034016	0.065670	-0.140598	0.012203	0.035525	-0.069993	-0.004326	0.003467	0.004966	-0.008024	0.008282	0.009181
2024-08-20 21:10:18.197000	0.440044	-0.503716	0.307578	-0.405904	1.042086	0.538370	0.845948	-0.581061	-0.065278	-0.337565	0.479608	0.513588	0.579049	0.461025	0.473092	0.508383	0.033980	0.065461	-0.139006	0.012067	0.035291	-0.068339	-0.004079	0.003398	0.004934	-0.007766	0.008228	0.009152
2024-08-20 21:10:18.459000	0.446107	-0.493432	0.315058	-0.412105	1.036586	0.543154	0.858212	-0.580998	-0.065314	-0.337627	0.474107	0.518372	0.591313	0.455588	0.477839	0.520585	0.044265	0.072941	-0.145206	0.022252	0.042746	-0.074478	-0.001936	0.004857	0.005976	-0.005612	0.009702	0.010197
2024-08-20 21:10:18.721000	0.443125	-0.508073	0.305829	-0.404256	1.049626	0.541553	0.847382	-0.580935	-0.065351	-0.337688	0.487148	0.516771	0.580483	0.468691	0.476202	0.509693	0.029623	0.063712	-0.137358	0.007511	0.033492	-0.066568	-0.004930	0.002760	0.004682	-0.008593	0.007620	0.008907
2024-08-20 21:10:18.983000	0.443423	-0.496594	0.306381	-0.403222	1.036859	0.540265	0.846646	-0.580872	-0.065388	-0.337750	0.474380	0.515483	0.579747	0.455987	0.474877	0.508896	0.041103	0.064264	-0.136324	0.018891	0.034018	-0.065472	-0.002511	0.004221	0.004756	-0.006163	0.009095	0.008984
2024-08-20 21:10:19.246000	0.441137	-0.497748	0.310739	-0.411258	1.039404	0.541656	0.852395	-0.580809	-0.065424	-0.337812	0.476925	0.516874	0.585497	0.458595	0.476232	0.514584	0.039949	0.068622	-0.144360	0.017637	0.038352	-0.073446	-0.003438	0.004264	0.005362	-0.007079	0.009153	0.009593
2024-08-20 21:10:19.508000	0.440740	-0.509546	0.307708	-0.407993	1.050571	0.541025	0.848733	-0.580745	-0.065461	-0.337873	0.488093	0.516243	0.581834	0.469826	0.475564	0.510859	0.028151	0.065591	-0.141094	0.005739	0.035295	-0.070120	-0.005592	0.002620	0.004934	-0.009221	0.007525	0.009170
2024-08-20 21:10:19.770000	0.449387	-0.494946	0.307439	-0.407111	1.044005	0.549059	0.856498	-0.580682	-0.065497	-0.337934	0.481527	0.524277	0.589600	0.463323	0.483562	0.518564	0.042751	0.065322	-0.140212	0.020239	0.035002	-0.069176	-0.002782	0.004507	0.004893	-0.006400	0.009426	0.009132
2024-08-20 21:10:20.032000	0.445411	-0.493813	0.306654	-0.407268	1.039838	0.546025	0.852679	-0.580619	-0.065533	-0.337996	0.477360	0.521244	0.585781	0.459219	0.480492	0.514684	0.043884	0.064537	-0.140369	0.021273	0.034192	-0.069272	-0.002765	0.004656	0.004780	-0.006371	0.009590	0.009022
2024-08-20 21:10:20.294000	0.442926	-0.494884	0.310804	-0.412515	1.039522	0.544638	0.855442	-0.580556	-0.065570	-0.338057	0.477044	0.519856	0.588543	0.458966	0.479068	0.517385	0.042813	0.068687	-0.145617	0.020102	0.038317	-0.074459	-0.003183	0.004622	0.005357	-0.006777	0.009571	0.009602
2024-08-20 21:10:20.556000	0.448990	-0.486505	0.313026	-0.411375	1.033844	0.547339	0.860365	-0.580492	-0.065606	-0.338118	0.471366	0.522557	0.593466	0.453352	0.481733	0.522246	0.051192	0.070909	-0.144476	0.028381	0.040514	-0.073257	-0.000996	0.005651	0.005664	-0.004580	0.010615	0.009913
2024-08-20 21:10:20.818000	0.448493	-0.495693	0.309214	-0.410219	1.045191	0.549498	0.858712	-0.580429	-0.065642	-0.338179	0.482712	0.524716	0.591813	0.464762	0.483856	0.520532	0.042004	0.067097	-0.143320	0.019094	0.036677	-0.072040	-0.003221	0.004429	0.005127	-0.006793	0.009408	0.009380
2024-08-20 21:10:21.081000	0.451177	-0.488215	0.311723	-0.412521	1.040189	0.551974	0.863697	-0.580365	-0.065679	-0.338240	0.477710	0.527192	0.596799	0.459824	0.486295	0.525457	0.049482	0.069606	-0.145622	0.026471	0.039162	-0.074280	-0.001806	0.005447	0.005475	-0.005366	0.010441	0.009731
2024-08-20 21:10:21.343000	0.440839	-0.497109	0.309944	-0.410690	1.038694	0.541585	0.851529	-0.580301	-0.065715	-0.338301	0.476216	0.516804	0.584631	0.458393	0.475870	0.513228	0.040588	0.067827	-0.143792	0.017478	0.037358	-0.072389	-0.003456	0.004220	0.005223	-0.007005	0.009228	0.009482
2024-08-20 21:10:21.605000	0.443821	-0.492474	0.305421	-0.406411	1.037285	0.544811	0.850232	-0.580238	-0.065751	-0.338362	0.474806	0.520029	0.583334	0.457047	0.479060	0.511870	0.045223	0.063304	-0.139513	0.022013	0.032810	-0.068049	-0.002659	0.004729	0.004587	-0.006196	0.009753	0.008850
2024-08-20 21:10:21.867000	0.451375	-0.479017	0.315605	-0.414985	1.029772	0.550755	0.866360	-0.580174	-0.065787	-0.338423	0.467294	0.525973	0.599461	0.449598	0.484968	0.527937	0.058680	0.073488	-0.148086	0.035370	0.042969	-0.076562	0.000137	0.006653	0.006007	-0.003389	0.011691	0.010274
2024-08-20 21:10:22.129000	0.450381	-0.486546	0.311480	-0.411304	1.036752	0.550205	0.861685	-0.580110	-0.065823	-0.338483	0.474273	0.525424	0.594787	0.456641	0.484382	0.523202	0.051150	0.069363	-0.144405	0.027741	0.038820	-0.072821	-0.001357	0.005572	0.005427	-0.004871	0.010625	0.009697
2024-08-20 21:10:22.391000	0.449785	-0.484296	0.312434	-0.413808	1.035455	0.551159	0.863593	-0.580046	-0.065859	-0.338544	0.472977	0.526378	0.596695	0.455408	0.485300	0.525050	0.053401	0.070317	-0.146910	0.029892	0.039749	-0.075265	-0.001248	0.005924	0.005557	-0.004751	0.010992	0.009830
2024-08-20 21:10:22.653000	0.448990	-0.486217	0.312563	-0.412977	1.035620	0.549403	0.861967	-0.579983	-0.065895	-0.338604	0.473142	0.524622	0.595068	0.455637	0.483508	0.523362	0.051480	0.070446	-0.146078	0.027871	0.039854	-0.074373	-0.001432	0.005627	0.005572	-0.004922	0.010710	0.009848
2024-08-20 21:10:22.916000	0.453463	-0.476648	0.314934	-0.413458	1.028635	0.551987	0.866921	-0.579918	-0.065931	-0.338665	0.466157	0.527206	0.600023	0.448717	0.486056	0.528256	0.061049	0.072817	-0.146560	0.037339	0.042200	-0.074794	0.000692	0.006865	0.005900	-0.002787	0.011962	0.010180
2024-08-20 21:10:23.178000	0.453662	-0.486536	0.311182	-0.411461	1.040477	0.553941	0.865123	-0.579854	-0.065967	-0.338725	0.477998	0.529159	0.598224	0.460622	0.487974	0.526397	0.051161	0.069065	-0.144562	0.027352	0.038423	-0.072736	-0.001489	0.005522	0.005372	-0.004956	0.010635	0.009655
2024-08-20 21:10:23.440000	0.454755	-0.482977	0.310441	-0.410214	1.037505	0.554528	0.864969	-0.579790	-0.066003	-0.338785	0.475027	0.529746	0.598070	0.457714	0.488525	0.526183	0.054719	0.068324	-0.143315	0.030810	0.037659	-0.071428	-0.000745	0.005945	0.005265	-0.004201	0.011072	0.009552
2024-08-20 21:10:23.702000	0.460818	-0.477812	0.316490	-0.414275	1.036415	0.558604	0.875093	-0.579726	-0.066039	-0.338846	0.473937	0.533822	0.608195	0.456689	0.492565	0.536248	0.059885	0.074373	-0.147376	0.035876	0.043683	-0.075429	0.000585	0.006675	0.006107	-0.002859	0.011817	0.010397
2024-08-20 21:10:23.964000	0.466584	-0.478414	0.311882	-0.410234	1.043350	0.564935	0.876818	-0.579662	-0.066074	-0.338906	0.480871	0.540154	0.609919	0.463687	0.498861	0.537912	0.059282	0.069765	-0.143335	0.035173	0.039051	-0.071328	0.000350	0.006502	0.005459	-0.003082	0.011659	0.009753
2024-08-20 21:10:24.226000	0.458135	-0.484002	0.307544	-0.407552	1.042145	0.558143	0.865687	-0.579598	-0.066110	-0.338966	0.479667	0.533361	0.598788	0.462547	0.492033	0.526721	0.053695	0.065427	-0.140653	0.029486	0.034688	-0.068586	-0.001017	0.005712	0.004849	-0.004437	0.010884	0.009147
2024-08-20 21:10:24.488000	0.467677	-0.476324	0.307057	-0.404976	1.041920	0.565597	0.872653	-0.579534	-0.066146	-0.339026	0.479442	0.540815	0.605755	0.462387	0.499451	0.533628	0.061373	0.064940	-0.138078	0.037065	0.034177	-0.065951	0.000794	0.006633	0.004778	-0.002615	0.011820	0.009079
2024-08-20 21:10:24.751000	0.488153	-0.468429	0.308150	-0.404185	1.052617	0.584189	0.892339	-0.579469	-0.066182	-0.339086	0.490139	0.559407	0.625440	0.473148	0.518007	0.553253	0.069268	0.066033	-0.137287	0.044859	0.035246	-0.065100	0.002606	0.007623	0.004927	-0.000791	0.012824	0.009231
2024-08-20 21:10:25.013000	0.492129	-0.467996	0.309646	-0.406279	1.056759	0.588763	0.898409	-0.579405	-0.066217	-0.339145	0.494280	0.563981	0.631510	0.477354	0.522546	0.559263	0.069701	0.067529	-0.139381	0.045192	0.036718	-0.067134	0.002561	0.007716	0.005133	-0.000825	0.012932	0.009441
2024-08-20 21:10:25.275000	0.484575	-0.466750	0.312409	-0.409179	1.048095	0.581345	0.893754	-0.579340	-0.066253	-0.339205	0.485616	0.556564	0.626856	0.468754	0.515093	0.554549	0.070947	0.070292	-0.142281	0.046338	0.039457	-0.069974	0.002755	0.007928	0.005516	-0.000619	0.013159	0.009827
2024-08-20 21:10:25.537000	0.497596	-0.462583	0.313438	-0.409899	1.056641	0.594058	0.907496	-0.579276	-0.066288	-0.339265	0.494163	0.569276	0.640597	0.477365	0.527770	0.568231	0.075113	0.071321	-0.143001	0.050404	0.040462	-0.070635	0.003575	0.008475	0.005657	0.000213	0.013721	0.009971
2024-08-20 21:10:25.799000	0.495509	-0.457516	0.316833	-0.413114	1.049306	0.591790	0.908623	-0.579211	-0.066324	-0.339324	0.486828	0.567009	0.641724	0.470095	0.525467	0.569299	0.080181	0.074716	-0.146215	0.055372	0.043832	-0.073790	0.004538	0.009194	0.006128	0.001188	0.014455	0.010445
2024-08-20 21:10:26.061000	0.490738	-0.461502	0.312976	-0.410863	1.050126	0.588625	0.901600	-0.579147	-0.066359	-0.339384	0.487648	0.563843	0.634702	0.470980	0.522266	0.562217	0.076195	0.070859	-0.143964	0.051286	0.039951	-0.071479	0.003478	0.008624	0.005585	0.000140	0.013900	0.009906
2024-08-20 21:10:26.323000	0.500181	-0.461708	0.316042	-0.412338	1.058184	0.596477	0.912519	-0.579082	-0.066394	-0.339443	0.495706	0.571695	0.645620	0.479102	0.530082	0.573076	0.075989	0.073925	-0.145439	0.050980	0.042994	-0.072895	0.003735	0.008595	0.006011	0.000408	0.013886	0.010335
2024-08-20 21:10:26.586000	0.495708	-0.465081	0.311152	-0.406822	1.056459	0.591378	0.902530	-0.579017	-0.066430	-0.339502	0.493981	0.566596	0.635631	0.477442	0.524948	0.563027	0.072616	0.069035	-0.139923	0.047506	0.038079	-0.067320	0.003216	0.008012	0.005323	-0.000099	0.013318	0.009651
2024-08-20 21:10:26.848000	0.496304	-0.460425	0.311644	-0.408277	1.053363	0.592937	0.904581	-0.578952	-0.066465	-0.339562	0.490884	0.568156	0.637683	0.474410	0.526472	0.565020	0.077271	0.069527	-0.141378	0.052062	0.038547	-0.068715	0.003882	0.008653	0.005389	0.000578	0.013973	0.009720
2024-08-20 21:10:27.110000	0.497994	-0.463433	0.309412	-0.406208	1.058223	0.594790	0.904202	-0.578888	-0.066500	-0.339621	0.495745	0.570008	0.637304	0.479336	0.528290	0.564582	0.074264	0.067295	-0.139310	0.048954	0.036292	-0.066588	0.003280	0.008200	0.005074	-0.000011	0.013535	0.009408
2024-08-20 21:10:27.372000	0.503163	-0.467996	0.309561	-0.403836	1.065433	0.597437	0.906998	-0.578823	-0.066536	-0.339680	0.502955	0.572655	0.640100	0.486610	0.530901	0.567319	0.069701	0.067444	-0.136937	0.044291	0.036417	-0.064156	0.002907	0.007504	0.005091	-0.000373	0.012854	0.009429
2024-08-20 21:10:27.634000	0.497795	-0.464715	0.312146	-0.408505	1.058870	0.594154	0.906300	-0.578758	-0.066571	-0.339739	0.496392	0.569373	0.639402	0.480112	0.527584	0.566562	0.072981	0.070029	-0.141607	0.047472	0.038978	-0.068766	0.003105	0.008044	0.005449	-0.000163	0.013409	0.009790
2024-08-20 21:10:27.896000	0.494614	-0.468259	0.310709	-0.407096	1.059259	0.591001	0.901710	-0.578693	-0.066606	-0.339797	0.496781	0.566219	0.634811	0.480566	0.524395	0.561913	0.069438	0.068593	-0.140197	0.043828	0.037518	-0.067298	0.002431	0.007532	0.005245	-0.000825	0.012912	0.009589
2024-08-20 21:10:28.158000	0.496006	-0.465642	0.309278	-0.405499	1.057869	0.592226	0.901505	-0.578628	-0.066641	-0.339856	0.495391	0.567445	0.634606	0.479241	0.525586	0.561648	0.072054	0.067161	-0.138600	0.046344	0.036063	-0.065642	0.002934	0.007827	0.005042	-0.000310	0.013222	0.009389
2024-08-20 21:10:28.421000	0.491931	-0.463031	0.313344	-0.411547	1.053165	0.590134	0.903478	-0.578562	-0.066676	-0.339915	0.490687	0.565352	0.636579	0.474603	0.523458	0.563563	0.074665	0.071227	-0.144649	0.048855	0.040105	-0.071632	0.003028	0.008306	0.005607	-0.000204	0.013716	0.009957
2024-08-20 21:10:28.683000	0.495708	-0.460760	0.311738	-0.407653	1.052383	0.591623	0.903361	-0.578497	-0.066711	-0.339974	0.489905	0.566841	0.636463	0.473886	0.524912	0.563387	0.076937	0.069621	-0.140755	0.051026	0.038476	-0.067680	0.003875	0.008484	0.005379	0.000654	0.013908	0.009733
2024-08-20 21:10:28.945000	0.506940	-0.463639	0.316137	-0.412379	1.066821	0.603182	0.919319	-0.578432	-0.066746	-0.340032	0.504343	0.578400	0.652420	0.488389	0.536436	0.579286	0.074058	0.074020	-0.145480	0.048047	0.042850	-0.072346	0.003270	0.008192	0.005990	0.000061	0.013631	0.010348
2024-08-20 21:10:29.207000	0.494813	-0.456671	0.319273	-0.416632	1.048844	0.592173	0.911446	-0.578367	-0.066781	-0.340091	0.486365	0.567391	0.644547	0.470477	0.525392	0.571355	0.081026	0.077156	-0.149734	0.054915	0.045963	-0.076541	0.004336	0.009199	0.006426	0.001139	0.014653	0.010786
2024-08-20 21:10:29.469000	0.490638	-0.469283	0.309561	-0.408323	1.058683	0.589400	0.898961	-0.578302	-0.066816	-0.340149	0.496205	0.564618	0.632062	0.480381	0.522584	0.558812	0.068413	0.067444	-0.141424	0.042202	0.036228	-0.068173	0.001714	0.007360	0.005065	-0.001471	0.012829	0.009429
2024-08-20 21:10:29.731000	0.492129	-0.457686	0.316529	-0.413996	1.047282	0.589596	0.906125	-0.578236	-0.066851	-0.340208	0.484803	0.564814	0.639227	0.469045	0.522745	0.565918	0.080011	0.074412	-0.147097	0.053700	0.043173	-0.073788	0.004102	0.008981	0.006036	0.000929	0.014465	0.010403
2024-08-20 21:10:29.993000	0.483780	-0.477024	0.310198	-0.410249	1.060855	0.583831	0.894029	-0.578171	-0.066885	-0.340266	0.498377	0.559050	0.627130	0.482685	0.516946	0.553763	0.060673	0.068081	-0.143351	0.034261	0.036817	-0.069983	0.000009	0.006364	0.005147	-0.003152	0.011862	0.009518
2024-08-20 21:10:30.256000	0.488750	-0.469896	0.311664	-0.411542	1.058524	0.588628	0.900292	-0.578105	-0.066920	-0.340324	0.496046	0.563846	0.633393	0.480419	0.521708	0.559968	0.067800	0.069547	-0.144643	0.041288	0.038260	-0.071218	0.001352	0.007315	0.005349	-0.001798	0.012828	0.009723
2024-08-20 21:10:30.518000	0.489048	-0.464963	0.314715	-0.413600	1.052896	0.587933	0.902648	-0.578040	-0.066955	-0.340382	0.490417	0.563152	0.635750	0.474856	0.520978	0.562266	0.072734	0.072598	-0.146702	0.046122	0.041288	-0.073218	0.002446	0.007983	0.005772	-0.000692	0.013512	0.010149
2024-08-20 21:10:30.780000	0.484973	-0.469422	0.315779	-0.414407	1.053023	0.583600	0.899379	-0.577974	-0.066990	-0.340440	0.490544	0.558819	0.632481	0.475049	0.516611	0.558939	0.068274	0.073662	-0.147508	0.041562	0.042328	-0.073966	0.001658	0.007394	0.005918	-0.001468	0.012937	0.010298
2024-08-20 21:10:31.042000	0.487060	-0.473455	0.310630	-0.408754	1.058639	0.585184	0.895814	-0.577908	-0.067024	-0.340498	0.496160	0.560402	0.628915	0.480730	0.518159	0.555315	0.064242	0.068513	-0.141855	0.037429	0.037156	-0.068255	0.000992	0.006722	0.005194	-0.002121	0.012280	0.009578
2024-08-20 21:10:31.304000	0.488253	-0.467774	0.313050	-0.412612	1.055589	0.587814	0.900865	-0.577843	-0.067059	-0.340556	0.493110	0.563033	0.633966	0.477746	0.520755	0.560309	0.069922	0.070933	-0.145713	0.043009	0.039553	-0.072056	0.001758	0.007554	0.005530	-0.001343	0.013127	0.009916
2024-08-20 21:10:31.566000	0.486762	-0.473336	0.312499	-0.409539	1.057139	0.583803	0.896301	-0.577777	-0.067093	-0.340614	0.494661	0.559021	0.629403	0.479362	0.516709	0.555688	0.064360	0.070382	-0.142641	0.037347	0.038978	-0.068926	0.001199	0.006713	0.005449	-0.001890	0.012300	0.009839
2024-08-20 21:10:31.828000	0.479307	-0.473136	0.315431	-0.416151	1.053162	0.580026	0.895457	-0.577711	-0.067128	-0.340671	0.490684	0.555245	0.628559	0.475451	0.512899	0.554786	0.064561	0.073314	-0.149252	0.037448	0.041888	-0.075479	0.000521	0.006904	0.005856	-0.002557	0.012507	0.010249
2024-08-20 21:10:32.091000	0.482885	-0.471766	0.315590	-0.414883	1.053944	0.582178	0.897768	-0.577645	-0.067163	-0.340729	0.491466	0.557397	0.630870	0.476299	0.515016	0.557039	0.065931	0.073473	-0.147985	0.038717	0.042023	-0.074154	0.001036	0.007028	0.005875	-0.002029	0.012645	0.010272
2024-08-20 21:10:32.353000	0.470957	-0.476020	0.310729	-0.410893	1.047141	0.571121	0.881850	-0.577579	-0.067197	-0.340787	0.484662	0.546339	0.614952	0.469561	0.503924	0.541064	0.061677	0.068612	-0.143995	0.034363	0.037140	-0.070106	0.000067	0.006377	0.005192	-0.002987	0.012010	0.009592
2024-08-20 21:10:32.615000	0.468870	-0.479779	0.311589	-0.412064	1.049124	0.569345	0.880934	-0.577513	-0.067231	-0.340844	0.486646	0.544563	0.614035	0.471611	0.502114	0.540090	0.057918	0.069472	-0.145166	0.030503	0.037976	-0.071220	-0.000701	0.005894	0.005309	-0.003742	0.011541	0.009712
2024-08-20 21:10:32.877000	0.474436	-0.476262	0.312340	-0.412875	1.051234	0.574972	0.887312	-0.577447	-0.067266	-0.340901	0.488755	0.550190	0.620413	0.473786	0.507706	0.546410	0.061435	0.070223	-0.145977	0.033920	0.038704	-0.071974	-0.000073	0.006362	0.005411	-0.003102	0.012023	0.009817
2024-08-20 21:10:33.139000	0.473442	-0.478960	0.311321	-0.411390	1.052472	0.573511	0.884832	-0.577381	-0.067300	-0.340959	0.489993	0.548730	0.617934	0.475090	0.506211	0.543873	0.058736	0.069204	-0.144491	0.031121	0.037662	-0.070431	-0.000496	0.005954	0.005265	-0.003513	0.011631	0.009675
2024-08-20 21:10:33.401000	0.464794	-0.477920	0.314382	-0.416161	1.044493	0.566573	0.880955	-0.577315	-0.067334	-0.341016	0.482015	0.541791	0.614057	0.467178	0.499239	0.539939	0.059777	0.072265	-0.149262	0.032061	0.040701	-0.075145	-0.000641	0.006196	0.005690	-0.003646	0.011887	0.010103
2024-08-20 21:10:33.663000	0.467578	-0.484780	0.308717	-0.409839	1.053479	0.568700	0.877416	-0.577249	-0.067368	-0.341073	0.491001	0.543918	0.610518	0.476230	0.501331	0.536343	0.052917	0.066600	-0.142940	0.025101	0.035012	-0.068766	-0.001801	0.005135	0.004895	-0.004794	0.010842	0.009311
2024-08-20 21:10:33.926000	0.474834	-0.478507	0.311559	-0.411162	1.052943	0.574436	0.885996	-0.577183	-0.067403	-0.341130	0.490465	0.549655	0.619097	0.475761	0.507034	0.544865	0.059190	0.069442	-0.144263	0.031273	0.037832	-0.070032	-0.000358	0.005959	0.005289	-0.003340	0.011681	0.009708
2024-08-20 21:10:34.188000	0.471752	-0.476627	0.311197	-0.410280	1.047463	0.570835	0.882032	-0.577116	-0.067437	-0.341187	0.484984	0.546054	0.615133	0.470347	0.503399	0.540845	0.061069	0.069080	-0.143381	0.033052	0.037446	-0.069092	0.000077	0.006168	0.005235	-0.002892	0.011904	0.009657
2024-08-20 21:10:34.450000	0.476126	-0.482771	0.317568	-0.416577	1.057906	0.575134	0.892703	-0.577050	-0.067471	-0.341244	0.495427	0.550353	0.625804	0.480856	0.507664	0.551458	0.054925	0.075451	-0.149678	0.026808	0.043795	-0.075332	-0.001055	0.005474	0.006123	-0.004012	0.011225	0.010548
2024-08-20 21:10:34.712000	0.472945	-0.472487	0.313577	-0.415497	1.047351	0.574865	0.888442	-0.576984	-0.067505	-0.341301	0.484873	0.550083	0.621543	0.470368	0.507360	0.547141	0.065210	0.071460	-0.148598	0.036992	0.039781	-0.074196	0.000278	0.006826	0.005561	-0.002668	0.012592	0.009990
2024-08-20 21:10:34.974000	0.474237	-0.473455	0.308672	-0.409844	1.048864	0.575409	0.884081	-0.576917	-0.067539	-0.341358	0.486386	0.550628	0.617182	0.471947	0.507870	0.542723	0.064242	0.066555	-0.142945	0.035923	0.034853	-0.068486	0.000226	0.006557	0.004872	-0.002706	0.012337	0.009304
2024-08-20 21:10:35.236000	0.472846	-0.481422	0.311525	-0.411765	1.054508	0.573086	0.884611	-0.576851	-0.067573	-0.341414	0.492030	0.548305	0.617712	0.477658	0.505513	0.543197	0.056275	0.069408	-0.144867	0.027856	0.037683	-0.070351	-0.001081	0.005520	0.005268	-0.004002	0.011316	0.009703
2024-08-20 21:10:35.498000	0.465192	-0.475263	0.314631	-0.417251	1.043075	0.567812	0.882443	-0.576784	-0.067607	-0.341471	0.480596	0.543030	0.615544	0.466290	0.500205	0.540972	0.062434	0.072514	-0.150352	0.033915	0.040767	-0.075780	-0.000407	0.006460	0.005699	-0.003315	0.012270	0.010137
2024-08-20 21:10:35.760000	0.477021	-0.478368	0.306962	-0.407952	1.056379	0.578011	0.884973	-0.576718	-0.067641	-0.341527	0.493901	0.553229	0.618075	0.479661	0.510370	0.543446	0.059329	0.064845	-0.141054	0.030709	0.033076	-0.066425	-0.000686	0.005822	0.004624	-0.003583	0.011647	0.009065
2024-08-20 21:10:36.023000	0.482786	-0.472389	0.309686	-0.409894	1.055383	0.582994	0.892680	-0.576651	-0.067675	-0.341584	0.492905	0.558213	0.625782	0.478733	0.515320	0.551096	0.065308	0.067569	-0.142996	0.036587	0.035776	-0.068310	0.000561	0.006628	0.005002	-0.002324	0.012468	0.009446
2024-08-20 21:10:36.285000	0.481494	-0.467023	0.318423	-0.418899	1.048992	0.581969	0.900392	-0.576584	-0.067708	-0.341640	0.486514	0.557188	0.633494	0.472408	0.514261	0.558752	0.070674	0.076306	-0.152000	0.041853	0.044491	-0.077258	0.001496	0.007514	0.006220	-0.001376	0.013369	0.010668
2024-08-20 21:10:36.547000	0.485967	-0.474433	0.312732	-0.411055	1.058723	0.584290	0.897022	-0.576517	-0.067742	-0.341696	0.496245	0.559508	0.630123	0.482206	0.516547	0.555326	0.063263	0.070615	-0.144157	0.034342	0.038778	-0.069359	0.000521	0.006332	0.005421	-0.002339	0.012202	0.009872
2024-08-20 21:10:36.809000	0.477518	-0.473192	0.312007	-0.413509	1.052212	0.579020	0.891027	-0.576451	-0.067776	-0.341753	0.489734	0.554239	0.624128	0.475762	0.511244	0.549274	0.064504	0.069890	-0.146611	0.035482	0.038030	-0.071757	0.000129	0.006568	0.005317	-0.002719	0.012453	0.009771
2024-08-20 21:10:37.071000	0.481991	-0.461564	0.321206	-0.422017	1.044365	0.582801	0.904007	-0.576384	-0.067810	-0.341809	0.481886	0.558020	0.637109	0.467981	0.514992	0.562199	0.076133	0.079089	-0.155118	0.047011	0.047207	-0.080208	0.002408	0.008259	0.006600	-0.000427	0.014159	0.011057
2024-08-20 21:10:37.333000	0.473840	-0.475808	0.312479	-0.413580	1.050750	0.574941	0.887420	-0.576317	-0.067843	-0.341865	0.488271	0.550160	0.620521	0.474433	0.507098	0.545555	0.061888	0.070362	-0.146682	0.032665	0.038457	-0.071716	-0.000303	0.006190	0.005376	-0.003127	0.012104	0.009837
2024-08-20 21:10:37.596000	0.481991	-0.473924	0.316519	-0.414959	1.054354	0.580430	0.896950	-0.576250	-0.067877	-0.341921	0.491876	0.555649	0.630051	0.478104	0.512554	0.555029	0.063773	0.074402	-0.148061	0.034449	0.042476	-0.073038	0.000547	0.006423	0.005938	-0.002265	0.012352	0.010401
2024-08-20 21:10:37.858000	0.480201	-0.466667	0.310983	-0.410538	1.046424	0.579757	0.890740	-0.576183	-0.067910	-0.341977	0.483946	0.554975	0.623841	0.470241	0.511846	0.548763	0.071029	0.068866	-0.143640	0.041605	0.036917	-0.068562	0.001661	0.007286	0.005161	-0.001138	0.013230	0.009627
2024-08-20 21:10:38.120000	0.474635	-0.466605	0.317131	-0.418741	1.042851	0.576246	0.893376	-0.576116	-0.067944	-0.342032	0.480373	0.551464	0.626478	0.466735	0.508302	0.551344	0.071091	0.075014	-0.151843	0.041566	0.043042	-0.076709	0.001270	0.007475	0.006017	-0.001517	0.013433	0.010487
2024-08-20 21:10:38.382000	0.476623	-0.474629	0.315168	-0.416987	1.053072	0.578443	0.893610	-0.576049	-0.067977	-0.342088	0.490593	0.553661	0.626712	0.477023	0.510465	0.551522	0.063068	0.073051	-0.150089	0.033442	0.041057	-0.074899	-0.000269	0.006366	0.005740	-0.003044	0.012340	0.010212
2024-08-20 21:10:38.644000	0.476524	-0.473259	0.316818	-0.418503	1.051468	0.578209	0.895027	-0.575982	-0.068011	-0.342144	0.488990	0.553428	0.628128	0.475487	0.510198	0.552883	0.064437	0.074701	-0.151605	0.034712	0.042685	-0.076360	-0.000001	0.006563	0.005967	-0.002764	0.012551	0.010443
2024-08-20 21:10:38.906000	0.475331	-0.478440	0.313011	-0.413900	1.054660	0.576220	0.889230	-0.575914	-0.068044	-0.342199	0.492182	0.551438	0.622332	0.478745	0.508176	0.547031	0.059257	0.070894	-0.147001	0.029430	0.038856	-0.071700	-0.000823	0.005758	0.005432	-0.003573	0.011761	0.009911
2024-08-20 21:10:39.168000	0.476126	-0.470870	0.313349	-0.414118	1.047765	0.576895	0.890244	-0.575847	-0.068077	-0.342255	0.485286	0.552113	0.623345	0.471917	0.508818	0.547989	0.066827	0.071232	-0.147219	0.036900	0.039171	-0.071863	0.000590	0.006746	0.005476	-0.002148	0.012764	0.009958
2024-08-20 21:10:39.431000	0.477816	-0.474830	0.311097	-0.411136	1.052685	0.577855	0.888952	-0.575780	-0.068111	-0.342310	0.490207	0.553073	0.622054	0.476905	0.509744	0.546642	0.062867	0.068980	-0.144238	0.032839	0.036898	-0.068826	-0.000017	0.006138	0.005158	-0.002743	0.012170	0.009643
2024-08-20 21:10:39.693000	0.485967	-0.474258	0.310705	-0.410401	1.059922	0.585663	0.896368	-0.575712	-0.068144	-0.342365	0.497443	0.560882	0.629469	0.484209	0.517519	0.554002	0.063438	0.068588	-0.143503	0.033310	0.036483	-0.068036	0.000142	0.006179	0.005100	-0.002571	0.012226	0.009589
2024-08-20 21:10:39.955000	0.485271	-0.462017	0.311087	-0.410858	1.047058	0.585041	0.896128	-0.575645	-0.068177	-0.342421	0.484580	0.560260	0.629230	0.471413	0.516864	0.553708	0.075680	0.068970	-0.143959	0.045451	0.036844	-0.068437	0.002383	0.007791	0.005151	-0.000318	0.013853	0.009642
2024-08-20 21:10:40.217000	0.483979	-0.457984	0.315128	-0.414868	1.041703	0.583719	0.898847	-0.575578	-0.068210	-0.342476	0.479225	0.558937	0.631948	0.466125	0.515508	0.556371	0.079712	0.073011	-0.147969	0.049383	0.040863	-0.072392	0.003126	0.008392	0.005713	0.000437	0.014469	0.010207
2024-08-20 21:10:40.479000	0.482488	-0.463582	0.308324	-0.408034	1.045780	0.582197	0.890521	-0.575510	-0.068244	-0.342531	0.483301	0.557416	0.623623	0.470270	0.513954	0.547990	0.074114	0.066207	-0.141135	0.043684	0.034037	-0.065503	0.002079	0.007494	0.004758	-0.000598	0.013586	0.009256
2024-08-20 21:10:40.741000	0.481891	-0.464721	0.308960	-0.409889	1.047541	0.582820	0.891780	-0.575443	-0.068277	-0.342586	0.485063	0.558039	0.624882	0.472098	0.514544	0.549195	0.072976	0.066843	-0.142991	0.042445	0.034651	-0.067304	0.001622	0.007382	0.004844	-0.001042	0.013489	0.009345
2024-08-20 21:10:41.003000	0.485370	-0.469974	0.311987	-0.412490	1.055847	0.585874	0.897860	-0.575375	-0.068310	-0.342641	0.493369	0.561092	0.630962	0.480472	0.517564	0.555220	0.067723	0.069870	-0.145592	0.037092	0.037656	-0.069850	0.000720	0.006724	0.005264	-0.001932	0.012845	0.009768
2024-08-20 21:10:41.265000	0.483780	-0.471112	0.307732	-0.407871	1.055030	0.583919	0.891651	-0.575307	-0.068343	-0.342695	0.492552	0.559137	0.624753	0.479723	0.515576	0.548956	0.066585	0.065616	-0.140973	0.035853	0.033380	-0.065176	0.000565	0.006457	0.004666	-0.002075	0.012594	0.009173
2024-08-20 21:10:41.528000	0.484575	-0.466559	0.312956	-0.413453	1.051632	0.585072	0.898028	-0.575240	-0.068376	-0.342750	0.489153	0.560291	0.631130	0.476392	0.516697	0.555278	0.071138	0.070839	-0.146555	0.040305	0.038581	-0.070703	0.001330	0.007165	0.005394	-0.001298	0.013316	0.009903
2024-08-20 21:10:41.790000	0.488153	-0.456841	0.311197	-0.408941	1.042739	0.585898	0.897095	-0.575172	-0.068409	-0.342805	0.480261	0.561116	0.630196	0.467567	0.517489	0.554290	0.080856	0.069080	-0.142043	0.049922	0.036800	-0.066136	0.003644	0.008307	0.005145	0.001029	0.014473	0.009657
2024-08-20 21:10:42.052000	0.488452	-0.465792	0.309919	-0.409438	1.053762	0.587970	0.897890	-0.575104	-0.068442	-0.342860	0.491284	0.563189	0.630991	0.478658	0.519529	0.555030	0.071905	0.067802	-0.142539	0.040871	0.035501	-0.066578	0.001633	0.007141	0.004963	-0.000970	0.013322	0.009479
2024-08-20 21:10:42.314000	0.489147	-0.461322	0.314521	-0.415289	1.051236	0.589915	0.904436	-0.575036	-0.068474	-0.342914	0.488758	0.565133	0.637538	0.476200	0.521440	0.561522	0.076375	0.072405	-0.148390	0.045240	0.040082	-0.072375	0.002212	0.007853	0.005603	-0.000378	0.014049	0.010122
2024-08-20 21:10:42.576000	0.488253	-0.474444	0.309109	-0.409453	1.063041	0.588597	0.897706	-0.574968	-0.068507	-0.342968	0.500562	0.563815	0.630807	0.488072	0.520090	0.554738	0.063253	0.066992	-0.142555	0.032017	0.034648	-0.066485	-0.000153	0.005979	0.004844	-0.002731	0.012189	0.009366
2024-08-20 21:10:42.838000	0.486762	-0.469850	0.307091	-0.407349	1.056870	0.587020	0.894111	-0.574900	-0.068540	-0.343023	0.494391	0.562238	0.627212	0.481969	0.518480	0.551088	0.067847	0.064974	-0.140451	0.036511	0.032609	-0.064326	0.000701	0.006525	0.004559	-0.001865	0.012751	0.009083
2024-08-20 21:10:43.100000	0.480698	-0.470689	0.306733	-0.407572	1.052227	0.581537	0.888271	-0.574833	-0.068573	-0.343077	0.489748	0.556756	0.621372	0.477394	0.512964	0.545194	0.067007	0.064617	-0.140674	0.035570	0.032229	-0.064495	0.000422	0.006411	0.004506	-0.002132	0.012651	0.009033
2024-08-20 21:10:43.363000	0.485470	-0.462563	0.309939	-0.411562	1.049655	0.587093	0.897032	-0.574764	-0.068605	-0.343131	0.487177	0.562311	0.630133	0.474891	0.518487	0.553901	0.075134	0.067822	-0.144664	0.043596	0.035413	-0.068431	0.001766	0.007562	0.004951	-0.000775	0.013816	0.009482
2024-08-20 21:10:43.625000	0.490738	-0.469366	0.311679	-0.409321	1.057746	0.588381	0.900059	-0.574696	-0.068638	-0.343185	0.495268	0.563599	0.633161	0.483050	0.519742	0.556874	0.068331	0.069562	-0.142423	0.036692	0.037131	-0.066136	0.001258	0.006557	0.005191	-0.001271	0.012827	0.009725
2024-08-20 21:10:43.887000	0.488452	-0.471127	0.309904	-0.409372	1.059046	0.587919	0.897824	-0.574628	-0.068671	-0.343239	0.496568	0.563138	0.630925	0.484418	0.519249	0.554584	0.066570	0.067787	-0.142474	0.034830	0.035336	-0.066133	0.000568	0.006331	0.004940	-0.001948	0.012616	0.009477
2024-08-20 21:10:44.149000	0.483581	-0.472801	0.305640	-0.405600	1.056342	0.583541	0.889181	-0.574560	-0.068703	-0.343293	0.493863	0.558759	0.622282	0.481782	0.514838	0.545888	0.064896	0.063523	-0.138701	0.033056	0.031050	-0.062307	0.000149	0.006022	0.004341	-0.002355	0.012321	0.008881
2024-08-20 21:10:44.411000	0.487060	-0.472286	0.312285	-0.412860	1.059921	0.587635	0.899920	-0.574492	-0.068736	-0.343347	0.497443	0.562854	0.633022	0.485429	0.518899	0.556573	0.065411	0.070168	-0.145962	0.033470	0.037674	-0.069513	0.000118	0.006234	0.005267	-0.002373	0.012548	0.009809
2024-08-20 21:10:44.673000	0.486265	-0.467836	0.308682	-0.409048	1.054467	0.586631	0.895312	-0.574424	-0.068768	-0.343401	0.491989	0.561849	0.628414	0.480043	0.517862	0.551911	0.069860	0.066565	-0.142149	0.037819	0.034049	-0.065647	0.000967	0.006725	0.004760	-0.001511	0.013053	0.009306
2024-08-20 21:10:44.935000	0.492030	-0.471343	0.307365	-0.406584	1.062592	0.591249	0.898614	-0.574355	-0.068801	-0.343455	0.500114	0.566467	0.631715	0.488237	0.522448	0.555159	0.066353	0.065248	-0.139685	0.034211	0.032711	-0.063129	0.000524	0.006182	0.004573	-0.001942	0.012526	0.009122
2024-08-20 21:10:45.198000	0.488452	-0.464272	0.305019	-0.405103	1.052808	0.588536	0.893555	-0.574287	-0.068833	-0.343508	0.490330	0.563754	0.626656	0.478522	0.519703	0.550046	0.073424	0.062902	-0.138205	0.041181	0.030344	-0.061595	0.001654	0.007079	0.004242	-0.000800	0.013438	0.008794
2024-08-20 21:10:45.460000	0.492925	-0.453519	0.315351	-0.414985	1.046077	0.592558	0.907909	-0.574218	-0.068865	-0.343562	0.483599	0.567776	0.641011	0.471859	0.523692	0.564347	0.084177	0.073235	-0.148086	0.051834	0.040655	-0.071423	0.003726	0.008686	0.005684	0.001285	0.015060	0.010238
2024-08-20 21:10:45.722000	0.496702	-0.459040	0.309104	-0.408170	1.054808	0.595768	0.904872	-0.574150	-0.068898	-0.343615	0.492330	0.570986	0.637974	0.480658	0.526870	0.561257	0.078657	0.066987	-0.141272	0.046212	0.034387	-0.064555	0.002796	0.007794	0.004807	0.000367	0.014181	0.009365
2024-08-20 21:10:45.984000	0.500578	-0.464880	0.303478	-0.401701	1.063682	0.598801	0.902280	-0.574081	-0.068930	-0.343669	0.501203	0.574020	0.635381	0.489600	0.529871	0.558611	0.072817	0.061361	-0.134803	0.040271	0.028739	-0.058032	0.001860	0.006863	0.004018	-0.000556	0.013265	0.008578
2024-08-20 21:10:46.246000	0.506145	-0.459596	0.305615	-0.403359	1.063485	0.603889	0.909504	-0.574013	-0.068962	-0.343722	0.501007	0.579107	0.642605	0.489472	0.534926	0.565782	0.078100	0.063498	-0.136460	0.045454	0.030855	-0.059637	0.002919	0.007575	0.004314	0.000515	0.013992	0.008877
2024-08-20 21:10:46.508000	0.503362	-0.465086	0.303538	-0.402112	1.067022	0.601936	0.905473	-0.573944	-0.068994	-0.343775	0.504543	0.577154	0.638575	0.493078	0.532941	0.561698	0.072611	0.061421	-0.135213	0.039864	0.028757	-0.058337	0.001730	0.006818	0.004020	-0.000662	0.013251	0.008587
2024-08-20 21:10:46.770000	0.504256	-0.461785	0.308150	-0.406513	1.064404	0.602619	0.910769	-0.573876	-0.069027	-0.343828	0.501926	0.577837	0.643870	0.490528	0.533592	0.566940	0.075912	0.066033	-0.139614	0.043064	0.033348	-0.062684	0.002372	0.007329	0.004662	-0.000007	0.013776	0.009231
2024-08-20 21:10:47.033000	0.504157	-0.455816	0.301694	-0.400226	1.058505	0.602689	0.904383	-0.573807	-0.069059	-0.343882	0.496027	0.577907	0.637484	0.484698	0.533630	0.560501	0.081881	0.059577	-0.133327	0.048932	0.026871	-0.056344	0.003428	0.007972	0.003757	0.001062	0.014434	0.008329
2024-08-20 21:10:47.295000	0.506045	-0.453123	0.305685	-0.404099	1.057583	0.604460	0.910145	-0.573738	-0.069091	-0.343935	0.495104	0.579678	0.643246	0.483845	0.535369	0.566210	0.084574	0.063568	-0.137201	0.051525	0.030841	-0.060165	0.003940	0.008393	0.004312	0.001586	0.014870	0.008887
2024-08-20 21:10:47.557000	0.502765	-0.461528	0.299681	-0.397255	1.061866	0.600339	0.900020	-0.573669	-0.069123	-0.343988	0.499388	0.575557	0.633121	0.488197	0.531216	0.556032	0.076169	0.057564	-0.130356	0.043019	0.024816	-0.053267	0.002528	0.007116	0.003469	0.000187	0.013607	0.008047
2024-08-20 21:10:47.819000	0.503362	-0.458623	0.304313	-0.403415	1.061086	0.602463	0.906776	-0.573601	-0.069155	-0.344040	0.498608	0.577682	0.639878	0.487486	0.533309	0.562736	0.079074	0.062196	-0.136516	0.045823	0.029428	-0.059374	0.002763	0.007631	0.004114	0.000435	0.014137	0.008695
2024-08-20 21:10:48.081000	0.504356	-0.460585	0.304045	-0.402948	1.063844	0.603259	0.907304	-0.573532	-0.069187	-0.344093	0.501366	0.578478	0.640405	0.490313	0.534073	0.563211	0.077112	0.061928	-0.136050	0.043760	0.029138	-0.058855	0.002425	0.007345	0.004074	0.000109	0.013866	0.008658
2024-08-20 21:10:48.343000	0.515091	-0.444337	0.307926	-0.405037	1.056539	0.612202	0.920128	-0.573463	-0.069219	-0.344146	0.494060	0.587420	0.653229	0.483076	0.542983	0.575982	0.093360	0.065809	-0.138139	0.059907	0.032999	-0.060891	0.005768	0.009499	0.004613	0.003464	0.016035	0.009200
2024-08-20 21:10:48.605000	0.506145	-0.454982	0.300158	-0.397818	1.058786	0.603804	0.903962	-0.573394	-0.069250	-0.344198	0.496308	0.579023	0.637064	0.485392	0.534554	0.559764	0.082715	0.058041	-0.130919	0.049161	0.025210	-0.053619	0.003674	0.007933	0.003524	0.001383	0.014484	0.008114
2024-08-20 21:10:48.868000	0.514991	-0.451887	0.301962	-0.399536	1.064452	0.612565	0.914528	-0.573325	-0.069282	-0.344251	0.501974	0.587784	0.647629	0.491127	0.543283	0.570277	0.085810	0.059845	-0.132638	0.052155	0.026994	-0.055285	0.004252	0.008362	0.003774	0.001974	0.014928	0.008366
2024-08-20 21:10:49.130000	0.512705	-0.453571	0.305392	-0.401838	1.062722	0.609152	0.914543	-0.573256	-0.069314	-0.344304	0.500244	0.584370	0.647645	0.489467	0.539837	0.570240	0.084126	0.063275	-0.134939	0.050371	0.030402	-0.057535	0.004146	0.008161	0.004250	0.001880	0.014741	0.008846
2024-08-20 21:10:49.392000	0.512407	-0.445712	0.307648	-0.405549	1.056020	0.610308	0.917956	-0.573187	-0.069346	-0.344356	0.493542	0.585527	0.651058	0.482834	0.540962	0.573600	0.091985	0.065531	-0.138651	0.058129	0.032638	-0.061193	0.005311	0.009278	0.004563	0.003058	0.015873	0.009161
2024-08-20 21:10:49.654000	0.513898	-0.453004	0.299338	-0.395967	1.063531	0.610527	0.909865	-0.573117	-0.069378	-0.344408	0.501053	0.585745	0.642966	0.490414	0.541149	0.565457	0.084692	0.057221	-0.129068	0.050736	0.024308	-0.051559	0.004187	0.008085	0.003398	0.001946	0.014695	0.008000
2024-08-20 21:10:49.916000	0.521254	-0.447195	0.304929	-0.401934	1.065454	0.618259	0.923188	-0.573048	-0.069409	-0.344460	0.502975	0.593477	0.656289	0.492405	0.548849	0.578728	0.090502	0.062812	-0.135036	0.056444	0.029878	-0.057474	0.005181	0.008967	0.004177	0.002953	0.015591	0.008781
2024-08-20 21:10:50.178000	0.523540	-0.447561	0.306336	-0.402933	1.067698	0.620137	0.926473	-0.572979	-0.069441	-0.344512	0.505219	0.595355	0.659574	0.494719	0.550696	0.581961	0.090136	0.064219	-0.136035	0.055977	0.031264	-0.058421	0.005180	0.008920	0.004371	0.002965	0.015559	0.008978
2024-08-20 21:10:50.440000	0.525428	-0.443915	0.300675	-0.396733	1.065400	0.621486	0.922161	-0.572910	-0.069472	-0.344564	0.502922	0.596704	0.655262	0.492491	0.552014	0.577597	0.093782	0.058558	-0.129834	0.059523	0.025583	-0.052168	0.005943	0.009250	0.003577	0.003740	0.015904	0.008186
2024-08-20 21:10:50.703000	0.532983	-0.442823	0.299800	-0.394370	1.070375	0.627552	0.927353	-0.572840	-0.069504	-0.344617	0.507897	0.602771	0.660454	0.497535	0.558048	0.582736	0.094874	0.057683	-0.127471	0.060513	0.024688	-0.049753	0.006417	0.009313	0.003451	0.004227	0.015982	0.008064
2024-08-20 21:10:50.965000	0.524931	-0.433790	0.302315	-0.398198	1.054604	0.620814	0.923129	-0.572771	-0.069536	-0.344668	0.492125	0.596032	0.656231	0.481833	0.551279	0.578461	0.103907	0.060198	-0.131299	0.069446	0.027182	-0.053529	0.007827	0.010586	0.003800	0.005650	0.017269	0.008416
2024-08-20 21:10:51.227000	0.522546	-0.447108	0.297897	-0.394710	1.066466	0.619359	0.917255	-0.572702	-0.069567	-0.344720	0.503988	0.594577	0.650357	0.493765	0.549792	0.572535	0.090589	0.055780	-0.127811	0.056027	0.022744	-0.049989	0.005167	0.008750	0.003180	0.003002	0.015449	0.007798
2024-08-20 21:10:51.489000	0.521154	-0.441206	0.305083	-0.403182	1.060458	0.619252	0.924336	-0.572632	-0.069598	-0.344772	0.497980	0.594471	0.657437	0.487826	0.549654	0.579564	0.096491	0.062967	-0.136283	0.061828	0.029910	-0.058410	0.006005	0.009707	0.004181	0.003853	0.016420	0.008803
2024-08-20 21:10:51.751000	0.521850	-0.446263	0.303031	-0.399136	1.064218	0.617955	0.920986	-0.572563	-0.069630	-0.344824	0.501739	0.593173	0.654087	0.491655	0.548325	0.576162	0.091434	0.060914	-0.132237	0.056670	0.027837	-0.054312	0.005437	0.008918	0.003892	0.003297	0.015645	0.008516
2024-08-20 21:10:52.013000	0.510518	-0.453128	0.298682	-0.396606	1.061570	0.608442	0.907124	-0.572493	-0.069661	-0.344875	0.499092	0.583661	0.640226	0.489077	0.538781	0.562249	0.084569	0.056565	-0.129707	0.049704	0.023468	-0.051731	0.003801	0.007964	0.003281	0.001675	0.014706	0.007908
2024-08-20 21:10:52.275000	0.511015	-0.451655	0.300695	-0.398674	1.060650	0.608995	0.909690	-0.572424	-0.069692	-0.344927	0.498171	0.584213	0.642791	0.488226	0.539303	0.564763	0.086042	0.058578	-0.131776	0.051076	0.025461	-0.053748	0.004052	0.008188	0.003559	0.001938	0.014945	0.008189
2024-08-20 21:10:52.538000	0.514991	-0.446134	0.295601	-0.392210	1.057735	0.611601	0.907202	-0.572354	-0.069724	-0.344978	0.495257	0.586819	0.640303	0.485381	0.541877	0.562223	0.091563	0.053484	-0.125312	0.056496	0.020346	-0.047232	0.005321	0.008750	0.002844	0.003220	0.015522	0.007477
2024-08-20 21:10:52.800000	0.521552	-0.444857	0.303463	-0.399425	1.062370	0.617513	0.920977	-0.572284	-0.069755	-0.345030	0.499892	0.592732	0.654078	0.490086	0.547758	0.575947	0.092840	0.061346	-0.132526	0.057672	0.028189	-0.054395	0.005674	0.009049	0.003941	0.003586	0.015835	0.008576
2024-08-20 21:10:53.062000	0.525031	-0.453936	0.299910	-0.394887	1.073945	0.620008	0.919918	-0.572214	-0.069786	-0.345081	0.511466	0.595227	0.653019	0.501730	0.550222	0.574837	0.083760	0.057793	-0.127989	0.048492	0.024615	-0.049806	0.004166	0.007729	0.003441	0.002091	0.014530	0.008079
2024-08-20 21:11:00.744000	0.548589	-0.439887	0.295476	-0.379702	1.072702	0.632815	0.928291	-0.570152	-0.070681	-0.346548	0.510223	0.608033	0.661392	0.502550	0.562133	0.581743	0.097809	0.053360	-0.112804	0.059583	0.019610	-0.033154	0.008450	0.008713	0.002741	0.006751	0.015946	0.007460
2024-08-20 21:11:01.006000	0.551471	-0.433331	0.296311	-0.380057	1.068548	0.635217	0.931529	-0.570081	-0.070711	-0.346597	0.506070	0.610436	0.664630	0.498467	0.564506	0.584931	0.104365	0.054194	-0.113159	0.066038	0.020426	-0.033460	0.009744	0.009566	0.002856	0.008058	0.016813	0.007576
2024-08-20 21:11:01.268000	0.545408	-0.428217	0.300481	-0.385710	1.058854	0.630637	0.931118	-0.570010	-0.070741	-0.346646	0.496376	0.605855	0.664220	0.488844	0.559896	0.584472	0.109479	0.058364	-0.118812	0.071051	0.024577	-0.039065	0.010396	0.010361	0.003436	0.008723	0.017623	0.008159
2024-08-20 21:11:01.530000	0.545507	-0.435036	0.294135	-0.378450	1.064859	0.629823	0.923957	-0.569939	-0.070771	-0.346695	0.502380	0.605041	0.657059	0.494920	0.559052	0.577263	0.102661	0.052018	-0.111552	0.064132	0.018211	-0.031756	0.009292	0.009284	0.002546	0.007631	0.016561	0.007272
2024-08-20 21:11:01.793000	0.549284	-0.436658	0.297221	-0.380681	1.069403	0.632744	0.929965	-0.569868	-0.070801	-0.346743	0.506924	0.607963	0.663067	0.499535	0.561943	0.583222	0.101039	0.055104	-0.113782	0.062408	0.021279	-0.033938	0.009144	0.009092	0.002975	0.007497	0.016384	0.007704
2024-08-20 21:11:02.055000	0.548688	-0.439506	0.293881	-0.377436	1.071749	0.632243	0.926124	-0.569797	-0.070831	-0.346792	0.509271	0.607461	0.659226	0.501953	0.561412	0.579332	0.098191	0.051764	-0.110538	0.059460	0.017920	-0.030644	0.008583	0.008635	0.002505	0.006949	0.015941	0.007237
2024-08-20 21:11:02.317000	0.545905	-0.443554	0.292231	-0.376006	1.073234	0.629680	0.921911	-0.569725	-0.070861	-0.346840	0.510756	0.604899	0.655013	0.503509	0.558820	0.575071	0.094143	0.050114	-0.109108	0.055311	0.016251	-0.029166	0.007778	0.008058	0.002272	0.006156	0.015379	0.007006
2024-08-20 21:11:02.579000	0.545408	-0.436251	0.292017	-0.378242	1.067884	0.631633	0.923650	-0.569654	-0.070890	-0.346889	0.505406	0.606851	0.656752	0.498230	0.560743	0.576761	0.101445	0.049900	-0.111344	0.062513	0.016019	-0.031353	0.008647	0.009082	0.002239	0.007039	0.016417	0.006976
2024-08-20 21:11:02.841000	0.546799	-0.429561	0.298687	-0.385016	1.062690	0.633128	0.931815	-0.569583	-0.070920	-0.346937	0.500211	0.608347	0.664917	0.493107	0.562208	0.584878	0.108135	0.056570	-0.118117	0.069102	0.022670	-0.038079	0.009857	0.010094	0.003169	0.008262	0.017444	0.007909
2024-08-20 21:11:03.103000	0.547793	-0.432265	0.291361	-0.376686	1.065383	0.633118	0.924479	-0.569512	-0.070949	-0.346985	0.502905	0.608336	0.657581	0.495872	0.562168	0.577494	0.105431	0.049244	-0.109787	0.066297	0.015325	-0.029700	0.009532	0.009536	0.002142	0.007949	0.016901	0.006884
2024-08-20 21:11:03.365000	0.548489	-0.439161	0.293314	-0.379667	1.074003	0.634842	0.928156	-0.569440	-0.070979	-0.347034	0.511524	0.610060	0.661258	0.504562	0.563863	0.581123	0.098536	0.051198	-0.112768	0.059300	0.017260	-0.032633	0.008046	0.008685	0.002413	0.006476	0.016064	0.007157
2024-08-20 21:11:03.628000	0.553658	-0.430277	0.296331	-0.382217	1.069821	0.639544	0.935875	-0.569369	-0.071009	-0.347082	0.507343	0.614762	0.668977	0.500453	0.568535	0.588793	0.107419	0.054214	-0.115319	0.068083	0.020258	-0.035135	0.009769	0.009891	0.002832	0.008213	0.017285	0.007579
2024-08-20 21:11:03.890000	0.552465	-0.439372	0.290576	-0.377142	1.078404	0.639031	0.929607	-0.569297	-0.071038	-0.347130	0.515925	0.614250	0.662709	0.509106	0.567993	0.582478	0.098324	0.048459	-0.110244	0.058887	0.014484	-0.030012	0.007938	0.008577	0.002025	0.006395	0.015986	0.006775
2024-08-20 21:11:04.152000	0.549682	-0.437204	0.294656	-0.381122	1.073352	0.636148	0.930804	-0.569226	-0.071068	-0.347178	0.510873	0.611366	0.663905	0.504126	0.565080	0.583626	0.100493	0.052539	-0.114223	0.060954	0.018546	-0.033944	0.008348	0.008931	0.002593	0.006818	0.016355	0.007345
2024-08-20 21:11:04.414000	0.546998	-0.443441	0.288996	-0.375474	1.076917	0.633477	0.922472	-0.569154	-0.071097	-0.347226	0.514439	0.608695	0.655574	0.507763	0.562380	0.575247	0.094256	0.046879	-0.108575	0.054617	0.012867	-0.028249	0.007174	0.007975	0.001799	0.005657	0.015413	0.006554
2024-08-20 21:11:04.676000	0.547296	-0.438090	0.296858	-0.384418	1.072946	0.634856	0.931714	-0.569083	-0.071126	-0.347273	0.510467	0.610074	0.664815	0.503863	0.563729	0.584441	0.099607	0.054741	-0.117519	0.059867	0.020711	-0.037144	0.007949	0.008866	0.002895	0.006446	0.016319	0.007653
2024-08-20 21:11:04.938000	0.544911	-0.440979	0.291585	-0.378572	1.072877	0.631898	0.923483	-0.569011	-0.071156	-0.347321	0.510398	0.607116	0.656584	0.503865	0.560742	0.576162	0.096718	0.049468	-0.111673	0.056877	0.015420	-0.031251	0.007508	0.008341	0.002156	0.006017	0.015809	0.006916
2024-08-20 21:11:05.200000	0.547197	-0.426853	0.298130	-0.385589	1.061508	0.634655	0.932786	-0.568940	-0.071185	-0.347369	0.499030	0.609874	0.665887	0.492568	0.563470	0.585417	0.110844	0.056013	-0.118690	0.070902	0.021947	-0.038220	0.010025	0.010344	0.003068	0.008547	0.017826	0.007831
2024-08-20 21:11:05.463000	0.544613	-0.428856	0.295491	-0.383682	1.061660	0.632804	0.928295	-0.568868	-0.071214	-0.347416	0.499181	0.608022	0.661396	0.492792	0.561589	0.580879	0.108841	0.053374	-0.116784	0.068798	0.019289	-0.036266	0.009498	0.010033	0.002697	0.008034	0.017530	0.007462
2024-08-20 21:11:05.725000	0.540338	-0.434789	0.293344	-0.382592	1.064375	0.629586	0.922931	-0.568796	-0.071244	-0.347464	0.501897	0.604805	0.656032	0.495579	0.558343	0.575467	0.102908	0.051227	-0.115694	0.062764	0.017124	-0.035129	0.008183	0.009224	0.002394	0.006731	0.016735	0.007162
2024-08-20 21:11:05.987000	0.545010	-0.437647	0.296147	-0.384620	1.071130	0.633483	0.929631	-0.568724	-0.071273	-0.347511	0.508652	0.608702	0.662732	0.502406	0.562210	0.582119	0.100050	0.054030	-0.117722	0.059805	0.019909	-0.037109	0.007790	0.008866	0.002783	0.006352	0.016392	0.007553
2024-08-20 21:11:06.249000	0.546601	-0.437977	0.292191	-0.379926	1.072311	0.634335	0.926526	-0.568653	-0.071302	-0.347559	0.509833	0.609553	0.659628	0.503659	0.563033	0.578968	0.099720	0.050074	-0.113027	0.059374	0.015935	-0.032367	0.007856	0.008701	0.002228	0.006430	0.016242	0.007000
2024-08-20 21:11:06.511000	0.541730	-0.431446	0.295501	-0.385442	1.063117	0.631670	0.927172	-0.568581	-0.071331	-0.347606	0.500638	0.606889	0.660273	0.494536	0.560339	0.579566	0.106250	0.053384	-0.118543	0.065804	0.019226	-0.037836	0.008631	0.009689	0.002688	0.007219	0.017244	0.007463
2024-08-20 21:11:06.773000	0.543817	-0.427517	0.291510	-0.380980	1.060804	0.633287	0.924797	-0.568509	-0.071360	-0.347653	0.498326	0.608505	0.657899	0.492295	0.561927	0.577145	0.110180	0.049393	-0.114082	0.069632	0.015217	-0.033327	0.009433	0.010094	0.002127	0.008034	0.017664	0.006905
2024-08-20 21:11:07.035000	0.546700	-0.434289	0.294264	-0.382334	1.069059	0.634770	0.929034	-0.568437	-0.071389	-0.347700	0.506581	0.609988	0.662135	0.500622	0.563381	0.581334	0.103408	0.052147	-0.115435	0.062759	0.017953	-0.034634	0.008436	0.009198	0.002510	0.007050	0.016783	0.007290
2024-08-20 21:11:07.298000	0.541531	-0.431333	0.297698	-0.387059	1.062225	0.630892	0.928590	-0.568365	-0.071418	-0.347747	0.499747	0.606111	0.661692	0.493860	0.559474	0.580843	0.106364	0.055581	-0.120160	0.065614	0.021369	-0.039312	0.008725	0.009688	0.002987	0.007352	0.017287	0.007770
2024-08-20 21:11:07.560000	0.552167	-0.424803	0.298965	-0.386121	1.064126	0.639323	0.938288	-0.568293	-0.071447	-0.347794	0.501647	0.614541	0.671389	0.495832	0.567876	0.590494	0.112894	0.056848	-0.119222	0.072043	0.022618	-0.038327	0.010345	0.010491	0.003162	0.008985	0.018104	0.007947
2024-08-20 21:11:07.822000	0.548390	-0.432373	0.294791	-0.383033	1.069006	0.636633	0.931423	-0.568221	-0.071476	-0.347841	0.506528	0.611851	0.664525	0.500785	0.565157	0.583582	0.105323	0.052674	-0.116135	0.064372	0.018426	-0.035193	0.008718	0.009424	0.002576	0.007372	0.017052	0.007364
2024-08-20 21:11:08.084000	0.544811	-0.431658	0.296103	-0.385984	1.066350	0.634693	0.930796	-0.568149	-0.071505	-0.347888	0.503872	0.609911	0.663897	0.498201	0.563188	0.582908	0.106039	0.053986	-0.119086	0.064987	0.019720	-0.038096	0.008525	0.009584	0.002757	0.007191	0.017227	0.007547
2024-08-20 21:11:08.346000	0.545507	-0.428902	0.294860	-0.384712	1.064261	0.635359	0.930219	-0.568077	-0.071534	-0.347934	0.501783	0.610577	0.663320	0.496184	0.563825	0.582284	0.108794	0.052743	-0.117813	0.067641	0.018459	-0.036777	0.009027	0.009906	0.002581	0.007706	0.017564	0.007374
2024-08-20 21:11:08.608000	0.545805	-0.428902	0.295153	-0.384925	1.064479	0.635577	0.930730	-0.568005	-0.071562	-0.347981	0.502000	0.610795	0.663831	0.496474	0.564014	0.582749	0.108794	0.053036	-0.118026	0.067540	0.018735	-0.036944	0.009029	0.009895	0.002619	0.007722	0.017567	0.007414
2024-08-20 21:11:08.870000	0.557336	-0.424551	0.293210	-0.379926	1.068602	0.644051	0.937261	-0.567933	-0.071591	-0.348028	0.506123	0.619270	0.670363	0.500669	0.572460	0.589234	0.113146	0.051093	-0.113027	0.071791	0.016774	-0.031898	0.010406	0.010316	0.002345	0.009113	0.018003	0.007143
2024-08-20 21:11:09.132000	0.550477	-0.427677	0.295293	-0.384519	1.067380	0.639704	0.934996	-0.567861	-0.071620	-0.348074	0.504902	0.614922	0.668098	0.499519	0.568084	0.586922	0.110020	0.053176	-0.117620	0.068564	0.018838	-0.036445	0.009334	0.010013	0.002634	0.008054	0.017714	0.007434
2024-08-20 21:11:09.395000	0.551769	-0.432827	0.294557	-0.383312	1.073351	0.640525	0.935082	-0.567788	-0.071648	-0.348121	0.510873	0.615743	0.668183	0.505563	0.568876	0.586961	0.104870	0.052440	-0.116414	0.063313	0.018085	-0.035192	0.008457	0.009288	0.002528	0.007190	0.017004	0.007331
2024-08-20 21:11:09.657000	0.551869	-0.439625	0.290939	-0.378430	1.078984	0.639360	0.930299	-0.567716	-0.071677	-0.348167	0.516506	0.614578	0.663400	0.511268	0.567683	0.582132	0.098072	0.048822	-0.111531	0.056414	0.014449	-0.030263	0.007425	0.008259	0.002020	0.006171	0.015990	0.006825
2024-08-20 21:11:09.919000	0.559920	-0.417196	0.297067	-0.384428	1.064477	0.647281	0.944348	-0.567644	-0.071706	-0.348213	0.501999	0.622499	0.677449	0.496834	0.575575	0.596135	0.120500	0.054950	-0.117529	0.078742	0.020559	-0.036215	0.011594	0.011330	0.002874	0.010353	0.019075	0.007682
2024-08-20 21:11:10.181000	0.553757	-0.429371	0.294289	-0.384058	1.072897	0.643526	0.937815	-0.567571	-0.071734	-0.348259	0.510419	0.618745	0.670916	0.505326	0.571792	0.589556	0.108326	0.052172	-0.117159	0.066466	0.017764	-0.035798	0.008863	0.009727	0.002483	0.007635	0.017487	0.007294
2024-08-20 21:11:10.443000	0.558926	-0.425498	0.294393	-0.382395	1.072426	0.646928	0.941321	-0.567499	-0.071763	-0.348305	0.509948	0.622146	0.674422	0.504927	0.575165	0.593016	0.112199	0.052276	-0.115496	0.070238	0.017850	-0.034089	0.009906	0.010169	0.002495	0.008691	0.017944	0.007308
2024-08-20 21:11:10.705000	0.567375	-0.430308	0.295278	-0.381512	1.083918	0.653610	0.948888	-0.567427	-0.071791	-0.348351	0.521440	0.628828	0.681989	0.516492	0.581819	0.600536	0.107388	0.053161	-0.114614	0.065327	0.018718	-0.033161	0.009341	0.009481	0.002617	0.008140	0.017270	0.007432
2024-08-20 21:11:10.967000	0.550378	-0.431565	0.297181	-0.386871	1.071633	0.640068	0.937249	-0.567354	-0.071820	-0.348397	0.509155	0.615286	0.670351	0.504279	0.568249	0.588852	0.106132	0.055064	-0.119973	0.063970	0.020604	-0.038474	0.008434	0.009452	0.002880	0.007246	0.017256	0.007698
2024-08-20 21:11:11.230000	0.544712	-0.439295	0.297857	-0.387247	1.073397	0.634102	0.931959	-0.567282	-0.071848	-0.348443	0.510918	0.609320	0.665060	0.506115	0.562253	0.583515	0.098402	0.055740	-0.120348	0.056139	0.021262	-0.038803	0.007047	0.008422	0.002972	0.005872	0.016240	0.007792
2024-08-20 21:11:11.492000	0.555050	-0.434912	0.296436	-0.384778	1.078304	0.643391	0.939827	-0.567209	-0.071876	-0.348489	0.515825	0.618610	0.672929	0.511095	0.571515	0.591338	0.102784	0.054319	-0.117879	0.060420	0.019823	-0.036289	0.008045	0.008922	0.002771	0.006884	0.016755	0.007594
2024-08-20 21:11:11.754000	0.564095	-0.429129	0.294308	-0.381812	1.080727	0.651598	0.945907	-0.567137	-0.071905	-0.348535	0.518249	0.626816	0.679008	0.513590	0.579693	0.597372	0.108568	0.052192	-0.114913	0.066103	0.017679	-0.033277	0.009263	0.009599	0.002471	0.008114	0.017447	0.007296
2024-08-20 21:11:12.016000	0.564095	-0.428732	0.294950	-0.383115	1.080992	0.652260	0.947210	-0.567064	-0.071933	-0.348580	0.518514	0.627478	0.680311	0.513928	0.580327	0.598629	0.108964	0.052833	-0.116216	0.066399	0.018302	-0.034534	0.009196	0.009672	0.002559	0.008061	0.017534	0.007386
2024-08-20 21:11:12.278000	0.556739	-0.424278	0.296858	-0.385634	1.069793	0.645516	0.942374	-0.566991	-0.071961	-0.348626	0.507315	0.620734	0.675475	0.502802	0.573554	0.593748	0.113419	0.054741	-0.118736	0.070753	0.020193	-0.037009	0.009892	0.010305	0.002823	0.008770	0.018182	0.007653
2024-08-20 21:11:12.540000	0.551471	-0.435309	0.295462	-0.385994	1.077313	0.642004	0.937466	-0.566919	-0.071989	-0.348671	0.514835	0.617222	0.670567	0.510394	0.570015	0.588794	0.102388	0.053345	-0.119096	0.059621	0.018780	-0.037323	0.007498	0.008861	0.002625	0.006390	0.016753	0.007458
2024-08-20 21:11:12.802000	0.561212	-0.426394	0.301356	-0.389635	1.075885	0.649491	0.950847	-0.566846	-0.072017	-0.348717	0.513407	0.624709	0.683948	0.509039	0.577474	0.602130	0.111302	0.059239	-0.122736	0.068434	0.024657	-0.040918	0.009572	0.010075	0.003447	0.008476	0.017981	0.008282
2024-08-20 21:11:13.065000	0.562803	-0.428933	0.295372	-0.383911	1.080274	0.651341	0.946713	-0.566773	-0.072046	-0.348762	0.517796	0.626560	0.679815	0.513501	0.579296	0.597951	0.108764	0.053255	-0.117012	0.065794	0.018656	-0.035148	0.009035	0.009608	0.002608	0.007953	0.017528	0.007445
2024-08-20 21:11:13.327000	0.566182	-0.425205	0.297927	-0.385472	1.078932	0.653728	0.951654	-0.566700	-0.072074	-0.348807	0.516454	0.628946	0.684756	0.512232	0.581654	0.602847	0.112492	0.055810	-0.118574	0.069422	0.021193	-0.036665	0.009904	0.010107	0.002963	0.008835	0.018042	0.007802
2024-08-20 21:11:13.589000	0.557535	-0.425138	0.296679	-0.385949	1.071942	0.646804	0.943483	-0.566628	-0.072102	-0.348852	0.509463	0.622022	0.676585	0.505314	0.574702	0.594631	0.112559	0.054562	-0.119050	0.069388	0.019928	-0.037096	0.009572	0.010131	0.002786	0.008516	0.018080	0.007628
2024-08-20 21:11:13.851000	0.561709	-0.414565	0.296207	-0.384778	1.064845	0.650280	0.946487	-0.566555	-0.072130	-0.348898	0.502366	0.625498	0.679588	0.498290	0.578150	0.597589	0.123132	0.054090	-0.117879	0.079860	0.019439	-0.035880	0.011650	0.011479	0.002718	0.010608	0.019443	0.007562
2024-08-20 21:11:14.113000	0.572445	-0.412515	0.296585	-0.385203	1.073578	0.661063	0.957648	-0.566482	-0.072158	-0.348943	0.511100	0.636282	0.690749	0.507096	0.588906	0.608705	0.125182	0.054468	-0.118305	0.081809	0.019800	-0.036261	0.012007	0.011745	0.002768	0.010979	0.019723	0.007615
2024-08-20 21:11:14.375000	0.565288	-0.405084	0.299885	-0.389437	1.059923	0.654840	0.954725	-0.566409	-0.072186	-0.348987	0.497445	0.630058	0.687826	0.493514	0.582654	0.605737	0.132613	0.057768	-0.122538	0.089140	0.023083	-0.040449	0.013193	0.012810	0.003227	0.012178	0.020804	0.008076
2024-08-20 21:11:14.637000	0.568270	-0.425359	0.298747	-0.386299	1.081181	0.655822	0.954568	-0.566336	-0.072213	-0.349032	0.518702	0.631040	0.687670	0.514844	0.583608	0.605536	0.112338	0.056630	-0.119400	0.068764	0.021928	-0.037266	0.009808	0.010031	0.003066	0.008806	0.018039	0.007917
2024-08-20 21:11:14.900000	0.555447	-0.420600	0.298036	-0.389209	1.067220	0.646620	0.944656	-0.566263	-0.072241	-0.349077	0.504742	0.621838	0.677757	0.500957	0.574379	0.595579	0.117096	0.055919	-0.122310	0.073421	0.021200	-0.040131	0.009981	0.010746	0.002964	0.008993	0.018769	0.007817
2024-08-20 21:11:15.162000	0.563797	-0.425915	0.295382	-0.383561	1.077891	0.651976	0.947358	-0.566190	-0.072269	-0.349122	0.515412	0.627194	0.680459	0.511701	0.579706	0.598236	0.111781	0.053265	-0.116662	0.068006	0.018529	-0.034439	0.009556	0.009878	0.002590	0.008581	0.017915	0.007446
2024-08-20 21:11:15.424000	0.563200	-0.420250	0.297355	-0.385812	1.071907	0.651657	0.949012	-0.566117	-0.072297	-0.349167	0.509429	0.626875	0.682114	0.505790	0.579360	0.599846	0.117446	0.055238	-0.118913	0.073570	0.020485	-0.036645	0.010540	0.010662	0.002864	0.009578	0.018713	0.007722
2024-08-20 21:11:15.686000	0.562703	-0.418886	0.299522	-0.388215	1.070282	0.651396	0.950918	-0.566044	-0.072325	-0.349211	0.507804	0.626615	0.684020	0.504238	0.579072	0.601707	0.118811	0.057405	-0.121316	0.074834	0.022636	-0.039004	0.010735	0.010880	0.003164	0.009786	0.018947	0.008025
2024-08-20 21:11:15.948000	0.562604	-0.420204	0.298324	-0.387150	1.071634	0.651430	0.949754	-0.565971	-0.072352	-0.349256	0.509156	0.626648	0.682856	0.505663	0.579078	0.600499	0.117493	0.056207	-0.120252	0.073415	0.021421	-0.037895	0.010451	0.010671	0.002995	0.009516	0.018752	0.007858
2024-08-20 21:11:16.210000	0.548787	-0.432342	0.295432	-0.386182	1.071880	0.639538	0.934969	-0.565898	-0.072380	-0.349300	0.509402	0.614756	0.668071	0.505982	0.567158	0.585669	0.105354	0.053315	-0.119283	0.061175	0.018512	-0.036882	0.007819	0.009055	0.002588	0.006897	0.017151	0.007453
2024-08-20 21:11:16.472000	0.551968	-0.430308	0.299030	-0.388103	1.071350	0.641042	0.940072	-0.565825	-0.072407	-0.349344	0.508872	0.616260	0.673173	0.505525	0.568634	0.590727	0.107388	0.056913	-0.121205	0.063109	0.022093	-0.038759	0.008506	0.009331	0.003089	0.007598	0.017441	0.007956
2024-08-20 21:11:16.735000	0.554553	-0.428588	0.301878	-0.390613	1.071876	0.643288	0.945166	-0.565751	-0.072435	-0.349389	0.509398	0.618506	0.678267	0.506125	0.570853	0.595777	0.109109	0.059761	-0.123715	0.064728	0.024924	-0.041224	0.008878	0.009592	0.003484	0.007983	0.017717	0.008355
2024-08-20 21:11:16.997000	0.553956	-0.428351	0.301371	-0.390583	1.071519	0.643168	0.944539	-0.565678	-0.072463	-0.349433	0.509041	0.618386	0.677640	0.505841	0.570705	0.595106	0.109345	0.059254	-0.123684	0.064864	0.024401	-0.041150	0.008817	0.009614	0.003411	0.007935	0.017753	0.008284
2024-08-20 21:11:17.259000	0.546302	-0.424808	0.300069	-0.391014	1.062055	0.637247	0.937316	-0.565605	-0.072490	-0.349477	0.499577	0.612466	0.670417	0.496451	0.564757	0.587839	0.112889	0.057952	-0.124115	0.068307	0.023082	-0.041537	0.009126	0.010095	0.003227	0.008258	0.018249	0.008102
2024-08-20 21:11:17.521000	0.550577	-0.430195	0.302504	-0.393706	1.071973	0.641778	0.944282	-0.565531	-0.072518	-0.349521	0.509495	0.616997	0.677384	0.506442	0.569261	0.594762	0.107502	0.060387	-0.126807	0.062819	0.025501	-0.044185	0.008068	0.009429	0.003565	0.007213	0.017597	0.008442
2024-08-20 21:11:17.783000	0.548688	-0.428202	0.301316	-0.392261	1.067835	0.639633	0.940949	-0.565458	-0.072545	-0.349565	0.505356	0.614851	0.674050	0.502376	0.567088	0.591384	0.109495	0.059199	-0.125362	0.064711	0.024296	-0.042696	0.008472	0.009645	0.003397	0.007631	0.017827	0.008276
2024-08-20 21:11:18.045000	0.545607	-0.418371	0.305044	-0.395419	1.054353	0.635982	0.941026	-0.565385	-0.072572	-0.349609	0.491875	0.611201	0.674127	0.488968	0.563410	0.591417	0.119326	0.062927	-0.128521	0.074442	0.028007	-0.045811	0.010391	0.010988	0.003915	0.009563	0.019185	0.008797
2024-08-20 21:11:18.307000	0.541233	-0.435747	0.301351	-0.393285	1.068914	0.633167	0.934518	-0.565311	-0.072600	-0.349652	0.506435	0.608385	0.667619	0.503602	0.560567	0.584866	0.101950	0.059234	-0.126386	0.056965	0.024298	-0.043633	0.006858	0.008652	0.003397	0.006044	0.016864	0.008281
2024-08-20 21:11:18.570000	0.548986	-0.428022	0.302260	-0.391982	1.066729	0.638708	0.940968	-0.565238	-0.072627	-0.349696	0.504251	0.613926	0.674070	0.501492	0.566081	0.591272	0.109675	0.060144	-0.125083	0.064589	0.025191	-0.042286	0.008700	0.009605	0.003522	0.007899	0.017831	0.008408
2024-08-20 21:11:18.832000	0.548489	-0.418767	0.301873	-0.393523	1.058907	0.640140	0.942012	-0.565164	-0.072654	-0.349740	0.496428	0.615358	0.675114	0.493742	0.567485	0.592273	0.118930	0.059756	-0.126625	0.073743	0.024787	-0.043783	0.010030	0.010866	0.003465	0.009243	0.019107	0.008354
2024-08-20 21:11:19.094000	0.547495	-0.423763	0.303329	-0.394426	1.062354	0.638592	0.941921	-0.565091	-0.072681	-0.349783	0.499876	0.613810	0.675022	0.497264	0.565910	0.592137	0.113934	0.061212	-0.127527	0.068647	0.026227	-0.044642	0.009199	0.010205	0.003667	0.008425	0.018460	0.008557
2024-08-20 21:11:19.356000	0.549980	-0.434217	0.299721	-0.390238	1.074714	0.640497	0.940218	-0.565017	-0.072709	-0.349827	0.512236	0.615716	0.673320	0.509697	0.567789	0.590391	0.103480	0.057604	-0.123339	0.058092	0.022603	-0.040411	0.007358	0.008716	0.003160	0.006598	0.016986	0.008053
2024-08-20 21:11:19.618000	0.551769	-0.425730	0.302569	-0.393518	1.068449	0.642719	0.945288	-0.564944	-0.072736	-0.349870	0.505970	0.617937	0.678389	0.503505	0.569983	0.595417	0.111967	0.060452	-0.126620	0.066478	0.025434	-0.043648	0.008835	0.009896	0.003556	0.008088	0.018180	0.008451
2024-08-20 21:11:19.880000	0.545010	-0.428042	0.302817	-0.394000	1.064235	0.636193	0.939010	-0.564870	-0.072763	-0.349914	0.501757	0.611411	0.672111	0.499365	0.563430	0.589096	0.109654	0.060700	-0.127101	0.064065	0.025666	-0.044086	0.008349	0.009589	0.003588	0.007615	0.017887	0.008486
2024-08-20 21:11:20.142000	0.540736	-0.416959	0.305874	-0.398284	1.050106	0.633146	0.939020	-0.564797	-0.072790	-0.349957	0.487627	0.608365	0.672121	0.485309	0.560356	0.589063	0.120737	0.063757	-0.131385	0.075047	0.028707	-0.048327	0.010155	0.011141	0.004013	0.009434	0.019454	0.008913
2024-08-20 21:11:20.405000	0.543420	-0.427620	0.300258	-0.391850	1.062632	0.635012	0.935270	-0.564723	-0.072817	-0.350000	0.500154	0.610231	0.668371	0.497910	0.562195	0.585270	0.110077	0.058141	-0.124952	0.064286	0.023074	-0.041850	0.008320	0.009575	0.003226	0.007613	0.017902	0.008128
2024-08-20 21:11:20.667000	0.549086	-0.426574	0.302837	-0.392803	1.065626	0.639052	0.941889	-0.564649	-0.072844	-0.350043	0.503148	0.614270	0.674990	0.500977	0.566208	0.591846	0.111122	0.060720	-0.125905	0.065231	0.025638	-0.042760	0.008814	0.009700	0.003584	0.008120	0.018042	0.008489
2024-08-20 21:11:20.929000	0.550875	-0.434773	0.304298	-0.396210	1.077560	0.642787	0.947085	-0.564575	-0.072871	-0.350086	0.515082	0.618005	0.680187	0.512985	0.569916	0.596999	0.102923	0.062181	-0.129312	0.056931	0.027083	-0.046124	0.006910	0.008697	0.003786	0.006230	0.017053	0.008693
2024-08-20 21:11:21.191000	0.549086	-0.422805	0.301768	-0.393508	1.063630	0.640825	0.942594	-0.564502	-0.072898	-0.350129	0.501152	0.616044	0.675695	0.499128	0.567927	0.592464	0.114892	0.059652	-0.126609	0.068799	0.024537	-0.043379	0.009144	0.010203	0.003430	0.008478	0.018574	0.008339
2024-08-20 21:11:21.453000	0.549384	-0.422125	0.303090	-0.393904	1.062322	0.640197	0.943287	-0.564428	-0.072925	-0.350172	0.499843	0.615415	0.676389	0.497894	0.567272	0.593115	0.115572	0.060974	-0.127005	0.069378	0.025843	-0.043731	0.009435	0.010277	0.003613	0.008782	0.018662	0.008524
2024-08-20 21:11:21.715000	0.556143	-0.420652	0.303702	-0.394938	1.068031	0.647379	0.951081	-0.564354	-0.072951	-0.350215	0.505553	0.622597	0.684182	0.503677	0.574428	0.600866	0.117045	0.061585	-0.128039	0.070751	0.026438	-0.044723	0.009614	0.010483	0.003696	0.008974	0.018883	0.008610
2024-08-20 21:11:21.977000	0.545805	-0.424453	0.298622	-0.390496	1.062132	0.637679	0.936302	-0.564280	-0.072978	-0.350258	0.499654	0.612898	0.669403	0.497852	0.564701	0.586044	0.113244	0.056506	-0.123598	0.066849	0.021343	-0.040239	0.008771	0.009881	0.002984	0.008145	0.018295	0.007899
2024-08-20 21:11:22.240000	0.551272	-0.423248	0.299557	-0.390121	1.065084	0.641837	0.941394	-0.564206	-0.073005	-0.350300	0.502606	0.617055	0.674495	0.500878	0.568832	0.591093	0.114449	0.057440	-0.123223	0.067953	0.022261	-0.039821	0.009232	0.010003	0.003112	0.008620	0.018432	0.008030
2024-08-20 21:11:22.502000	0.549284	-0.425472	0.305804	-0.397554	1.066507	0.641034	0.946838	-0.564132	-0.073032	-0.350343	0.504028	0.616253	0.679940	0.502374	0.568002	0.596495	0.112224	0.063687	-0.130655	0.065628	0.028493	-0.047211	0.008583	0.009864	0.003983	0.007984	0.018307	0.008903
2024-08-20 21:11:22.764000	0.543619	-0.433100	0.305665	-0.399039	1.070093	0.636993	0.942658	-0.564058	-0.073058	-0.350385	0.507614	0.612211	0.675759	0.506034	0.563935	0.592273	0.104597	0.063548	-0.132141	0.057900	0.028338	-0.048654	0.006846	0.008892	0.003962	0.006260	0.017350	0.008884
2024-08-20 21:11:23.026000	0.545308	-0.424391	0.303125	-0.395795	1.062369	0.637978	0.941103	-0.563984	-0.073085	-0.350428	0.499890	0.613196	0.674204	0.498384	0.564893	0.590675	0.113306	0.061008	-0.128896	0.066508	0.025782	-0.045367	0.008578	0.009951	0.003604	0.008007	0.018424	0.008529
2024-08-20 21:11:23.288000	0.550179	-0.427950	0.303051	-0.394380	1.069458	0.641508	0.944559	-0.563910	-0.073112	-0.350470	0.506980	0.616727	0.677661	0.505548	0.568397	0.594089	0.109747	0.060934	-0.127482	0.062849	0.025692	-0.043910	0.008163	0.009422	0.003592	0.007605	0.017909	0.008519
2024-08-20 21:11:23.550000	0.544911	-0.430267	0.304795	-0.396966	1.067348	0.637081	0.941877	-0.563836	-0.073138	-0.350512	0.504870	0.612300	0.674978	0.503512	0.563943	0.591364	0.107430	0.062678	-0.130067	0.060431	0.027421	-0.046453	0.007560	0.009166	0.003833	0.007015	0.017667	0.008762
2024-08-20 21:11:23.812000	0.551571	-0.422619	0.305049	-0.397518	1.066660	0.644040	0.949089	-0.563762	-0.073165	-0.350555	0.504181	0.619259	0.682190	0.502897	0.570876	0.598534	0.115077	0.062932	-0.130620	0.067978	0.027659	-0.046964	0.008905	0.010176	0.003867	0.008374	0.018691	0.008798
2024-08-20 21:11:24.075000	0.553062	-0.424087	0.302206	-0.393391	1.068334	0.644247	0.946453	-0.563688	-0.073191	-0.350597	0.505856	0.619466	0.679554	0.504646	0.571056	0.595856	0.113610	0.060089	-0.126493	0.066410	0.024800	-0.042795	0.008864	0.009866	0.003467	0.008347	0.018397	0.008400
2024-08-20 21:11:24.337000	0.559920	-0.429283	0.301893	-0.392976	1.080287	0.651003	0.952896	-0.563614	-0.073218	-0.350639	0.517808	0.626222	0.685997	0.516673	0.577786	0.602257	0.108413	0.059776	-0.126077	0.061113	0.024471	-0.042337	0.007908	0.009156	0.003421	0.007404	0.017701	0.008357
2024-08-20 21:11:24.599000	0.559125	-0.428665	0.303279	-0.393594	1.078105	0.649440	0.952719	-0.563540	-0.073244	-0.350681	0.515627	0.624658	0.685821	0.514566	0.576196	0.602038	0.109031	0.061162	-0.126696	0.061630	0.025843	-0.042913	0.008157	0.009228	0.003613	0.007667	0.017787	0.008551
2024-08-20 21:11:24.861000	0.555646	-0.426394	0.303289	-0.395384	1.074135	0.647741	0.951030	-0.563465	-0.073270	-0.350723	0.511657	0.622959	0.684131	0.510669	0.574470	0.600307	0.111302	0.061172	-0.128485	0.063801	0.025837	-0.044661	0.008223	0.009570	0.003612	0.007746	0.018144	0.008552
2024-08-20 21:11:25.123000	0.553260	-0.422367	0.305595	-0.397965	1.067997	0.645630	0.951225	-0.563391	-0.073297	-0.350765	0.505518	0.620848	0.684326	0.504605	0.572333	0.600460	0.115330	0.063478	-0.131066	0.067728	0.028128	-0.047200	0.008904	0.010145	0.003932	0.008441	0.018733	0.008874
2024-08-20 21:11:25.385000	0.560417	-0.424484	0.301744	-0.392453	1.075611	0.651127	0.952871	-0.563317	-0.073323	-0.350806	0.513132	0.626345	0.685972	0.512294	0.577804	0.602064	0.113213	0.059627	-0.125555	0.065510	0.024260	-0.041647	0.008814	0.009717	0.003392	0.008364	0.018319	0.008336
2024-08-20 21:11:25.647000	0.560417	-0.420400	0.300451	-0.392144	1.072510	0.652110	0.952561	-0.563243	-0.073349	-0.350848	0.510031	0.627328	0.685663	0.509267	0.578761	0.601713	0.117297	0.058334	-0.125246	0.069494	0.022953	-0.041296	0.009368	0.010246	0.003209	0.008932	0.018863	0.008155
2024-08-20 21:11:25.910000	0.561014	-0.407483	0.303056	-0.394512	1.059953	0.652470	0.955526	-0.563168	-0.073376	-0.350890	0.497475	0.627688	0.688627	0.496785	0.579094	0.604636	0.130213	0.060939	-0.127613	0.082309	0.025542	-0.043622	0.011793	0.011983	0.003571	0.011371	0.020615	0.008519
2024-08-20 21:11:26.172000	0.566381	-0.404605	0.306897	-0.397635	1.061723	0.657119	0.964016	-0.563094	-0.073402	-0.350931	0.499245	0.632337	0.697118	0.498629	0.583717	0.613085	0.133092	0.064781	-0.130736	0.085088	0.029368	-0.046704	0.012453	0.012406	0.004106	0.012044	0.021052	0.009056
2024-08-20 21:11:26.434000	0.560914	-0.419318	0.303130	-0.395181	1.072283	0.652965	0.956095	-0.563019	-0.073428	-0.350973	0.509805	0.628183	0.689197	0.509264	0.579537	0.605123	0.118379	0.061013	-0.128283	0.070273	0.025585	-0.044209	0.009460	0.010413	0.003577	0.009065	0.019073	0.008530
2024-08-20 21:11:26.696000	0.562505	-0.425220	0.305332	-0.396449	1.078841	0.653621	0.958953	-0.562945	-0.073454	-0.351014	0.516363	0.628840	0.692055	0.515896	0.580167	0.607939	0.112477	0.063215	-0.129550	0.064271	0.027772	-0.045435	0.008534	0.009636	0.003883	0.008152	0.018310	0.008837
2024-08-20 21:11:26.958000	0.565089	-0.420034	0.302698	-0.394172	1.076597	0.656563	0.959261	-0.562871	-0.073480	-0.351055	0.514119	0.631782	0.692363	0.513727	0.583083	0.608206	0.117663	0.060581	-0.127274	0.069357	0.025123	-0.043117	0.009410	0.010262	0.003512	0.009042	0.018951	0.008469
2024-08-20 21:11:27.220000	0.564990	-0.414735	0.302976	-0.393701	1.070449	0.655714	0.958690	-0.562796	-0.073506	-0.351096	0.507970	0.630933	0.691792	0.507653	0.582208	0.607594	0.122962	0.060859	-0.126802	0.074556	0.025386	-0.042604	0.010522	0.010929	0.003549	0.010168	0.019632	0.008508
2024-08-20 21:11:27.482000	0.562405	-0.422135	0.298583	-0.389792	1.075749	0.653614	0.952197	-0.562722	-0.073532	-0.351138	0.513271	0.628833	0.685298	0.513028	0.580082	0.601059	0.115562	0.056466	-0.122893	0.067055	0.020977	-0.038654	0.009042	0.009861	0.002933	0.008702	0.018579	0.007894
2024-08-20 21:11:27.745000	0.560616	-0.415296	0.307280	-0.398188	1.066819	0.651523	0.958804	-0.562647	-0.073558	-0.351179	0.504341	0.626742	0.691905	0.504172	0.577965	0.607625	0.122401	0.065163	-0.131289	0.073793	0.029659	-0.047009	0.010358	0.010922	0.004146	0.010031	0.019655	0.009110
2024-08-20 21:11:28.007000	0.559224	-0.420420	0.301177	-0.394045	1.072513	0.652093	0.953270	-0.562573	-0.073584	-0.351220	0.510035	0.627311	0.686371	0.509941	0.578509	0.602050	0.117276	0.059060	-0.127147	0.068568	0.023541	-0.042826	0.009016	0.010166	0.003291	0.008703	0.018913	0.008257
2024-08-20 21:11:28.269000	0.566481	-0.426889	0.302991	-0.394208	1.084586	0.657697	0.960688	-0.562498	-0.073610	-0.351261	0.522108	0.632916	0.693790	0.522088	0.584087	0.609428	0.110808	0.060874	-0.127309	0.062000	0.025340	-0.042947	0.008122	0.009283	0.003543	0.007823	0.018044	0.008510
2024-08-20 21:11:28.531000	0.565984	-0.422192	0.302121	-0.393569	1.079623	0.657431	0.959552	-0.562423	-0.073636	-0.351302	0.517145	0.632650	0.692654	0.517200	0.583796	0.608251	0.115505	0.060004	-0.126670	0.066596	0.024455	-0.042267	0.008934	0.009878	0.003419	0.008648	0.018653	0.008389
2024-08-20 21:11:28.793000	0.568270	-0.422892	0.299418	-0.390897	1.082641	0.659749	0.959167	-0.562349	-0.073661	-0.351342	0.520163	0.634968	0.692268	0.520293	0.586088	0.607824	0.114804	0.057301	-0.123998	0.065795	0.021737	-0.039555	0.008783	0.009715	0.003039	0.008510	0.018505	0.008011
2024-08-20 21:11:29.055000	0.565884	-0.415837	0.305660	-0.396849	1.072910	0.657073	0.962733	-0.562274	-0.073687	-0.351383	0.510432	0.632292	0.695835	0.510636	0.583386	0.611350	0.121860	0.063543	-0.129951	0.072750	0.027964	-0.045466	0.010135	0.010754	0.003909	0.009876	0.019558	0.008883
2024-08-20 21:11:29.317000	0.570158	-0.413427	0.303533	-0.394269	1.074321	0.660894	0.964427	-0.562199	-0.073713	-0.351424	0.511842	0.636113	0.697528	0.512121	0.587181	0.613003	0.124270	0.061416	-0.127370	0.075060	0.025822	-0.042845	0.010653	0.010998	0.003610	0.010408	0.019817	0.008586
2024-08-20 21:11:29.580000	0.565188	-0.415770	0.300958	-0.392682	1.072681	0.656912	0.957870	-0.562124	-0.073739	-0.351464	0.510203	0.632130	0.690971	0.510557	0.583173	0.606406	0.121927	0.058841	-0.125783	0.072616	0.023233	-0.041217	0.010015	0.010652	0.003248	0.009783	0.019486	0.008226
2024-08-20 21:11:29.842000	0.567375	-0.418710	0.306102	-0.397823	1.077806	0.659096	0.965198	-0.562050	-0.073764	-0.351505	0.515328	0.634314	0.698299	0.515756	0.585331	0.613693	0.118986	0.063985	-0.130924	0.069575	0.028362	-0.046318	0.009460	0.010358	0.003965	0.009243	0.019205	0.008945
2024-08-20 21:11:30.104000	0.566481	-0.406340	0.303443	-0.395632	1.065010	0.658670	0.962113	-0.561975	-0.073790	-0.351545	0.502531	0.633888	0.695214	0.503035	0.584880	0.610568	0.131357	0.061326	-0.128734	0.081845	0.025688	-0.044087	0.011646	0.011935	0.003591	0.011442	0.020797	0.008573
2024-08-20 21:11:30.366000	0.565685	-0.411531	0.302907	-0.395455	1.069765	0.658234	0.961140	-0.561900	-0.073815	-0.351585	0.507287	0.633452	0.694242	0.507865	0.584418	0.609555	0.126165	0.060790	-0.128556	0.076554	0.025136	-0.043869	0.010602	0.011236	0.003514	0.010411	0.020113	0.008498
2024-08-20 21:11:30.628000	0.570059	-0.411444	0.304979	-0.396809	1.073332	0.661889	0.966868	-0.561825	-0.073841	-0.351626	0.510854	0.637107	0.699969	0.511507	0.588048	0.615242	0.126253	0.062862	-0.129910	0.076541	0.027194	-0.045183	0.010743	0.011254	0.003802	0.010567	0.020144	0.008788
2024-08-20 21:11:30.890000	0.569562	-0.411655	0.302658	-0.394502	1.073061	0.661406	0.964064	-0.561751	-0.073866	-0.351666	0.510582	0.636624	0.697165	0.511310	0.587539	0.612398	0.126042	0.060541	-0.127603	0.076229	0.024859	-0.042836	0.010686	0.011163	0.003475	0.010523	0.020068	0.008464
2024-08-20 21:11:31.152000	0.570655	-0.415770	0.300397	-0.392002	1.078031	0.662261	0.962658	-0.561676	-0.073892	-0.351706	0.515552	0.637479	0.695759	0.516355	0.588369	0.610952	0.121927	0.058280	-0.125104	0.072014	0.022583	-0.040296	0.009955	0.010550	0.003157	0.009806	0.019470	0.008148
2024-08-20 21:11:31.415000	0.570158	-0.411743	0.302926	-0.394157	1.073131	0.661389	0.964315	-0.561601	-0.073917	-0.351746	0.510653	0.636607	0.697417	0.511531	0.587472	0.612569	0.125954	0.060810	-0.127258	0.075941	0.025098	-0.042411	0.010760	0.011109	0.003509	0.010625	0.020043	0.008501
2024-08-20 21:11:31.677000	0.572246	-0.418525	0.302459	-0.393812	1.082124	0.663599	0.966058	-0.561526	-0.073943	-0.351786	0.519645	0.638817	0.699159	0.520598	0.589656	0.614272	0.119172	0.060342	-0.126914	0.069058	0.024616	-0.042026	0.009467	0.010193	0.003441	0.009345	0.019141	0.008436
2024-08-20 21:11:31.939000	0.576023	-0.404311	0.302991	-0.393904	1.071246	0.666935	0.969927	-0.561451	-0.073968	-0.351826	0.508768	0.642154	0.703028	0.509796	0.592967	0.618101	0.133386	0.060874	-0.127005	0.083172	0.025133	-0.042078	0.012170	0.012052	0.003514	0.012062	0.021015	0.008510
2024-08-20 21:11:32.201000	0.567375	-0.410666	0.304030	-0.395637	1.069649	0.658983	0.963013	-0.561376	-0.073993	-0.351866	0.507171	0.634201	0.696114	0.508273	0.584990	0.611147	0.127031	0.061913	-0.128739	0.076716	0.026157	-0.043772	0.010847	0.011243	0.003657	0.010753	0.020220	0.008655
2024-08-20 21:11:32.463000	0.568568	-0.417783	0.302305	-0.394157	1.078203	0.660420	0.962725	-0.561301	-0.074019	-0.351905	0.515725	0.635638	0.695826	0.516903	0.586401	0.610820	0.119913	0.060188	-0.127258	0.069499	0.024418	-0.042252	0.009467	0.010261	0.003414	0.009387	0.019252	0.008414
2024-08-20 21:11:32.725000	0.570556	-0.412216	0.302345	-0.393660	1.074087	0.661871	0.964216	-0.561226	-0.074044	-0.351945	0.511609	0.637090	0.697318	0.512862	0.587827	0.612271	0.125480	0.060228	-0.126762	0.074966	0.024444	-0.041715	0.010587	0.010965	0.003417	0.010521	0.019971	0.008420
2024-08-20 21:11:32.987000	0.580595	-0.412860	0.300168	-0.389624	1.082912	0.670052	0.970220	-0.561151	-0.074069	-0.351985	0.520433	0.645270	0.703321	0.521761	0.595983	0.618235	0.124837	0.058051	-0.122726	0.074222	0.022252	-0.037640	0.010809	0.010760	0.003111	0.010756	0.019780	0.008116
2024-08-20 21:11:33.250000	0.569463	-0.414838	0.303553	-0.395019	1.075766	0.660929	0.964482	-0.561075	-0.074094	-0.352024	0.513288	0.636147	0.697583	0.514691	0.586835	0.612457	0.122859	0.061436	-0.128120	0.072143	0.025623	-0.042995	0.010046	0.010620	0.003582	0.010007	0.019655	0.008589
2024-08-20 21:11:33.512000	0.573240	-0.417366	0.303354	-0.394725	1.081977	0.664611	0.967965	-0.561000	-0.074119	-0.352064	0.519499	0.639829	0.701066	0.520977	0.590491	0.615901	0.120330	0.061237	-0.127826	0.069515	0.025409	-0.042661	0.009582	0.010265	0.003552	0.009557	0.019314	0.008561
2024-08-20 21:11:33.774000	0.571749	-0.411768	0.302141	-0.392403	1.073779	0.662010	0.964152	-0.560925	-0.074144	-0.352103	0.511300	0.637229	0.697253	0.512854	0.587866	0.612049	0.125928	0.060024	-0.125504	0.075012	0.024182	-0.040300	0.010817	0.010928	0.003381	0.010805	0.019992	0.008391
2024-08-20 21:11:34.036000	0.571252	-0.406953	0.305764	-0.396935	1.069376	0.662423	0.968187	-0.560850	-0.074169	-0.352142	0.506897	0.637641	0.701289	0.508526	0.588253	0.616045	0.130744	0.063647	-0.130037	0.079727	0.027791	-0.044793	0.011523	0.011655	0.003885	0.011525	0.020733	0.008898
2024-08-20 21:11:34.298000	0.571053	-0.411207	0.303299	-0.393508	1.072469	0.661262	0.964561	-0.560775	-0.074194	-0.352182	0.509990	0.636480	0.697662	0.511694	0.587067	0.612380	0.126490	0.061182	-0.126609	0.075373	0.025312	-0.041327	0.010904	0.010997	0.003539	0.010920	0.020088	0.008553
2024-08-20 21:11:34.560000	0.572246	-0.418015	0.304989	-0.396854	1.082126	0.664111	0.969100	-0.560699	-0.074219	-0.352221	0.519648	0.639329	0.702201	0.521427	0.589892	0.616879	0.119682	0.062872	-0.129956	0.068465	0.026988	-0.044634	0.009313	0.010172	0.003773	0.009343	0.019278	0.008790
2024-08-20 21:11:34.822000	0.572842	-0.415981	0.301440	-0.392210	1.079593	0.663612	0.965052	-0.560624	-0.074244	-0.352260	0.517114	0.638830	0.698154	0.518969	0.589368	0.612793	0.121716	0.059324	-0.125312	0.070399	0.023425	-0.039950	0.009884	0.010317	0.003275	0.009927	0.019437	0.008293
2024-08-20 21:11:35.085000	0.577017	-0.415178	0.304611	-0.395004	1.082587	0.667409	0.972021	-0.560549	-0.074269	-0.352299	0.520109	0.642628	0.705122	0.522038	0.593140	0.619722	0.122519	0.062494	-0.128105	0.071102	0.026582	-0.042705	0.010093	0.010463	0.003716	0.010150	0.019598	0.008737
2024-08-20 21:11:35.347000	0.576520	-0.408199	0.306197	-0.397280	1.075803	0.667603	0.973800	-0.560473	-0.074294	-0.352338	0.513324	0.642822	0.706902	0.515329	0.593309	0.621462	0.129497	0.064080	-0.130382	0.077980	0.028153	-0.044942	0.011240	0.011425	0.003936	0.011311	0.020574	0.008958
2024-08-20 21:11:35.609000	0.572345	-0.411717	0.299920	-0.390963	1.075105	0.663388	0.963308	-0.560398	-0.074319	-0.352377	0.512627	0.638607	0.696410	0.514707	0.589070	0.610932	0.125980	0.057803	-0.124064	0.074362	0.021862	-0.038586	0.010579	0.010813	0.003056	0.010664	0.019977	0.008081
2024-08-20 21:11:35.871000	0.573637	-0.420101	0.303597	-0.395607	1.085748	0.665647	0.969244	-0.560323	-0.074344	-0.352415	0.523270	0.640865	0.702346	0.525425	0.591303	0.616829	0.117596	0.061480	-0.128708	0.065878	0.025526	-0.043192	0.008829	0.009801	0.003568	0.008928	0.018978	0.008595
2024-08-20 21:11:36.133000	0.574035	-0.412015	0.308746	-0.399592	1.076896	0.664881	0.973627	-0.560247	-0.074368	-0.352454	0.514418	0.640099	0.706728	0.516649	0.590512	0.621173	0.125681	0.066629	-0.132693	0.073864	0.030661	-0.047138	0.010539	0.010924	0.004286	0.010652	0.020116	0.009315
2024-08-20 21:11:36.395000	0.570457	-0.413035	0.306659	-0.398563	1.075396	0.662360	0.969019	-0.560172	-0.074393	-0.352493	0.512917	0.637579	0.702121	0.515224	0.587967	0.616527	0.124662	0.064542	-0.131664	0.072744	0.028559	-0.046070	0.010132	0.010766	0.003993	0.010259	0.019972	0.009023
2024-08-20 21:11:36.657000	0.570357	-0.420302	0.307797	-0.400591	1.083453	0.663151	0.970948	-0.560097	-0.074418	-0.352531	0.520974	0.638369	0.704049	0.523356	0.588733	0.618417	0.117395	0.065680	-0.133692	0.065377	0.029684	-0.048060	0.008603	0.009845	0.004150	0.008743	0.019065	0.009182
2024-08-20 21:11:36.920000	0.572146	-0.416594	0.303851	-0.395637	1.080527	0.663933	0.967784	-0.560021	-0.074442	-0.352570	0.518048	0.639151	0.700885	0.520506	0.589491	0.615214	0.121103	0.061734	-0.128739	0.068985	0.025724	-0.043068	0.009467	0.010205	0.003596	0.009620	0.019440	0.008630
2024-08-20 21:11:37.182000	0.574333	-0.411289	0.303563	-0.395425	1.077484	0.666195	0.969758	-0.559945	-0.074467	-0.352608	0.515006	0.641413	0.702859	0.517539	0.591728	0.617150	0.126407	0.061446	-0.128526	0.074189	0.025421	-0.042816	0.010420	0.010887	0.003554	0.010588	0.020136	0.008590
2024-08-20 21:11:37.444000	0.566282	-0.419895	0.306480	-0.399131	1.078827	0.658932	0.965412	-0.559870	-0.074492	-0.352646	0.516349	0.634151	0.698514	0.518958	0.584441	0.612766	0.117802	0.064363	-0.132232	0.065483	0.028325	-0.046484	0.008663	0.009823	0.003960	0.008845	0.019087	0.008998
2024-08-20 21:11:37.706000	0.571053	-0.419298	0.304144	-0.395364	1.081570	0.662273	0.966417	-0.559794	-0.074516	-0.352685	0.519092	0.637491	0.699518	0.521776	0.587757	0.613732	0.118399	0.062027	-0.128465	0.065981	0.025975	-0.042679	0.009033	0.009793	0.003631	0.009229	0.019071	0.008671
2024-08-20 21:11:37.968000	0.569463	-0.416661	0.305262	-0.397067	1.077928	0.661267	0.966530	-0.559719	-0.074540	-0.352723	0.515450	0.636486	0.699631	0.518209	0.586727	0.613807	0.121036	0.063145	-0.130169	0.068517	0.027080	-0.044344	0.009396	0.010169	0.003786	0.009605	0.019461	0.008828
2024-08-20 21:11:45.650000	nan	nan	nan	nan	nan	nan	nan	-0.557493	-0.075242	-0.353810	nan	nan	nan	nan	nan	nan	nan	nan	nan	nan	nan	nan	nan	nan	nan	nan	nan	nan
2024-08-20 21:11:45.912000	0.558032	-0.421976	0.310168	-0.394902	1.064742	0.642766	0.952934	-0.557417	-0.075265	-0.353846	0.502263	0.617985	0.686035	0.507325	0.567501	0.599088	0.115721	0.068051	-0.128004	0.060176	0.031587	-0.041057	0.009348	0.008912	0.004416	0.009979	0.018635	0.009514
2024-08-20 21:11:46.174000	0.559622	-0.421692	0.313990	-0.398385	1.065710	0.644018	0.958007	-0.557340	-0.075288	-0.353882	0.503232	0.619236	0.691109	0.508370	0.568729	0.604126	0.116004	0.071873	-0.131487	0.060360	0.035396	-0.044504	0.009454	0.009004	0.004948	0.010099	0.018741	0.010048
2024-08-20 21:11:46.436000	0.560517	-0.419215	0.312489	-0.396788	1.064031	0.644816	0.957305	-0.557264	-0.075312	-0.353917	0.501553	0.620035	0.690406	0.506767	0.569505	0.603387	0.118482	0.070372	-0.129890	0.062737	0.033883	-0.042871	0.009916	0.009282	0.004737	0.010575	0.019034	0.009838
2024-08-20 21:11:46.698000	0.555348	-0.418494	0.316067	-0.401939	1.059714	0.641220	0.957287	-0.557188	-0.075335	-0.353953	0.497236	0.616438	0.690389	0.502526	0.565885	0.603334	0.119203	0.073950	-0.135041	0.063359	0.037449	-0.047986	0.009736	0.009489	0.005235	0.010410	0.019255	0.010338
2024-08-20 21:11:46.960000	0.554851	-0.426863	0.313060	-0.398984	1.067637	0.640774	0.953834	-0.557111	-0.075358	-0.353989	0.505159	0.615993	0.686936	0.510526	0.565416	0.599846	0.110834	0.070943	-0.132085	0.054891	0.034429	-0.044995	0.008161	0.008309	0.004813	0.008848	0.018089	0.009918
2024-08-20 21:11:47.223000	0.557733	-0.419910	0.314979	-0.401225	1.063890	0.643979	0.958958	-0.557035	-0.075381	-0.354025	0.501411	0.619198	0.692059	0.506855	0.568598	0.604933	0.117786	0.072862	-0.134326	0.061743	0.036335	-0.047200	0.009374	0.009263	0.005080	0.010075	0.019057	0.010186
2024-08-20 21:11:47.485000	0.554751	-0.426744	0.312017	-0.398963	1.068443	0.641698	0.953715	-0.556958	-0.075404	-0.354060	0.505964	0.616917	0.686816	0.511484	0.566294	0.599655	0.110952	0.069900	-0.132065	0.054810	0.033361	-0.044903	0.007958	0.008307	0.004664	0.008673	0.018115	0.009772
2024-08-20 21:11:47.747000	0.556342	-0.430535	0.311177	-0.397711	1.073411	0.642876	0.954053	-0.556882	-0.075428	-0.354096	0.510933	0.618095	0.687154	0.516529	0.567449	0.599957	0.107162	0.069060	-0.130813	0.050920	0.032509	-0.043615	0.007321	0.007762	0.004545	0.008050	0.017584	0.009655
2024-08-20 21:11:48.009000	0.556143	-0.417876	0.314039	-0.401742	1.061721	0.643845	0.957885	-0.556806	-0.075451	-0.354131	0.499243	0.619064	0.690986	0.504916	0.568395	0.603754	0.119821	0.071922	-0.134843	0.063479	0.035359	-0.047611	0.009429	0.009516	0.004943	0.010172	0.019353	0.010055
2024-08-20 21:11:48.271000	0.553956	-0.428109	0.314213	-0.401732	1.069584	0.641474	0.955688	-0.556729	-0.075474	-0.354166	0.507105	0.616693	0.688789	0.512854	0.566001	0.601521	0.109588	0.072096	-0.134833	0.053146	0.035521	-0.047565	0.007555	0.008149	0.004966	0.008312	0.018000	0.010079
2024-08-20 21:11:48.533000	0.553062	-0.414523	0.316673	-0.404464	1.055376	0.640852	0.957526	-0.556653	-0.075497	-0.354202	0.492898	0.616071	0.690627	0.498723	0.565356	0.603324	0.123173	0.074557	-0.137566	0.066633	0.037969	-0.050263	0.010006	0.009989	0.005308	0.010778	0.019853	0.010423
2024-08-20 21:11:48.795000	0.548887	-0.432574	0.312871	-0.401169	1.069758	0.637184	0.950056	-0.556576	-0.075520	-0.354237	0.507280	0.612403	0.683157	0.513182	0.561665	0.595819	0.105122	0.070755	-0.134270	0.048482	0.034154	-0.046932	0.006550	0.007528	0.004775	0.007335	0.017407	0.009891
2024-08-20 21:11:49.058000	0.551571	-0.424072	0.314124	-0.402801	1.064320	0.640248	0.954372	-0.556499	-0.075543	-0.354272	0.501841	0.615466	0.687473	0.507820	0.564705	0.600100	0.113625	0.072007	-0.135903	0.056885	0.035394	-0.048529	0.008038	0.008675	0.004948	0.008838	0.018568	0.010067
2024-08-20 21:11:49.320000	0.549185	-0.415940	0.313761	-0.402507	1.053871	0.637931	0.951692	-0.556423	-0.075566	-0.354307	0.491393	0.613150	0.684794	0.497448	0.562366	0.597385	0.121757	0.071644	-0.135609	0.064918	0.035019	-0.048200	0.009517	0.009729	0.004896	0.010330	0.019636	0.010016
2024-08-20 21:11:49.582000	0.554155	-0.425560	0.311440	-0.399212	1.067487	0.641927	0.953367	-0.556346	-0.075588	-0.354342	0.505008	0.617145	0.686468	0.511140	0.566338	0.599025	0.112137	0.069323	-0.132313	0.055198	0.032686	-0.044870	0.007907	0.008365	0.004570	0.008734	0.018286	0.009691
2024-08-20 21:11:49.844000	0.550974	-0.416738	0.315491	-0.404084	1.056306	0.639568	0.955058	-0.556270	-0.075611	-0.354377	0.493827	0.614786	0.688160	0.500036	0.563956	0.600681	0.120959	0.073374	-0.137186	0.063921	0.036725	-0.049707	0.009371	0.009627	0.005134	0.010213	0.019562	0.010258
2024-08-20 21:11:50.106000	0.553956	-0.419061	0.313065	-0.401579	1.061531	0.642470	0.955536	-0.556193	-0.075634	-0.354412	0.499053	0.617689	0.688637	0.505338	0.566836	0.601124	0.118636	0.070948	-0.134681	0.061498	0.034287	-0.047168	0.008941	0.009253	0.004793	0.009796	0.019202	0.009919
2024-08-20 21:11:50.368000	0.552863	-0.427744	0.313373	-0.402482	1.069715	0.641971	0.955345	-0.556117	-0.075657	-0.354447	0.507237	0.617190	0.688446	0.513598	0.566315	0.600898	0.109953	0.071256	-0.135583	0.052716	0.034584	-0.048035	0.007205	0.008118	0.004835	0.008075	0.018082	0.009962
2024-08-20 21:11:50.630000	0.550875	-0.419514	0.314164	-0.402548	1.058773	0.639259	0.953423	-0.556040	-0.075679	-0.354481	0.496295	0.614477	0.686524	0.502733	0.563580	0.598941	0.118183	0.072047	-0.135649	0.060847	0.035362	-0.048067	0.008855	0.009183	0.004944	0.009738	0.019161	0.010072
2024-08-20 21:11:50.893000	0.551074	-0.412417	0.318025	-0.407435	1.052901	0.640484	0.958509	-0.555963	-0.075702	-0.354516	0.490422	0.615702	0.691610	0.496938	0.564781	0.603993	0.125280	0.075908	-0.140537	0.067844	0.039212	-0.052919	0.009960	0.010220	0.005482	0.010858	0.020212	0.010612
2024-08-20 21:11:51.155000	0.551769	-0.421502	0.314010	-0.402533	1.061794	0.640292	0.954302	-0.555886	-0.075725	-0.354551	0.499316	0.615511	0.687403	0.505908	0.564568	0.599752	0.116195	0.071893	-0.135634	0.058660	0.035184	-0.047982	0.008431	0.008894	0.004919	0.009343	0.018900	0.010051
2024-08-20 21:11:51.417000	0.550080	-0.427877	0.312379	-0.401529	1.067106	0.639229	0.951608	-0.555810	-0.075747	-0.354585	0.504628	0.614447	0.684710	0.511297	0.563482	0.597023	0.109819	0.070262	-0.134630	0.052185	0.033542	-0.046944	0.007116	0.008024	0.004689	0.008041	0.018044	0.009823
2024-08-20 21:11:51.679000	0.549583	-0.420008	0.313204	-0.403653	1.060040	0.640031	0.953236	-0.555733	-0.075770	-0.354619	0.497561	0.615250	0.686337	0.504307	0.564261	0.598616	0.117688	0.071087	-0.136755	0.059955	0.034355	-0.049034	0.008310	0.009108	0.004803	0.009250	0.019142	0.009938
2024-08-20 21:11:51.941000	0.550477	-0.426920	0.311062	-0.400540	1.066875	0.639955	0.951017	-0.555656	-0.075793	-0.354654	0.504396	0.615173	0.684119	0.511218	0.564162	0.596364	0.110777	0.068945	-0.133642	0.052944	0.032201	-0.045886	0.007201	0.008105	0.004502	0.008155	0.018154	0.009639
2024-08-20 21:11:52.203000	0.551968	-0.433357	0.311843	-0.401220	1.074702	0.641345	0.953188	-0.555579	-0.075815	-0.354688	0.512224	0.616563	0.686289	0.519123	0.565530	0.598500	0.104340	0.069726	-0.134321	0.046407	0.032970	-0.046532	0.006015	0.007255	0.004609	0.006983	0.017317	0.009748
2024-08-20 21:11:52.465000	0.549583	-0.417320	0.311808	-0.402421	1.057516	0.640196	0.952004	-0.555503	-0.075838	-0.354722	0.495037	0.615414	0.685105	0.502013	0.564358	0.597282	0.120377	0.069691	-0.135523	0.062345	0.032923	-0.047699	0.008734	0.009397	0.004603	0.009716	0.019473	0.009743
2024-08-20 21:11:52.728000	0.542326	-0.430834	0.308060	-0.399379	1.064479	0.633645	0.941706	-0.555426	-0.075860	-0.354756	0.502000	0.608863	0.674807	0.509053	0.557785	0.586949	0.106863	0.065944	-0.132481	0.048732	0.029164	-0.044623	0.006079	0.007543	0.004077	0.007075	0.017633	0.009219
2024-08-20 21:11:52.990000	0.551571	-0.416867	0.314452	-0.404125	1.058110	0.641243	0.955695	-0.555349	-0.075882	-0.354790	0.495632	0.616462	0.688797	0.502761	0.565361	0.600905	0.120830	0.072335	-0.137226	0.062600	0.035544	-0.049334	0.008971	0.009454	0.004969	0.009981	0.019558	0.010112
2024-08-20 21:11:53.252000	0.556640	-0.422429	0.313741	-0.403293	1.068621	0.646192	0.959933	-0.555272	-0.075905	-0.354824	0.506142	0.621410	0.693035	0.513349	0.570287	0.605109	0.115268	0.071624	-0.136395	0.056938	0.034822	-0.048469	0.007950	0.008687	0.004868	0.008974	0.018805	0.010013
2024-08-20 21:11:53.514000	0.549086	-0.417732	0.311142	-0.402086	1.057762	0.640030	0.951172	-0.555195	-0.075927	-0.354858	0.495284	0.615249	0.684274	0.502567	0.564103	0.596314	0.119965	0.069025	-0.135188	0.061536	0.032211	-0.047228	0.008537	0.009283	0.004503	0.009575	0.019415	0.009650
2024-08-20 21:11:53.776000	0.546501	-0.411428	0.312866	-0.404044	1.049107	0.637678	0.950545	-0.555118	-0.075949	-0.354892	0.486628	0.612897	0.683646	0.493988	0.561729	0.595653	0.126268	0.070750	-0.137145	0.067740	0.033924	-0.049151	0.009647	0.010144	0.004743	0.010699	0.020291	0.009891
2024-08-20 21:11:54.038000	0.548787	-0.426796	0.306808	-0.397174	1.065949	0.639153	0.945961	-0.555041	-0.075972	-0.354926	0.503471	0.614371	0.679062	0.510908	0.563181	0.591035	0.110901	0.064691	-0.130275	0.052274	0.027854	-0.042248	0.006938	0.007949	0.003894	0.008005	0.018109	0.009044
2024-08-20 21:11:54.300000	0.552366	-0.421296	0.309715	-0.399217	1.063163	0.641867	0.951583	-0.554964	-0.075994	-0.354960	0.500685	0.617086	0.684684	0.508199	0.565873	0.596623	0.116401	0.067599	-0.132318	0.057675	0.030750	-0.044257	0.008110	0.008694	0.004299	0.009191	0.018868	0.009450
2024-08-20 21:11:54.563000	0.553956	-0.422207	0.306569	-0.396058	1.065652	0.643445	0.950014	-0.554887	-0.076016	-0.354993	0.503174	0.618663	0.683116	0.510765	0.567429	0.595021	0.115489	0.064453	-0.129160	0.056664	0.027592	-0.041065	0.007928	0.008493	0.003857	0.009023	0.018682	0.009010
2024-08-20 21:11:54.825000	0.554652	-0.424077	0.309323	-0.399896	1.069302	0.645225	0.954548	-0.554810	-0.076038	-0.355027	0.506824	0.620444	0.687650	0.514492	0.569187	0.599521	0.113620	0.067206	-0.132998	0.054695	0.030334	-0.044869	0.007361	0.008325	0.004241	0.008470	0.018528	0.009395
2024-08-20 21:11:55.087000	0.554155	-0.418309	0.305546	-0.396033	1.062951	0.644642	0.950188	-0.554733	-0.076060	-0.355060	0.500473	0.619861	0.683289	0.508218	0.568582	0.595127	0.119388	0.063429	-0.129134	0.060364	0.026546	-0.040972	0.008430	0.008990	0.003711	0.009553	0.019207	0.008867
2024-08-20 21:11:55.349000	0.559026	-0.415286	0.307827	-0.396362	1.062847	0.647561	0.955388	-0.554656	-0.076082	-0.355094	0.500369	0.622780	0.688489	0.508191	0.571479	0.600294	0.122411	0.065710	-0.129464	0.063288	0.028815	-0.041269	0.009351	0.009360	0.004028	0.010488	0.019591	0.009186
2024-08-20 21:11:55.611000	0.560815	-0.412314	0.312837	-0.402208	1.062500	0.650186	0.963023	-0.554579	-0.076104	-0.355127	0.500022	0.625405	0.696124	0.507921	0.574082	0.607896	0.125383	0.070720	-0.135310	0.066161	0.033814	-0.047081	0.009730	0.009870	0.004727	0.010881	0.020115	0.009887
2024-08-20 21:11:55.873000	0.556739	-0.401947	0.308403	-0.398036	1.048319	0.646372	0.954775	-0.554502	-0.076126	-0.355160	0.485840	0.621590	0.687876	0.493816	0.570245	0.599614	0.135750	0.066286	-0.131137	0.076429	0.029369	-0.042875	0.011583	0.011140	0.004106	0.012749	0.021399	0.009267
2024-08-20 21:11:56.135000	0.559622	-0.422594	0.304959	-0.395526	1.072782	0.650189	0.955148	-0.554425	-0.076148	-0.355194	0.510304	0.625407	0.688249	0.518357	0.574040	0.599954	0.115103	0.062842	-0.128627	0.055683	0.025914	-0.040332	0.007564	0.008359	0.003623	0.008744	0.018632	0.008785
2024-08-20 21:11:56.398000	0.557137	-0.421054	0.307578	-0.398167	1.068780	0.647726	0.955304	-0.554348	-0.076170	-0.355227	0.506301	0.622944	0.688406	0.514432	0.571556	0.600077	0.116643	0.065461	-0.131269	0.057124	0.028522	-0.042940	0.007832	0.008604	0.003987	0.009026	0.018891	0.009152
2024-08-20 21:11:56.660000	0.557435	-0.420600	0.305113	-0.395328	1.068251	0.647650	0.952763	-0.554271	-0.076192	-0.355260	0.505772	0.622868	0.685865	0.513980	0.571458	0.597503	0.117096	0.062996	-0.128430	0.057478	0.026046	-0.040068	0.007972	0.008586	0.003641	0.009180	0.018887	0.008807
2024-08-20 21:11:56.922000	0.557236	-0.416599	0.306614	-0.397184	1.064405	0.647806	0.954420	-0.554194	-0.076214	-0.355293	0.501927	0.623024	0.687522	0.510211	0.571592	0.599127	0.121098	0.064497	-0.130285	0.061381	0.027535	-0.041891	0.008632	0.009143	0.003849	0.009854	0.019458	0.009017
2024-08-20 21:11:57.184000	0.560815	-0.407710	0.308940	-0.398766	1.058350	0.650640	0.959580	-0.554117	-0.076236	-0.355326	0.495872	0.625859	0.692682	0.504234	0.574404	0.604255	0.129987	0.066823	-0.131867	0.070171	0.029850	-0.043440	0.010408	0.010327	0.004173	0.011645	0.020656	0.009342
2024-08-20 21:11:57.446000	0.555646	-0.410877	0.305213	-0.396246	1.057556	0.646679	0.951892	-0.554039	-0.076258	-0.355359	0.495078	0.621898	0.684993	0.503517	0.570421	0.596533	0.126819	0.063096	-0.129347	0.066904	0.026112	-0.040887	0.009574	0.009855	0.003650	0.010824	0.020198	0.008821
2024-08-20 21:11:57.708000	0.551173	-0.407391	0.308488	-0.398938	1.049014	0.641623	0.950111	-0.553962	-0.076280	-0.355392	0.486536	0.616841	0.683212	0.495052	0.565344	0.594719	0.130306	0.066371	-0.132039	0.070292	0.029376	-0.043546	0.010319	0.010352	0.004107	0.011584	0.020709	0.009279
2024-08-20 21:11:57.970000	0.552962	-0.421661	0.305844	-0.396900	1.065680	0.644018	0.949862	-0.553885	-0.076301	-0.355424	0.503201	0.619237	0.682964	0.511794	0.567717	0.594438	0.116035	0.063727	-0.130001	0.055922	0.026721	-0.041476	0.007544	0.008418	0.003736	0.008823	0.018789	0.008909
2024-08-20 21:11:58.233000	0.557634	-0.409858	0.308289	-0.398172	1.057375	0.647517	0.955806	-0.553808	-0.076323	-0.355457	0.494897	0.622736	0.688908	0.503567	0.571194	0.600349	0.127839	0.066172	-0.131274	0.067627	0.029155	-0.042715	0.009943	0.009976	0.004076	0.011236	0.020361	0.009251
2024-08-20 21:11:58.495000	0.561709	-0.416398	0.307360	-0.396925	1.067673	0.651275	0.958635	-0.553731	-0.076345	-0.355490	0.505195	0.626493	0.691736	0.513942	0.574930	0.603145	0.121299	0.065243	-0.130027	0.060988	0.028215	-0.041436	0.008777	0.009069	0.003944	0.010085	0.019468	0.009121
2024-08-20 21:11:58.757000	0.558131	-0.417959	0.307017	-0.397006	1.066079	0.648121	0.955137	-0.553653	-0.076366	-0.355522	0.503601	0.623339	0.688239	0.512426	0.571754	0.599615	0.119738	0.064900	-0.130108	0.059328	0.027861	-0.041484	0.008393	0.008855	0.003895	0.009714	0.019268	0.009073
2024-08-20 21:11:59.019000	0.553062	-0.417165	0.306729	-0.397234	1.060733	0.643568	0.950296	-0.553576	-0.076388	-0.355555	0.498255	0.618786	0.683398	0.507157	0.567180	0.594742	0.120531	0.064612	-0.130336	0.060023	0.027562	-0.041680	0.008426	0.008956	0.003853	0.009762	0.019383	0.009033
2024-08-20 21:11:59.281000	0.553161	-0.414683	0.308175	-0.399121	1.058790	0.644107	0.952282	-0.553499	-0.076409	-0.355587	0.496312	0.619325	0.685383	0.505291	0.567697	0.596695	0.123014	0.066058	-0.132222	0.062406	0.028997	-0.043534	0.008788	0.009315	0.004054	0.010138	0.019755	0.009235
2024-08-20 21:11:59.543000	0.554155	-0.411892	0.304497	-0.395450	1.057000	0.645108	0.949605	-0.553422	-0.076431	-0.355619	0.494521	0.620326	0.682706	0.503578	0.568677	0.593986	0.125805	0.062380	-0.128551	0.065099	0.025309	-0.039831	0.009288	0.009592	0.003538	0.010651	0.020047	0.008721
2024-08-20 21:11:59.805000	0.554652	-0.414287	0.308229	-0.398948	1.059657	0.645371	0.953600	-0.553344	-0.076452	-0.355651	0.497179	0.620589	0.686702	0.506313	0.568918	0.597949	0.123410	0.066113	-0.132050	0.062605	0.029030	-0.043297	0.008877	0.009333	0.004058	0.010255	0.019802	0.009243
2024-08-20 21:12:00.068000	0.551571	-0.426456	0.304875	-0.395713	1.068865	0.642409	0.947284	-0.553267	-0.076474	-0.355684	0.506387	0.617628	0.680386	0.515599	0.565935	0.591600	0.111241	0.062758	-0.128815	0.050337	0.025665	-0.040030	0.006584	0.007646	0.003588	0.007976	0.018129	0.008774
2024-08-20 21:12:00.330000	0.544414	-0.413725	0.306679	-0.398730	1.050190	0.636465	0.943144	-0.553189	-0.076495	-0.355716	0.487712	0.611684	0.676245	0.497001	0.559970	0.587428	0.123971	0.064562	-0.131832	0.062969	0.027458	-0.043014	0.008696	0.009389	0.003839	0.010103	0.019886	0.009026
2024-08-20 21:12:00.592000	0.546899	-0.407782	0.309561	-0.402152	1.047272	0.639490	0.949051	-0.553112	-0.076517	-0.355748	0.484794	0.614708	0.682153	0.494160	0.562973	0.593303	0.129915	0.067444	-0.135254	0.068813	0.030330	-0.046405	0.009681	0.010238	0.004240	0.011102	0.020749	0.009429
2024-08-20 21:12:00.854000	0.543122	-0.422202	0.302852	-0.394887	1.057359	0.635157	0.938009	-0.553035	-0.076538	-0.355780	0.494881	0.610375	0.671110	0.504324	0.558619	0.582229	0.115495	0.060735	-0.127989	0.054294	0.023610	-0.039107	0.007099	0.008162	0.003301	0.008534	0.018686	0.008491
2024-08-20 21:12:01.116000	0.543619	-0.417315	0.303190	-0.396195	1.053939	0.636624	0.939814	-0.552957	-0.076559	-0.355812	0.491460	0.611842	0.672915	0.500981	0.560064	0.584002	0.120382	0.061073	-0.129297	0.059083	0.023938	-0.040383	0.007804	0.008831	0.003346	0.009253	0.019370	0.008538
2024-08-20 21:12:01.378000	0.552167	-0.415636	0.309800	-0.400251	1.058254	0.642618	0.952418	-0.552880	-0.076581	-0.355843	0.495776	0.617837	0.685520	0.505374	0.566038	0.596575	0.122061	0.067683	-0.133353	0.060663	0.030537	-0.044408	0.008594	0.009095	0.004269	0.010057	0.019648	0.009462
2024-08-20 21:12:01.640000	0.546700	-0.420611	0.306063	-0.397909	1.059157	0.638546	0.944609	-0.552803	-0.076602	-0.355875	0.496679	0.613765	0.677710	0.506354	0.561944	0.588734	0.117086	0.063946	-0.131010	0.055590	0.026789	-0.042034	0.007389	0.008391	0.003745	0.008866	0.018958	0.008940
2024-08-20 21:12:01.903000	0.554056	-0.417845	0.308682	-0.399146	1.062365	0.644520	0.953201	-0.552725	-0.076623	-0.355907	0.499887	0.619738	0.686303	0.509640	0.567897	0.597294	0.119851	0.066565	-0.132247	0.058256	0.029398	-0.043239	0.008153	0.008753	0.004110	0.009645	0.019333	0.009306
2024-08-20 21:12:02.165000	0.541034	-0.419220	0.304348	-0.397468	1.053374	0.634154	0.938502	-0.552647	-0.076644	-0.355939	0.490896	0.609372	0.671603	0.500727	0.557510	0.582563	0.118476	0.062231	-0.130569	0.056783	0.025054	-0.041529	0.007373	0.008552	0.003502	0.008879	0.019146	0.008700
2024-08-20 21:12:02.427000	0.549881	-0.416171	0.307230	-0.399257	1.058079	0.641908	0.949138	-0.552570	-0.076665	-0.355970	0.495601	0.617126	0.682240	0.505509	0.565242	0.593168	0.121525	0.065114	-0.132359	0.059733	0.027926	-0.043287	0.008135	0.008966	0.003904	0.009655	0.019574	0.009103
2024-08-20 21:12:02.689000	0.547793	-0.418762	0.305978	-0.397219	1.057797	0.639035	0.945013	-0.552493	-0.076687	-0.356002	0.495318	0.614253	0.678114	0.505304	0.562348	0.589011	0.118935	0.063861	-0.130321	0.057044	0.026663	-0.041218	0.007790	0.008558	0.003727	0.009325	0.019180	0.008928
2024-08-20 21:12:02.951000	0.551571	-0.420379	0.306525	-0.397721	1.063146	0.642767	0.949292	-0.552415	-0.076708	-0.356033	0.500668	0.617985	0.682393	0.510731	0.566059	0.593259	0.117318	0.064408	-0.130823	0.055328	0.027199	-0.041688	0.007486	0.008341	0.003802	0.009034	0.018977	0.009004
2024-08-20 21:12:03.213000	0.546302	-0.415595	0.307827	-0.400104	1.054174	0.638580	0.946407	-0.552338	-0.076729	-0.356064	0.491696	0.613798	0.679508	0.501837	0.561851	0.590342	0.122102	0.065710	-0.133206	0.060014	0.028491	-0.044040	0.008151	0.009021	0.003983	0.009714	0.019671	0.009186
2024-08-20 21:12:03.475000	0.546203	-0.412654	0.302126	-0.394659	1.051390	0.638736	0.940862	-0.552260	-0.076750	-0.356096	0.488911	0.613954	0.673963	0.499130	0.561986	0.584766	0.125043	0.060009	-0.127760	0.062856	0.022780	-0.038563	0.008629	0.009284	0.003185	0.010206	0.019947	0.008389
2024-08-20 21:12:03.738000	0.551670	-0.416063	0.306758	-0.398416	1.059391	0.643327	0.950086	-0.552182	-0.076771	-0.356127	0.496912	0.618546	0.683187	0.507208	0.566557	0.593959	0.121633	0.064641	-0.131517	0.059348	0.027402	-0.042289	0.008154	0.008889	0.003831	0.009745	0.019566	0.009037
2024-08-20 21:12:04	0.553658	-0.419277	0.305749	-0.396616	1.063801	0.644525	0.950274	-0.552105	-0.076792	-0.356158	0.501323	0.619743	0.683375	0.511697	0.567733	0.594116	0.118420	0.063632	-0.129717	0.056036	0.026383	-0.040458	0.007696	0.008404	0.003688	0.009301	0.019096	0.008896
2024-08-20 21:12:04.262000	0.550577	-0.420554	0.305098	-0.396220	1.062253	0.641699	0.946797	-0.552027	-0.076813	-0.356189	0.499775	0.616917	0.679899	0.510226	0.564886	0.590608	0.117143	0.062981	-0.129322	0.054661	0.025722	-0.040031	0.007395	0.008216	0.003596	0.009015	0.018922	0.008805
2024-08-20 21:12:04.524000	0.550179	-0.413885	0.306863	-0.398360	1.055561	0.641676	0.948539	-0.551950	-0.076833	-0.356220	0.493083	0.616895	0.681640	0.503612	0.564843	0.592319	0.123812	0.064746	-0.131461	0.061231	0.027476	-0.042140	0.008545	0.009132	0.003841	0.010179	0.019851	0.009051
2024-08-20 21:12:04.786000	0.546203	-0.418855	0.305521	-0.397483	1.057020	0.638165	0.943686	-0.551872	-0.076854	-0.356251	0.494541	0.613383	0.676787	0.505148	0.561311	0.587435	0.118842	0.063404	-0.130584	0.056163	0.026124	-0.041232	0.007521	0.008449	0.003652	0.009169	0.019182	0.008864
2024-08-20 21:12:05.048000	0.548887	-0.415981	0.306733	-0.398837	1.056971	0.640990	0.947723	-0.551795	-0.076875	-0.356282	0.494493	0.616208	0.680825	0.505176	0.564115	0.591442	0.121716	0.064617	-0.131938	0.058939	0.027327	-0.042555	0.008013	0.008844	0.003820	0.009675	0.019591	0.009033
2024-08-20 21:12:05.310000	0.547893	-0.412731	0.305069	-0.398152	1.053708	0.640976	0.946045	-0.551717	-0.076896	-0.356313	0.491229	0.616195	0.679146	0.501991	0.564081	0.589732	0.124965	0.062952	-0.131254	0.062090	0.025652	-0.041840	0.008411	0.009256	0.003586	0.010088	0.020017	0.008801
2024-08-20 21:12:05.573000	0.547396	-0.418968	0.302494	-0.394978	1.058848	0.639880	0.942374	-0.551639	-0.076917	-0.356343	0.496370	0.615098	0.675476	0.507209	0.562964	0.586031	0.118729	0.060377	-0.128080	0.055755	0.023067	-0.038635	0.007355	0.008345	0.003225	0.009046	0.019120	0.008441
2024-08-20 21:12:05.835000	0.551769	-0.414523	0.303299	-0.394558	1.057551	0.643028	0.946327	-0.551561	-0.076937	-0.356374	0.495073	0.618246	0.679428	0.505990	0.566091	0.589953	0.123173	0.061182	-0.127659	0.060101	0.023862	-0.038183	0.008400	0.008896	0.003336	0.010105	0.019684	0.008553
2024-08-20 21:12:06.097000	0.551571	-0.413277	0.304547	-0.396068	1.056370	0.643092	0.947639	-0.551484	-0.076958	-0.356405	0.493891	0.618311	0.680740	0.504886	0.566134	0.591234	0.124420	0.062430	-0.129170	0.061249	0.025100	-0.039664	0.008566	0.009081	0.003509	0.010286	0.019883	0.008728
2024-08-20 21:12:06.359000	0.547396	-0.420940	0.300277	-0.393488	1.061547	0.640606	0.940884	-0.551406	-0.076978	-0.356435	0.499068	0.615824	0.673985	0.510140	0.563628	0.584448	0.116756	0.058161	-0.126589	0.053487	0.020821	-0.037053	0.006807	0.008020	0.002911	0.008540	0.018837	0.008131
2024-08-20 21:12:06.621000	0.550080	-0.427970	0.302365	-0.394659	1.070344	0.642374	0.944739	-0.551328	-0.076999	-0.356466	0.507865	0.617592	0.677840	0.519015	0.565375	0.588273	0.109727	0.060248	-0.127760	0.046359	0.022898	-0.038193	0.005667	0.007093	0.003201	0.007415	0.017923	0.008423
2024-08-20 21:12:06.883000	0.550378	-0.418777	0.300084	-0.391972	1.061043	0.642266	0.942350	-0.551251	-0.077020	-0.356496	0.498565	0.617484	0.675451	0.509793	0.565246	0.585854	0.118919	0.057967	-0.125073	0.055454	0.020607	-0.035476	0.007432	0.008231	0.002881	0.009194	0.019075	0.008104
2024-08-20 21:12:07.145000	0.549284	-0.423639	0.302136	-0.393838	1.064625	0.640986	0.943122	-0.551173	-0.077040	-0.356526	0.502146	0.616204	0.676223	0.513452	0.563946	0.586596	0.114058	0.060019	-0.126939	0.050494	0.022650	-0.037311	0.006554	0.007613	0.003166	0.008331	0.018471	0.008391
2024-08-20 21:12:07.408000	0.548688	-0.418407	0.300402	-0.392261	1.058954	0.640547	0.940949	-0.551095	-0.077061	-0.356557	0.496475	0.615765	0.674050	0.507859	0.563486	0.584392	0.119290	0.058285	-0.125362	0.055628	0.020906	-0.035704	0.007478	0.008258	0.002923	0.009269	0.019130	0.008148
2024-08-20 21:12:07.670000	0.555050	-0.422933	0.299920	-0.391328	1.069391	0.646458	0.946378	-0.551017	-0.077081	-0.356587	0.506913	0.621676	0.679479	0.518374	0.569377	0.589791	0.114763	0.057803	-0.124429	0.051003	0.020414	-0.034741	0.006711	0.007622	0.002854	0.008517	0.018508	0.008081
2024-08-20 21:12:07.932000	0.560218	-0.409435	0.298603	-0.389989	1.061041	0.651605	0.950208	-0.550939	-0.077102	-0.356617	0.498562	0.626824	0.683309	0.510101	0.574504	0.593591	0.128261	0.056486	-0.123091	0.064403	0.019087	-0.033373	0.009200	0.009362	0.002668	0.011020	0.020261	0.007897
2024-08-20 21:12:08.194000	0.550875	-0.410630	0.299567	-0.391845	1.053783	0.643153	0.942720	-0.550862	-0.077122	-0.356647	0.491305	0.618372	0.675821	0.502922	0.566031	0.586073	0.127067	0.057450	-0.124947	0.063110	0.020042	-0.035198	0.008794	0.009239	0.002802	0.010628	0.020153	0.008031
2024-08-20 21:12:08.456000	0.556541	-0.409482	0.301013	-0.392408	1.057417	0.647935	0.948948	-0.550784	-0.077142	-0.356677	0.494939	0.623154	0.682050	0.506633	0.570793	0.592272	0.128215	0.058896	-0.125509	0.064160	0.021478	-0.035731	0.009163	0.009379	0.003003	0.011011	0.020306	0.008234
2024-08-20 21:12:08.718000	0.553757	-0.411722	0.296992	-0.388935	1.057422	0.645700	0.942692	-0.550706	-0.077163	-0.356707	0.494944	0.620918	0.675794	0.506716	0.568537	0.585986	0.125975	0.054875	-0.122036	0.061822	0.017448	-0.032228	0.008627	0.009003	0.002439	0.010489	0.019944	0.007672
2024-08-20 21:12:08.980000	0.552664	-0.403472	0.301122	-0.392798	1.047811	0.644340	0.945462	-0.550628	-0.077183	-0.356737	0.485333	0.619558	0.678564	0.497183	0.567157	0.588726	0.134225	0.059005	-0.125900	0.069974	0.021569	-0.036062	0.010194	0.010156	0.003015	0.012070	0.021111	0.008249
2024-08-20 21:12:09.243000	0.550875	-0.407494	0.296729	-0.388681	1.050321	0.642827	0.939556	-0.550550	-0.077203	-0.356766	0.487843	0.618046	0.672658	0.499771	0.565624	0.582790	0.130203	0.054612	-0.121783	0.065853	0.017166	-0.031915	0.009379	0.009528	0.002400	0.011270	0.020497	0.007635
2024-08-20 21:12:09.505000	0.555248	-0.405223	0.302082	-0.393407	1.051796	0.646573	0.948655	-0.550472	-0.077223	-0.356796	0.489318	0.621792	0.681756	0.501324	0.569350	0.591859	0.132474	0.059965	-0.126508	0.068026	0.022509	-0.036610	0.009909	0.009906	0.003147	0.011814	0.020889	0.008383
2024-08-20 21:12:09.767000	0.555248	-0.411325	0.300735	-0.392661	1.058500	0.647175	0.947910	-0.550395	-0.077244	-0.356826	0.496022	0.622393	0.681011	0.508106	0.569931	0.591084	0.126371	0.058618	-0.125763	0.061826	0.021152	-0.035836	0.008648	0.009078	0.002957	0.010567	0.020074	0.008195
2024-08-20 21:12:10.029000	0.551074	-0.419488	0.295168	-0.387830	1.063223	0.643735	0.938903	-0.550317	-0.077264	-0.356855	0.500745	0.618953	0.672005	0.512906	0.566471	0.582048	0.118209	0.053051	-0.120931	0.053565	0.015577	-0.030974	0.006978	0.007893	0.002178	0.008912	0.018903	0.007417
2024-08-20 21:12:10.291000	0.551769	-0.404965	0.298463	-0.390243	1.048514	0.643549	0.942012	-0.550239	-0.077284	-0.356885	0.486036	0.618767	0.675114	0.498275	0.566265	0.585128	0.132732	0.056346	-0.123344	0.067990	0.018862	-0.033358	0.009824	0.009838	0.002637	0.011772	0.020861	0.007877
2024-08-20 21:12:10.553000	0.554354	-0.414261	0.302658	-0.394111	1.060068	0.645807	0.948465	-0.550161	-0.077304	-0.356914	0.497590	0.621025	0.681567	0.509907	0.568503	0.591551	0.123436	0.060541	-0.127213	0.058596	0.023048	-0.037197	0.008153	0.008674	0.003222	0.010116	0.019712	0.008464
2024-08-20 21:12:10.815000	0.549284	-0.409791	0.299761	-0.391754	1.051068	0.641278	0.941038	-0.550083	-0.077324	-0.356944	0.488590	0.616496	0.674140	0.500985	0.563954	0.584095	0.127906	0.057644	-0.124855	0.062968	0.020141	-0.034810	0.008862	0.009207	0.002816	0.010838	0.020258	0.008059
2024-08-20 21:12:11.078000	0.547296	-0.418237	0.300054	-0.393432	1.058911	0.640675	0.940728	-0.550005	-0.077344	-0.356973	0.496433	0.615893	0.673830	0.508906	0.563331	0.583755	0.119460	0.057937	-0.126533	0.054424	0.020425	-0.036459	0.007018	0.008129	0.002855	0.009009	0.019194	0.008100
2024-08-20 21:12:11.340000	0.556541	-0.411660	0.299090	-0.390811	1.059922	0.648262	0.947351	-0.549927	-0.077364	-0.357002	0.497444	0.623480	0.680453	0.509995	0.570898	0.590349	0.126037	0.056973	-0.123912	0.060903	0.019451	-0.033809	0.008539	0.008910	0.002719	0.010544	0.019989	0.007965
2024-08-20 21:12:11.602000	0.552962	-0.414992	0.295238	-0.388595	1.061312	0.646320	0.941557	-0.549849	-0.077384	-0.357031	0.498833	0.621538	0.674659	0.511463	0.568936	0.584526	0.122705	0.053121	-0.121697	0.057473	0.015590	-0.031564	0.007591	0.008428	0.002180	0.009611	0.019521	0.007426
2024-08-20 21:12:11.864000	0.560517	-0.415986	0.298011	-0.389482	1.067974	0.651988	0.949999	-0.549771	-0.077404	-0.357060	0.505496	0.627206	0.683101	0.518203	0.574584	0.592939	0.121711	0.055894	-0.122584	0.056381	0.018354	-0.032422	0.007756	0.008281	0.002566	0.009790	0.019387	0.007814
2024-08-20 21:12:12.126000	0.560914	-0.407669	0.304253	-0.396058	1.060388	0.652719	0.956972	-0.549693	-0.077424	-0.357090	0.497909	0.627937	0.690074	0.510695	0.575295	0.599883	0.130028	0.062137	-0.129160	0.064601	0.024588	-0.038969	0.009222	0.009507	0.003437	0.011270	0.020627	0.008687
2024-08-20 21:12:12.388000	0.552763	-0.418072	0.301759	-0.394847	1.063923	0.645851	0.947610	-0.549615	-0.077444	-0.357118	0.501445	0.621070	0.680711	0.514308	0.568408	0.590491	0.119625	0.059642	-0.127948	0.054100	0.022084	-0.037728	0.007033	0.008109	0.003087	0.009096	0.019242	0.008338
2024-08-20 21:12:12.650000	0.556839	-0.411567	0.298061	-0.390780	1.061126	0.649558	0.947619	-0.549537	-0.077463	-0.357147	0.498647	0.624777	0.680721	0.511589	0.572095	0.590472	0.126129	0.055944	-0.123882	0.060506	0.018377	-0.033633	0.008292	0.008864	0.002569	0.010369	0.020011	0.007821
2024-08-20 21:12:12.913000	0.553658	-0.422089	0.293364	-0.385883	1.068265	0.646177	0.939541	-0.549459	-0.077483	-0.357176	0.505787	0.621395	0.672642	0.518807	0.568693	0.582364	0.115608	0.051247	-0.118984	0.049887	0.013671	-0.028706	0.006365	0.007356	0.001911	0.008456	0.018518	0.007164
2024-08-20 21:12:13.175000	0.556044	-0.408045	0.297584	-0.389868	1.056372	0.648328	0.945911	-0.549381	-0.077503	-0.357205	0.493894	0.623546	0.679013	0.506992	0.570825	0.588706	0.129652	0.055467	-0.122969	0.063833	0.017882	-0.032663	0.008999	0.009277	0.002500	0.011105	0.020452	0.007754
2024-08-20 21:12:13.437000	0.554553	-0.412417	0.299949	-0.392879	1.059900	0.647483	0.947432	-0.549303	-0.077523	-0.357234	0.497421	0.622701	0.680533	0.510597	0.569960	0.590198	0.125280	0.057833	-0.125981	0.059363	0.020238	-0.035646	0.008053	0.008757	0.002829	0.010172	0.019946	0.008085
2024-08-20 21:12:13.699000	0.550875	-0.414668	0.296694	-0.389432	1.058280	0.643612	0.940307	-0.549225	-0.077542	-0.357262	0.495802	0.618831	0.673408	0.509055	0.566070	0.583044	0.123029	0.054577	-0.122533	0.057015	0.016974	-0.032169	0.007656	0.008372	0.002373	0.009791	0.019574	0.007630
2024-08-20 21:12:13.961000	0.551074	-0.409940	0.301440	-0.393630	1.053203	0.643263	0.944703	-0.549147	-0.077562	-0.357291	0.490725	0.618481	0.677805	0.504056	0.565701	0.587412	0.127757	0.059324	-0.126731	0.061645	0.021712	-0.036339	0.008626	0.009064	0.003035	0.010774	0.020280	0.008293
2024-08-20 21:12:14.223000	0.546104	-0.411732	0.301545	-0.394127	1.050418	0.638685	0.940230	-0.549069	-0.077582	-0.357319	0.487939	0.613904	0.673332	0.501349	0.561104	0.582911	0.125965	0.059428	-0.127228	0.059755	0.021807	-0.036807	0.008204	0.008829	0.003049	0.010367	0.020058	0.008308
2024-08-20 21:12:14.485000	0.545408	-0.411161	0.297271	-0.389787	1.049084	0.637924	0.935194	-0.548991	-0.077601	-0.357348	0.486606	0.613142	0.668296	0.500094	0.560323	0.577847	0.126536	0.055154	-0.122888	0.060229	0.017524	-0.032439	0.008306	0.008798	0.002450	0.010483	0.020042	0.007710
2024-08-20 21:12:14.748000	0.543519	-0.422933	0.298538	-0.391901	1.059816	0.636882	0.935420	-0.548912	-0.077621	-0.357376	0.497337	0.612100	0.668521	0.510903	0.559261	0.578044	0.114763	0.056421	-0.125002	0.048358	0.018782	-0.034525	0.005949	0.007285	0.002626	0.008141	0.018542	0.007888
2024-08-20 21:12:15.010000	0.543122	-0.417696	0.296078	-0.389396	1.054136	0.636440	0.932518	-0.548834	-0.077640	-0.357405	0.491658	0.611658	0.665619	0.505302	0.558800	0.575113	0.120001	0.053961	-0.122498	0.053498	0.016314	-0.031992	0.006912	0.007909	0.002281	0.009118	0.019180	0.007544
2024-08-20 21:12:15.272000	0.548787	-0.412479	0.301222	-0.393604	1.053649	0.641170	0.942392	-0.548756	-0.077660	-0.357433	0.491171	0.616388	0.675493	0.504893	0.563510	0.584959	0.125218	0.059105	-0.126706	0.058617	0.021449	-0.036172	0.008046	0.008662	0.002999	0.010267	0.019947	0.008263
2024-08-20 21:12:15.534000	0.547197	-0.413813	0.295640	-0.388367	1.053736	0.639924	0.935564	-0.548678	-0.077679	-0.357461	0.491258	0.615142	0.668666	0.505058	0.562244	0.578103	0.123884	0.053524	-0.121469	0.057186	0.015859	-0.030906	0.007716	0.008366	0.002217	0.009950	0.019665	0.007483
2024-08-20 21:12:15.796000	0.552863	-0.407293	0.300511	-0.392154	1.051799	0.644506	0.945017	-0.548600	-0.077699	-0.357489	0.489321	0.619724	0.678119	0.503199	0.566807	0.587528	0.130404	0.058394	-0.125256	0.063608	0.020721	-0.034665	0.009119	0.009280	0.002897	0.011368	0.020593	0.008163
2024-08-20 21:12:16.058000	0.550179	-0.415311	0.296734	-0.389939	1.058695	0.643384	0.940118	-0.548522	-0.077718	-0.357517	0.496217	0.618602	0.673219	0.510174	0.565666	0.582601	0.122385	0.054617	-0.123040	0.055492	0.016935	-0.032422	0.007318	0.008179	0.002367	0.009582	0.019505	0.007635
2024-08-20 21:12:16.320000	0.542625	-0.421491	0.300963	-0.393990	1.057142	0.635651	0.936614	-0.548444	-0.077737	-0.357545	0.494664	0.610869	0.669716	0.508699	0.557914	0.579069	0.116205	0.058846	-0.127091	0.049215	0.021156	-0.036445	0.006196	0.007433	0.002958	0.008474	0.018772	0.008227
2024-08-20 21:12:16.582000	0.547197	-0.415291	0.303160	-0.394710	1.054037	0.638747	0.941907	-0.548365	-0.077757	-0.357573	0.491559	0.613965	0.675008	0.505672	0.560990	0.584334	0.122406	0.061043	-0.127811	0.055318	0.023344	-0.037137	0.007615	0.008236	0.003263	0.009907	0.019589	0.008534
2024-08-20 21:12:16.845000	0.541730	-0.408668	0.298508	-0.392139	1.044029	0.635361	0.933869	-0.548287	-0.077776	-0.357601	0.481551	0.610579	0.666971	0.495742	0.557585	0.576268	0.129029	0.056391	-0.125241	0.061843	0.018683	-0.034538	0.008425	0.009066	0.002612	0.010732	0.020433	0.007883
2024-08-20 21:12:17.107000	0.543718	-0.426399	0.299800	-0.393092	1.063409	0.637010	0.936810	-0.548209	-0.077795	-0.357629	0.500931	0.612228	0.669912	0.515201	0.559215	0.579182	0.111297	0.057683	-0.126194	0.044014	0.019967	-0.035464	0.005193	0.006728	0.002791	0.007513	0.018109	0.008064
2024-08-20 21:12:17.369000	0.550378	-0.417871	0.300869	-0.393467	1.060847	0.642976	0.943845	-0.548131	-0.077814	-0.357656	0.498369	0.618195	0.676947	0.512717	0.565162	0.586189	0.119826	0.058752	-0.126569	0.052445	0.021027	-0.035811	0.006891	0.007840	0.002940	0.009226	0.019234	0.008214
2024-08-20 21:12:17.631000	0.543917	-0.412051	0.301018	-0.393163	1.048114	0.636062	0.937080	-0.548052	-0.077834	-0.357684	0.485635	0.611280	0.670182	0.500061	0.558228	0.579396	0.125645	0.058901	-0.126265	0.058167	0.021168	-0.035479	0.008042	0.008583	0.002959	0.010391	0.019991	0.008234
2024-08-20 21:12:17.893000	0.544215	-0.409358	0.306157	-0.399110	1.046526	0.637168	0.943325	-0.547974	-0.077853	-0.357711	0.484048	0.612387	0.676427	0.498552	0.559316	0.585614	0.128339	0.064040	-0.132212	0.060763	0.026298	-0.041399	0.008374	0.009059	0.003677	0.010738	0.020481	0.008953
2024-08-20 21:12:18.155000	0.540438	-0.416537	0.302017	-0.395333	1.050291	0.633754	0.935771	-0.547896	-0.077872	-0.357739	0.487813	0.608972	0.668872	0.502395	0.555882	0.578032	0.121160	0.059900	-0.128435	0.053487	0.022150	-0.037594	0.006958	0.008023	0.003097	0.009337	0.019458	0.008374
2024-08-20 21:12:18.417000	0.546998	-0.402452	0.304875	-0.396920	1.041496	0.639044	0.943918	-0.547818	-0.077891	-0.357766	0.479017	0.614262	0.677020	0.493678	0.561153	0.586152	0.135245	0.062758	-0.130022	0.067475	0.024999	-0.039154	0.009798	0.009887	0.003495	0.012191	0.021336	0.008774
2024-08-20 21:12:18.680000	0.539245	-0.402740	0.300948	-0.394715	1.035752	0.633011	0.933960	-0.547739	-0.077910	-0.357794	0.473273	0.608230	0.667061	0.488012	0.555101	0.576166	0.134956	0.058831	-0.127816	0.067089	0.021065	-0.036921	0.009398	0.009809	0.002945	0.011805	0.021271	0.008225
2024-08-20 21:12:18.942000	0.537058	-0.416141	0.300253	-0.393579	1.046525	0.630385	0.930637	-0.547661	-0.077929	-0.357821	0.484047	0.605603	0.663739	0.498864	0.552455	0.572816	0.121556	0.058136	-0.126680	0.053591	0.020361	-0.035758	0.006986	0.007997	0.002846	0.009407	0.019473	0.008127
2024-08-20 21:12:19.204000	0.538649	-0.418427	0.301401	-0.394471	1.050146	0.631719	0.933120	-0.547583	-0.077948	-0.357848	0.487668	0.606938	0.666221	0.502564	0.553771	0.575272	0.119270	0.059284	-0.127573	0.051207	0.021500	-0.036623	0.006598	0.007698	0.003006	0.009033	0.019187	0.008288
2024-08-20 21:12:19.466000	0.543022	-0.413009	0.302141	-0.395470	1.049361	0.636351	0.938492	-0.547504	-0.077967	-0.357875	0.486882	0.611570	0.671594	0.501856	0.558384	0.580617	0.124687	0.060024	-0.128572	0.056528	0.022233	-0.037595	0.007537	0.008423	0.003108	0.009988	0.019926	0.008391
2024-08-20 21:12:19.728000	0.531492	-0.415095	0.299184	-0.393239	1.040642	0.625547	0.924731	-0.547426	-0.077986	-0.357903	0.478164	0.600765	0.657833	0.493216	0.547561	0.566829	0.122602	0.057067	-0.126341	0.054345	0.019267	-0.035337	0.006996	0.008096	0.002694	0.009460	0.019612	0.007978
2024-08-20 21:12:19.990000	0.538450	-0.412845	0.302434	-0.395587	1.044447	0.631602	0.934037	-0.547348	-0.078005	-0.357930	0.481968	0.606820	0.667138	0.497099	0.553597	0.576107	0.124852	0.060318	-0.128688	0.056498	0.022510	-0.037657	0.007573	0.008418	0.003147	0.010052	0.019949	0.008432
2024-08-20 21:12:20.252000	0.535170	-0.416594	0.304994	-0.399227	1.045996	0.629403	0.934397	-0.547270	-0.078024	-0.357957	0.483518	0.604621	0.667498	0.498727	0.551379	0.576440	0.121103	0.062877	-0.132328	0.052652	0.025061	-0.041270	0.006659	0.007998	0.003504	0.009152	0.019542	0.008790
2024-08-20 21:12:20.515000	0.536263	-0.415136	0.303896	-0.397260	1.044764	0.629627	0.933523	-0.547191	-0.078043	-0.357984	0.482285	0.604846	0.666624	0.497573	0.551585	0.575539	0.122560	0.061779	-0.130361	0.054012	0.023955	-0.039276	0.007080	0.008126	0.003349	0.009588	0.019684	0.008637
2024-08-20 21:12:20.777000	0.532188	-0.420523	0.301371	-0.396084	1.047424	0.626900	0.928271	-0.547113	-0.078061	-0.358010	0.484945	0.602119	0.661373	0.500311	0.548839	0.570261	0.117173	0.059254	-0.129185	0.048528	0.021422	-0.038073	0.005808	0.007392	0.002995	0.008330	0.018963	0.008284
2024-08-20 21:12:21.039000	0.527516	-0.419231	0.302902	-0.397366	1.041211	0.621981	0.924882	-0.547034	-0.078080	-0.358037	0.478733	0.597199	0.657984	0.494177	0.543900	0.566845	0.118466	0.060785	-0.130468	0.049724	0.022945	-0.039329	0.006082	0.007573	0.003208	0.008618	0.019158	0.008498
2024-08-20 21:12:21.301000	0.530200	-0.409018	0.306331	-0.401772	1.034659	0.625641	0.931972	-0.546956	-0.078099	-0.358064	0.472181	0.600859	0.665073	0.487703	0.547542	0.573908	0.128679	0.064214	-0.134874	0.059839	0.026366	-0.043708	0.007773	0.009011	0.003686	0.010324	0.020609	0.008977
2024-08-20 21:12:21.563000	0.528709	-0.411300	0.306236	-0.401514	1.035285	0.623986	0.930222	-0.546878	-0.078118	-0.358091	0.472807	0.599204	0.663324	0.488408	0.545868	0.572132	0.126397	0.064120	-0.134615	0.057460	0.026264	-0.043423	0.007368	0.008689	0.003672	0.009933	0.020301	0.008964
2024-08-20 21:12:21.825000	0.526323	-0.418777	0.304964	-0.400920	1.041057	0.622279	0.927243	-0.546799	-0.078136	-0.358117	0.478578	0.597498	0.660345	0.494257	0.544143	0.569126	0.118919	0.062847	-0.134022	0.049886	0.024983	-0.042803	0.005838	0.007683	0.003493	0.008417	0.019309	0.008786
2024-08-20 21:12:22.087000	0.525230	-0.419591	0.305153	-0.398872	1.038540	0.618949	0.924102	-0.546721	-0.078155	-0.358144	0.476061	0.594167	0.657203	0.491819	0.540794	0.565958	0.118106	0.063036	-0.131974	0.048975	0.025164	-0.040728	0.006102	0.007494	0.003518	0.008696	0.019133	0.008812
2024-08-20 21:12:22.350000	0.522347	-0.429046	0.306410	-0.401260	1.046243	0.617197	0.923607	-0.546642	-0.078174	-0.358170	0.483765	0.592415	0.656709	0.499601	0.539023	0.565437	0.108650	0.064294	-0.134362	0.039422	0.026414	-0.043090	0.004120	0.006295	0.003693	0.006729	0.017948	0.008988
2024-08-20 21:12:22.612000	0.522248	-0.426770	0.301992	-0.397696	1.044722	0.617951	0.919943	-0.546564	-0.078192	-0.358197	0.482243	0.593170	0.653045	0.498158	0.539759	0.561747	0.110927	0.059875	-0.130797	0.041602	0.021988	-0.039499	0.004361	0.006517	0.003074	0.006984	0.018183	0.008371
2024-08-20 21:12:22.874000	0.518272	-0.417974	0.310029	-0.405965	1.032182	0.614208	0.924237	-0.546486	-0.078211	-0.358223	0.469704	0.589426	0.657338	0.485697	0.535997	0.566014	0.119723	0.067912	-0.139066	0.050301	0.030016	-0.047742	0.005936	0.007841	0.004196	0.008573	0.019521	0.009494
2024-08-20 21:12:23.136000	0.517973	-0.416609	0.306008	-0.402543	1.031118	0.614508	0.920516	-0.546407	-0.078229	-0.358249	0.468639	0.589727	0.653618	0.484710	0.536279	0.562267	0.121087	0.063891	-0.135644	0.051569	0.025988	-0.044294	0.006057	0.007942	0.003633	0.008709	0.019636	0.008932
2024-08-20 21:12:30.816000	0.536661	-0.418777	0.299602	-0.385051	1.040888	0.622110	0.921712	-0.544106	-0.078757	-0.358990	0.478409	0.597329	0.654813	0.496782	0.543353	0.562722	0.118919	0.057485	-0.118153	0.046571	0.019369	-0.026061	0.007354	0.006770	0.002708	0.010428	0.018858	0.008036
2024-08-20 21:12:31.078000	0.536661	-0.421775	0.302360	-0.387313	1.043388	0.621613	0.923973	-0.544027	-0.078775	-0.359014	0.480910	0.596832	0.657075	0.499361	0.542838	0.564959	0.115922	0.060243	-0.120414	0.043478	0.022120	-0.028298	0.006881	0.006402	0.003092	0.009970	0.018504	0.008422
2024-08-20 21:12:31.340000	0.535468	-0.415610	0.303115	-0.388666	1.036629	0.621019	0.924134	-0.543948	-0.078792	-0.359039	0.474150	0.596237	0.657235	0.492680	0.542226	0.565095	0.122087	0.060998	-0.121768	0.049546	0.022869	-0.029628	0.007894	0.007238	0.003197	0.010998	0.019353	0.008528
2024-08-20 21:12:31.602000	0.529404	-0.421749	0.298796	-0.385102	1.037459	0.615710	0.914506	-0.543870	-0.078810	-0.359063	0.474981	0.590928	0.647608	0.493589	0.536900	0.555444	0.115948	0.056679	-0.118203	0.043311	0.018543	-0.026039	0.006595	0.006348	0.002592	0.009713	0.018476	0.007924
2024-08-20 21:12:31.864000	0.532883	-0.417165	0.301614	-0.387115	1.035549	0.618384	0.919998	-0.543791	-0.078827	-0.359087	0.473071	0.593602	0.653100	0.491758	0.539557	0.560911	0.120531	0.059497	-0.120216	0.047799	0.021355	-0.028028	0.007586	0.006973	0.002985	0.010718	0.019115	0.008318
2024-08-20 21:12:32.126000	0.518967	-0.425869	0.302131	-0.391227	1.033932	0.608063	0.910194	-0.543713	-0.078845	-0.359111	0.471453	0.583281	0.643295	0.490219	0.529218	0.551083	0.111828	0.060014	-0.124328	0.038999	0.021865	-0.032116	0.005271	0.005937	0.003057	0.008418	0.018092	0.008390
2024-08-20 21:12:32.389000	0.524832	-0.413653	0.303279	-0.390694	1.025900	0.612247	0.915526	-0.543634	-0.078862	-0.359135	0.463422	0.587465	0.648628	0.482266	0.533385	0.556391	0.124044	0.061162	-0.123796	0.051118	0.023006	-0.031559	0.007841	0.007506	0.003216	0.011003	0.019675	0.008551
2024-08-20 21:12:32.651000	0.522148	-0.423927	0.301495	-0.389731	1.034311	0.610384	0.911879	-0.543555	-0.078879	-0.359159	0.471833	0.585602	0.644981	0.490756	0.531505	0.552720	0.113769	0.059378	-0.122832	0.040748	0.021216	-0.030572	0.005766	0.006126	0.002966	0.008942	0.018308	0.008301
2024-08-20 21:12:32.913000	0.519763	-0.416213	0.304139	-0.393604	1.025441	0.609228	0.913367	-0.543476	-0.078897	-0.359183	0.462962	0.584446	0.646468	0.481964	0.530331	0.554184	0.121484	0.062022	-0.126706	0.048367	0.023853	-0.034421	0.006946	0.007226	0.003335	0.010136	0.019421	0.008671
2024-08-20 21:12:33.175000	0.517476	-0.428701	0.299005	-0.389401	1.036574	0.607873	0.906878	-0.543398	-0.078914	-0.359207	0.474096	0.583091	0.639979	0.493176	0.528959	0.547671	0.108995	0.056888	-0.122503	0.035782	0.018712	-0.030195	0.004437	0.005486	0.002616	0.007642	0.017695	0.007953
2024-08-20 21:12:33.437000	0.515290	-0.421759	0.300486	-0.392540	1.029102	0.607343	0.907829	-0.543319	-0.078931	-0.359230	0.466624	0.582561	0.640931	0.485783	0.528412	0.548599	0.115937	0.058369	-0.125641	0.042628	0.020187	-0.033309	0.005391	0.006473	0.002822	0.008611	0.018696	0.008160
2024-08-20 21:12:33.699000	0.512805	-0.419153	0.300064	-0.390958	1.022852	0.603699	0.903762	-0.543240	-0.078949	-0.359254	0.460374	0.578917	0.636864	0.479612	0.524750	0.544508	0.118543	0.057947	-0.124059	0.045138	0.019758	-0.031704	0.006082	0.006758	0.002762	0.009315	0.018993	0.008101
2024-08-20 21:12:33.961000	0.517377	-0.419622	0.304283	-0.393995	1.026710	0.607088	0.911372	-0.543162	-0.078966	-0.359278	0.464232	0.582307	0.644473	0.483549	0.528123	0.552094	0.118075	0.062166	-0.127096	0.044574	0.023971	-0.034717	0.006209	0.006733	0.003351	0.009458	0.018982	0.008691
2024-08-20 21:12:34.223000	0.508332	-0.430385	0.299835	-0.391434	1.030316	0.599931	0.899766	-0.543083	-0.078983	-0.359301	0.467838	0.575149	0.632867	0.487233	0.520948	0.540465	0.107311	0.057718	-0.124536	0.033714	0.019517	-0.032133	0.003837	0.005266	0.002728	0.007100	0.017529	0.008069
2024-08-20 21:12:34.486000	0.510817	-0.421636	0.301445	-0.392286	1.023293	0.601657	0.903103	-0.543004	-0.079000	-0.359325	0.460815	0.576876	0.636204	0.480289	0.522657	0.543778	0.116061	0.059328	-0.125388	0.042368	0.021121	-0.032961	0.005589	0.006417	0.002953	0.008867	0.018693	0.008294
2024-08-20 21:12:34.748000	0.507934	-0.422939	0.303796	-0.394492	1.021568	0.598629	0.902426	-0.542925	-0.079017	-0.359348	0.459090	0.573848	0.635527	0.478643	0.519612	0.543077	0.114758	0.061679	-0.127593	0.040969	0.023465	-0.035143	0.005363	0.006277	0.003280	0.008655	0.018566	0.008623
2024-08-20 21:12:35.010000	0.509922	-0.423145	0.302991	-0.394806	1.024881	0.601737	0.904728	-0.542847	-0.079034	-0.359372	0.462403	0.576955	0.637829	0.482035	0.522703	0.545356	0.114552	0.060874	-0.127907	0.040668	0.022654	-0.035434	0.005095	0.006255	0.003167	0.008401	0.018558	0.008510
2024-08-20 21:12:35.272000	0.504853	-0.418092	0.303095	-0.395430	1.015279	0.597187	0.900282	-0.542768	-0.079051	-0.359395	0.452801	0.572405	0.633384	0.472511	0.518135	0.540887	0.119604	0.060979	-0.128531	0.045624	0.022752	-0.036035	0.005917	0.006928	0.003181	0.009237	0.019244	0.008525
2024-08-20 21:12:35.534000	0.500081	-0.420302	0.295695	-0.389604	1.014292	0.593990	0.889686	-0.542689	-0.079068	-0.359418	0.451814	0.569209	0.622787	0.471603	0.514922	0.530267	0.117395	0.053578	-0.122706	0.043319	0.015345	-0.030186	0.005187	0.006518	0.002145	0.008522	0.018847	0.007490
2024-08-20 21:12:35.796000	0.511314	-0.424808	0.305431	-0.396601	1.027291	0.602483	0.907914	-0.542610	-0.079085	-0.359441	0.464813	0.577701	0.641016	0.484681	0.523398	0.548473	0.112889	0.063314	-0.129702	0.038717	0.025075	-0.037159	0.004869	0.006026	0.003506	0.008218	0.018369	0.008851
2024-08-20 21:12:36.058000	0.504554	-0.425040	0.304745	-0.398188	1.023036	0.597997	0.902742	-0.542532	-0.079102	-0.359465	0.460558	0.573215	0.635843	0.480505	0.518894	0.543278	0.112657	0.062629	-0.131289	0.038390	0.024383	-0.038723	0.004375	0.006041	0.003409	0.007739	0.018397	0.008755
2024-08-20 21:12:36.321000	0.499982	-0.408354	0.306893	-0.400342	1.001786	0.593432	0.900324	-0.542453	-0.079119	-0.359488	0.439307	0.568650	0.633426	0.459333	0.514313	0.540837	0.129343	0.064776	-0.133444	0.054980	0.026524	-0.040855	0.007451	0.008276	0.003708	0.010829	0.020645	0.009056
2024-08-20 21:12:36.583000	0.502566	-0.432245	0.306565	-0.399181	1.027428	0.595183	0.901748	-0.542374	-0.079136	-0.359511	0.464950	0.570402	0.634849	0.485054	0.516047	0.542237	0.105452	0.064448	-0.132283	0.030993	0.026190	-0.039671	0.003171	0.005075	0.003661	0.006564	0.017457	0.009010
2024-08-20 21:12:36.845000	0.497497	-0.433352	0.304099	-0.397260	1.024009	0.590657	0.894757	-0.542295	-0.079153	-0.359534	0.461531	0.565876	0.627858	0.481714	0.511504	0.535223	0.104345	0.061982	-0.130361	0.029790	0.023719	-0.037726	0.002846	0.004881	0.003316	0.006254	0.017277	0.008665
2024-08-20 21:12:37.107000	0.495111	-0.434469	0.303125	-0.398198	1.024653	0.590184	0.893309	-0.542216	-0.079170	-0.359557	0.462175	0.565402	0.626411	0.482437	0.511014	0.533753	0.103227	0.061008	-0.131299	0.028577	0.022739	-0.038641	0.002258	0.004762	0.003179	0.005680	0.017171	0.008529
2024-08-20 21:12:37.369000	0.487955	-0.435350	0.306336	-0.401924	1.018893	0.583543	0.889879	-0.542138	-0.079187	-0.359579	0.456415	0.558761	0.622980	0.476755	0.504356	0.530300	0.102347	0.064219	-0.135026	0.027601	0.025943	-0.042345	0.001983	0.004716	0.003627	0.005419	0.017138	0.008978
2024-08-20 21:12:37.631000	0.493620	-0.425431	0.306962	-0.400667	1.012756	0.587325	0.894287	-0.542059	-0.079203	-0.359602	0.450278	0.562544	0.627389	0.470697	0.508122	0.534685	0.112266	0.064845	-0.133768	0.037424	0.026563	-0.041065	0.004167	0.005965	0.003714	0.007618	0.018400	0.009065
2024-08-20 21:12:37.893000	0.491931	-0.433738	0.305744	-0.400824	1.020748	0.587010	0.892755	-0.541980	-0.079220	-0.359625	0.458270	0.562229	0.625856	0.478768	0.507790	0.533130	0.103959	0.063628	-0.133925	0.029022	0.025340	-0.041199	0.002350	0.004874	0.003543	0.005815	0.017322	0.008895
2024-08-20 21:12:38.156000	0.493123	-0.441695	0.300571	-0.395080	1.029327	0.587632	0.888203	-0.541901	-0.079237	-0.359647	0.466849	0.562851	0.621305	0.487426	0.508396	0.528556	0.096002	0.058454	-0.128181	0.020969	0.020160	-0.035432	0.000968	0.003683	0.002818	0.004448	0.016145	0.008172
2024-08-20 21:12:38.418000	0.495410	-0.422928	0.307981	-0.401803	1.012160	0.589231	0.897212	-0.541822	-0.079254	-0.359670	0.449681	0.564450	0.630314	0.470337	0.509978	0.537542	0.114768	0.065864	-0.134904	0.039641	0.027565	-0.042133	0.004565	0.006280	0.003854	0.008060	0.018756	0.009208
2024-08-20 21:12:38.680000	0.493720	-0.425215	0.308657	-0.403324	1.013601	0.588386	0.897043	-0.541744	-0.079270	-0.359693	0.451123	0.563605	0.630145	0.471858	0.509116	0.537351	0.112482	0.066540	-0.136425	0.037258	0.028235	-0.043631	0.003966	0.006007	0.003947	0.007475	0.018495	0.009302
2024-08-20 21:12:38.942000	0.489744	-0.431416	0.307002	-0.402107	1.016264	0.584849	0.891851	-0.541665	-0.079287	-0.359715	0.453786	0.560067	0.624952	0.474599	0.505562	0.532136	0.106281	0.064885	-0.135208	0.030963	0.026574	-0.042392	0.002718	0.005154	0.003715	0.006241	0.017656	0.009071
2024-08-20 21:12:39.204000	0.487756	-0.428197	0.311251	-0.407390	1.012091	0.583894	0.895146	-0.541586	-0.079303	-0.359737	0.449613	0.559113	0.628247	0.470505	0.504591	0.535408	0.109500	0.069134	-0.140491	0.034086	0.030817	-0.047652	0.003104	0.005689	0.004308	0.006642	0.018204	0.009665
2024-08-20 21:12:39.466000	0.489147	-0.433239	0.307524	-0.404236	1.019098	0.585860	0.893384	-0.541507	-0.079320	-0.359760	0.456620	0.561078	0.626485	0.477591	0.506540	0.533624	0.104458	0.065407	-0.137338	0.028949	0.027084	-0.044476	0.002043	0.004950	0.003786	0.005596	0.017478	0.009144
2024-08-20 21:12:39.728000	0.480599	-0.427965	0.308776	-0.405504	1.005292	0.577327	0.886103	-0.541429	-0.079337	-0.359782	0.442813	0.552545	0.619204	0.463863	0.497990	0.526321	0.109732	0.066659	-0.138605	0.034127	0.028331	-0.045722	0.003003	0.005660	0.003961	0.006570	0.018201	0.009319
2024-08-20 21:12:39.991000	0.487259	-0.449729	0.309949	-0.406269	1.033308	0.583579	0.893528	-0.541349	-0.079353	-0.359804	0.470829	0.558797	0.626629	0.491958	0.504226	0.533724	0.087968	0.067832	-0.139371	0.012267	0.029498	-0.046465	-0.000963	0.002785	0.004124	0.002618	0.015340	0.009483
2024-08-20 21:12:40.253000	0.480798	-0.432909	0.311659	-0.408698	1.010746	0.577837	0.889496	-0.541271	-0.079370	-0.359826	0.448267	0.553055	0.622597	0.469475	0.498467	0.529669	0.104788	0.069542	-0.141799	0.028992	0.031202	-0.048871	0.002001	0.005051	0.004362	0.005597	0.017619	0.009722
2024-08-20 21:12:40.515000	0.482985	-0.447756	0.308677	-0.407298	1.029363	0.581606	0.890283	-0.541192	-0.079386	-0.359848	0.466884	0.556825	0.623384	0.488171	0.502220	0.530435	0.089940	0.066560	-0.140400	0.014049	0.028214	-0.047450	-0.001069	0.003066	0.003944	0.002542	0.015648	0.009305
2024-08-20 21:12:40.777000	0.475530	-0.434449	0.308667	-0.407674	1.008985	0.574536	0.883203	-0.541113	-0.079402	-0.359870	0.446507	0.549755	0.616305	0.467872	0.495134	0.523333	0.103248	0.066550	-0.140775	0.027262	0.028199	-0.047803	0.001308	0.004822	0.003942	0.004932	0.017416	0.009304
2024-08-20 21:12:41.039000	0.474039	-0.443302	0.311644	-0.409844	1.015540	0.572238	0.883882	-0.541034	-0.079419	-0.359892	0.453062	0.547457	0.616984	0.474506	0.492820	0.523990	0.094395	0.069527	-0.142945	0.018314	0.031170	-0.049951	-0.000190	0.003677	0.004358	0.003449	0.016284	0.009720
2024-08-20 21:12:41.301000	0.478114	-0.452098	0.309427	-0.407359	1.028144	0.576046	0.885473	-0.540956	-0.079435	-0.359914	0.465666	0.551264	0.618575	0.487188	0.496611	0.525559	0.085599	0.067310	-0.140461	0.009423	0.028948	-0.047445	-0.001783	0.002447	0.004047	0.001870	0.015068	0.009410
2024-08-20 21:12:41.563000	0.479804	-0.443647	0.313587	-0.409844	1.019707	0.576060	0.889647	-0.540877	-0.079451	-0.359936	0.457229	0.551279	0.622749	0.478830	0.496609	0.529711	0.094050	0.071470	-0.142945	0.017779	0.033102	-0.049907	0.000091	0.003583	0.004628	0.003759	0.016217	0.009992
2024-08-20 21:12:41.826000	0.470361	-0.446824	0.316430	-0.415289	1.016044	0.569220	0.885650	-0.540798	-0.079468	-0.359958	0.453566	0.544438	0.618751	0.475246	0.489752	0.525692	0.090872	0.074313	-0.148390	0.014506	0.035940	-0.055331	-0.001009	0.003294	0.005024	0.002674	0.015941	0.010389
2024-08-20 21:12:42.088000	0.458632	-0.454524	0.310068	-0.412252	1.015339	0.560815	0.870883	-0.540719	-0.079484	-0.359980	0.452860	0.536033	0.603985	0.474620	0.481331	0.510904	0.083173	0.067951	-0.145353	0.006711	0.029573	-0.052272	-0.003091	0.002238	0.004134	0.000607	0.014898	0.009500
2024-08-20 21:12:42.350000	0.467081	-0.443889	0.317866	-0.416338	1.009441	0.565553	0.883419	-0.540640	-0.079500	-0.360001	0.446963	0.540771	0.616520	0.468801	0.486052	0.523418	0.093808	0.075749	-0.149440	0.017251	0.037365	-0.056337	-0.000420	0.003673	0.005224	0.003292	0.016346	0.010590
2024-08-20 21:12:42.612000	0.461514	-0.449353	0.310685	-0.411121	1.011304	0.561951	0.872635	-0.540561	-0.079516	-0.360023	0.448825	0.537169	0.605737	0.470743	0.482434	0.512613	0.088344	0.068568	-0.144223	0.011692	0.030178	-0.051098	-0.001827	0.002851	0.004219	0.001899	0.015537	0.009586
2024-08-20 21:12:42.874000	0.464099	-0.434938	0.321803	-0.420060	0.997294	0.562356	0.884158	-0.540482	-0.079533	-0.360044	0.434815	0.537574	0.617260	0.456811	0.482823	0.524114	0.102759	0.079686	-0.153161	0.026012	0.041291	-0.060015	0.001253	0.004904	0.005772	0.004993	0.017603	0.011140
2024-08-20 21:12:43.136000	0.448195	-0.459056	0.311206	-0.414356	1.010400	0.551344	0.862550	-0.540404	-0.079549	-0.360066	0.447921	0.526562	0.595652	0.469996	0.471795	0.502485	0.078641	0.069090	-0.147457	0.001799	0.030689	-0.054290	-0.004173	0.001642	0.004290	-0.000417	0.014355	0.009659
2024-08-20 21:12:43.398000	0.452568	-0.443327	0.319084	-0.419421	0.996233	0.552905	0.871989	-0.540325	-0.079565	-0.360087	0.433754	0.528123	0.605090	0.455908	0.473340	0.511902	0.094369	0.076967	-0.152522	0.017432	0.038561	-0.059333	-0.000730	0.003780	0.005391	0.003039	0.016506	0.010760
2024-08-20 21:12:43.661000	0.450878	-0.452144	0.318160	-0.418615	1.003478	0.551334	0.869493	-0.540246	-0.079581	-0.360109	0.440999	0.526552	0.602595	0.463232	0.471753	0.509384	0.085552	0.076043	-0.151716	0.008520	0.037632	-0.058506	-0.002401	0.002587	0.005261	0.001383	0.015327	0.010631
2024-08-20 21:12:43.923000	0.441237	-0.465648	0.312200	-0.416485	1.011169	0.545521	0.857722	-0.540167	-0.079597	-0.360130	0.448691	0.520740	0.590823	0.471002	0.465924	0.497592	0.072049	0.070084	-0.149587	-0.005078	0.031667	-0.056355	-0.005654	0.000790	0.004427	-0.001855	0.013542	0.009798
2024-08-20 21:12:44.185000	0.438652	-0.479898	0.309581	-0.413580	1.022549	0.542651	0.852232	-0.540088	-0.079613	-0.360151	0.460070	0.517869	0.585334	0.482461	0.463038	0.492081	0.057799	0.067464	-0.146682	-0.019423	0.029043	-0.053429	-0.008254	-0.001169	0.004060	-0.004441	0.011597	0.009432
2024-08-20 21:12:44.447000	0.438652	-0.463006	0.316763	-0.419345	1.004240	0.541234	0.857997	-0.540009	-0.079629	-0.360172	0.441761	0.516452	0.591098	0.464230	0.461605	0.497825	0.074691	0.074646	-0.152446	-0.002625	0.036220	-0.059172	-0.004865	0.001153	0.005063	-0.001037	0.013932	0.010436
2024-08-20 21:12:44.709000	0.427619	-0.474186	0.310173	-0.416009	1.007641	0.533455	0.843628	-0.539930	-0.079645	-0.360194	0.445163	0.508673	0.576729	0.467711	0.453810	0.483434	0.063510	0.068056	-0.149110	-0.013901	0.029624	-0.055815	-0.007577	-0.000369	0.004141	-0.003735	0.012423	0.009514
2024-08-20 21:12:44.971000	0.429806	-0.480675	0.309293	-0.415253	1.016441	0.535766	0.845059	-0.539852	-0.079661	-0.360215	0.453963	0.510984	0.578160	0.476590	0.456105	0.484844	0.057021	0.067176	-0.148355	-0.020485	0.028739	-0.055039	-0.008818	-0.001254	0.004018	-0.004961	0.011551	0.009391
2024-08-20 21:12:45.233000	0.428116	-0.469345	0.309318	-0.416561	1.004705	0.535359	0.844677	-0.539773	-0.079677	-0.360236	0.442226	0.510578	0.577779	0.464932	0.455682	0.484442	0.068351	0.067201	-0.149663	-0.009249	0.028759	-0.056326	-0.006980	0.000271	0.004021	-0.003109	0.013089	0.009395
2024-08-20 21:12:45.496000	0.426227	-0.480505	0.310739	-0.418255	1.014248	0.533743	0.844482	-0.539694	-0.079693	-0.360257	0.451770	0.508961	0.577583	0.474554	0.454050	0.484225	0.057191	0.068622	-0.151356	-0.020504	0.030176	-0.057998	-0.009113	-0.001177	0.004219	-0.005227	0.011654	0.009593
2024-08-20 21:12:45.758000	0.429905	-0.470087	0.309765	-0.416308	1.006535	0.536448	0.846213	-0.539615	-0.079709	-0.360277	0.444056	0.511666	0.579314	0.466920	0.456739	0.485935	0.067610	0.067648	-0.149409	-0.010181	0.029196	-0.056030	-0.007012	0.000133	0.004082	-0.003112	0.012978	0.009457
2024-08-20 21:12:46.020000	0.424836	-0.484074	0.308369	-0.415517	1.016058	0.531984	0.840353	-0.539536	-0.079724	-0.360298	0.453580	0.507202	0.573454	0.476522	0.452259	0.480054	0.053622	0.066252	-0.148618	-0.024263	0.027795	-0.055219	-0.009734	-0.001736	0.003886	-0.005819	0.011122	0.009262
2024-08-20 21:12:46.282000	0.427619	-0.481005	0.309477	-0.415451	1.014598	0.533593	0.843070	-0.539457	-0.079740	-0.360319	0.452119	0.508811	0.576171	0.475141	0.453853	0.482751	0.056692	0.067360	-0.148552	-0.021288	0.028898	-0.055132	-0.008954	-0.001358	0.004040	-0.005025	0.011512	0.009417
2024-08-20 21:12:46.544000	0.429309	-0.471009	0.315481	-0.419897	1.004734	0.533725	0.849206	-0.539378	-0.079756	-0.360340	0.442256	0.508944	0.582307	0.465356	0.453969	0.488866	0.066688	0.073364	-0.152999	-0.011386	0.034897	-0.059558	-0.006815	0.000024	0.004879	-0.002871	0.012908	0.010256
2024-08-20 21:12:46.806000	0.422450	-0.482534	0.308786	-0.414630	1.010828	0.528294	0.837080	-0.539299	-0.079772	-0.360360	0.448350	0.503512	0.570181	0.471529	0.448522	0.476719	0.055162	0.066669	-0.147731	-0.023007	0.028197	-0.054269	-0.009242	-0.001605	0.003942	-0.005284	0.011292	0.009320
2024-08-20 21:12:47.068000	0.425034	-0.474475	0.315605	-0.420673	1.004577	0.530103	0.845708	-0.539221	-0.079787	-0.360381	0.442099	0.505321	0.578809	0.465357	0.450315	0.485327	0.063222	0.073488	-0.153775	-0.015041	0.035011	-0.060292	-0.007611	-0.000436	0.004895	-0.003638	0.012474	0.010274
2024-08-20 21:12:47.331000	0.422251	-0.463289	0.318418	-0.422843	0.989965	0.526676	0.845094	-0.539141	-0.079803	-0.360401	0.427487	0.501895	0.578196	0.450824	0.446873	0.484693	0.074408	0.076301	-0.155945	-0.003951	0.037820	-0.062442	-0.005429	0.001066	0.005287	-0.001442	0.013989	0.010667
2024-08-20 21:12:47.593000	0.413802	-0.489271	0.309218	-0.417002	1.010857	0.521586	0.830805	-0.539063	-0.079819	-0.360422	0.448378	0.496805	0.563906	0.471794	0.441767	0.470383	0.048426	0.067102	-0.150104	-0.030027	0.028615	-0.056581	-0.010905	-0.002462	0.004000	-0.006903	0.010474	0.009381
2024-08-20 21:12:47.855000	0.418971	-0.482622	0.306217	-0.413048	1.008424	0.525802	0.832019	-0.538984	-0.079834	-0.360442	0.445946	0.501021	0.565120	0.469440	0.445968	0.471577	0.055075	0.064100	-0.146149	-0.023473	0.025609	-0.052606	-0.009507	-0.001691	0.003580	-0.005491	0.011258	0.008961
2024-08-20 21:12:48.117000	0.421357	-0.470931	0.314536	-0.419882	0.997634	0.526702	0.841239	-0.538905	-0.079850	-0.360463	0.435155	0.501921	0.574340	0.458729	0.446853	0.480776	0.066765	0.072419	-0.152984	-0.011876	0.033924	-0.059420	-0.007067	-0.000034	0.004743	-0.003036	0.012928	0.010124
2024-08-20 21:12:48.379000	0.419567	-0.492536	0.310545	-0.417677	1.019234	0.526699	0.837244	-0.538826	-0.079865	-0.360483	0.456756	0.501917	0.570346	0.480408	0.446833	0.476761	0.045161	0.068429	-0.150778	-0.033575	0.029928	-0.057194	-0.011427	-0.002925	0.004184	-0.007382	0.010050	0.009566
2024-08-20 21:12:48.641000	0.410124	-0.502825	0.305869	-0.413256	1.020337	0.517511	0.823380	-0.538747	-0.079881	-0.360503	0.457858	0.492730	0.556482	0.481590	0.437630	0.462877	0.034871	0.063752	-0.146357	-0.043959	0.025247	-0.052753	-0.013399	-0.004387	0.003529	-0.009339	0.008602	0.008912
2024-08-20 21:12:48.903000	0.416486	-0.497232	0.311515	-0.418701	1.020905	0.523672	0.835187	-0.538668	-0.079896	-0.360523	0.458426	0.498891	0.568288	0.482236	0.443776	0.474664	0.040464	0.069398	-0.151802	-0.038461	0.030888	-0.058178	-0.012336	-0.003549	0.004318	-0.008261	0.009452	0.009702
2024-08-20 21:12:49.166000	0.418673	-0.476591	0.318105	-0.424547	1.001706	0.525115	0.843219	-0.538589	-0.079912	-0.360543	0.439227	0.500333	0.576321	0.463117	0.445203	0.482676	0.061105	0.075988	-0.157648	-0.017914	0.037473	-0.064003	-0.008381	-0.000723	0.005239	-0.004292	0.012291	0.010623
2024-08-20 21:12:49.428000	0.423842	-0.475978	0.314710	-0.420805	1.005915	0.529936	0.844647	-0.538510	-0.079927	-0.360563	0.443436	0.505155	0.577748	0.467404	0.450009	0.484083	0.061718	0.072593	-0.153906	-0.017396	0.034074	-0.060242	-0.008217	-0.000738	0.004764	-0.004114	0.012290	0.010149
2024-08-20 21:12:49.690000	0.410621	-0.487957	0.307817	-0.416217	1.006978	0.519021	0.826838	-0.538431	-0.079943	-0.360583	0.444500	0.494239	0.559939	0.468547	0.439078	0.466255	0.049739	0.065700	-0.149318	-0.029469	0.027176	-0.055633	-0.010896	-0.002403	0.003799	-0.006778	0.010638	0.009185
2024-08-20 21:12:49.952000	0.417182	-0.499895	0.307469	-0.414792	1.024400	0.524505	0.831974	-0.538353	-0.079958	-0.360603	0.461921	0.499723	0.565075	0.486047	0.444547	0.471370	0.037802	0.065352	-0.147893	-0.041501	0.026824	-0.054189	-0.012916	-0.004034	0.003750	-0.008783	0.009020	0.009136
2024-08-20 21:12:50.214000	0.412609	-0.487154	0.312106	-0.420009	1.007666	0.520512	0.832618	-0.538274	-0.079974	-0.360623	0.445188	0.495731	0.565720	0.469392	0.440539	0.471995	0.050543	0.069989	-0.153110	-0.028854	0.031456	-0.059386	-0.010679	-0.002249	0.004398	-0.006532	0.010818	0.009784
2024-08-20 21:12:50.476000	0.411814	-0.486021	0.306828	-0.414148	1.005155	0.519134	0.825962	-0.538195	-0.079989	-0.360643	0.442677	0.494353	0.559064	0.466960	0.439145	0.465319	0.051676	0.064711	-0.147249	-0.027815	0.026174	-0.053505	-0.010375	-0.002242	0.003659	-0.006213	0.010838	0.009047
2024-08-20 21:12:50.738000	0.418971	-0.496923	0.308011	-0.416267	1.024151	0.527227	0.835238	-0.538116	-0.080004	-0.360663	0.461673	0.502446	0.568340	0.486035	0.447223	0.474576	0.040773	0.065894	-0.149369	-0.038812	0.027352	-0.055605	-0.012587	-0.003639	0.003824	-0.008411	0.009454	0.009212
2024-08-20 21:12:51.001000	0.417281	-0.484945	0.311236	-0.419046	1.010035	0.525091	0.836327	-0.538037	-0.080019	-0.360682	0.447557	0.500309	0.569428	0.471998	0.445071	0.475644	0.052752	0.069119	-0.152147	-0.026927	0.030573	-0.058363	-0.010296	-0.002018	0.004274	-0.006105	0.011088	0.009663
2024-08-20 21:12:51.263000	0.413703	-0.496790	0.309074	-0.418011	1.019429	0.522640	0.831714	-0.537958	-0.080035	-0.360702	0.456951	0.497858	0.564816	0.481471	0.442605	0.471012	0.040907	0.066957	-0.151113	-0.038866	0.028407	-0.057309	-0.012722	-0.003603	0.003971	-0.008516	0.009516	0.009361
2024-08-20 21:12:51.525000	0.416585	-0.486855	0.306261	-0.413702	1.010881	0.524026	0.830287	-0.537879	-0.080050	-0.360722	0.448403	0.499244	0.563389	0.473002	0.443976	0.469566	0.050841	0.064144	-0.146803	-0.029026	0.025590	-0.052980	-0.010611	-0.002412	0.003577	-0.006391	0.010720	0.008967
2024-08-20 21:12:51.787000	0.412709	-0.473311	0.317633	-0.423193	0.991580	0.518269	0.835902	-0.537800	-0.080065	-0.360741	0.429101	0.493487	0.569003	0.453779	0.438204	0.475161	0.064386	0.075516	-0.156294	-0.015575	0.036957	-0.062452	-0.007750	-0.000459	0.005167	-0.003516	0.012686	0.010557
2024-08-20 21:12:52.049000	0.417579	-0.488096	0.310029	-0.417540	1.013187	0.525091	0.835119	-0.537721	-0.080080	-0.360760	0.450709	0.500309	0.568221	0.475466	0.445010	0.474359	0.049600	0.067912	-0.150641	-0.030455	0.029348	-0.056779	-0.010881	-0.002520	0.004103	-0.006633	0.010637	0.009494
2024-08-20 21:12:52.311000	0.421456	-0.481762	0.315565	-0.421804	1.009456	0.527695	0.843260	-0.537643	-0.080095	-0.360780	0.446978	0.502913	0.576361	0.471814	0.447599	0.482480	0.055935	0.073448	-0.154905	-0.024215	0.034881	-0.061024	-0.009475	-0.001622	0.004876	-0.005212	0.011549	0.010268
2024-08-20 21:12:52.573000	0.413106	-0.477256	0.311738	-0.419649	0.998273	0.521017	0.832755	-0.537564	-0.080110	-0.360799	0.435794	0.496235	0.565857	0.460709	0.440907	0.471956	0.060441	0.069621	-0.152750	-0.019802	0.031049	-0.058850	-0.008978	-0.001067	0.004341	-0.004700	0.012117	0.009733
2024-08-20 21:12:52.836000	0.419766	-0.485944	0.313498	-0.419451	1.011663	0.525720	0.839217	-0.537485	-0.080125	-0.360819	0.449185	0.500938	0.572319	0.474179	0.445594	0.478399	0.051753	0.071381	-0.152553	-0.028585	0.032805	-0.058633	-0.010225	-0.002253	0.004586	-0.005933	0.010944	0.009979
2024-08-20 21:12:53.098000	0.410124	-0.491593	0.307812	-0.415841	1.009747	0.518154	0.825966	-0.537406	-0.080140	-0.360838	0.447269	0.493372	0.559067	0.472341	0.438013	0.465128	0.046103	0.065695	-0.148943	-0.034328	0.027115	-0.055004	-0.011688	-0.003064	0.003791	-0.007381	0.010146	0.009184
2024-08-20 21:12:53.360000	0.413603	-0.475484	0.313721	-0.420166	0.995532	0.520048	0.833770	-0.537327	-0.080155	-0.360857	0.433054	0.495267	0.566871	0.458205	0.439893	0.472913	0.062213	0.071604	-0.153268	-0.018313	0.033020	-0.059309	-0.008411	-0.000877	0.004616	-0.004090	0.012345	0.010010
2024-08-20 21:12:53.622000	0.413206	-0.481159	0.315515	-0.422569	1.001419	0.520260	0.835775	-0.537248	-0.080170	-0.360876	0.438941	0.495478	0.568877	0.464171	0.440089	0.474899	0.056537	0.073399	-0.155671	-0.024082	0.034810	-0.061693	-0.009593	-0.001582	0.004866	-0.005257	0.011653	0.010261
2024-08-20 21:12:53.884000	0.415393	-0.483075	0.313050	-0.419451	1.004869	0.521793	0.834844	-0.537169	-0.080185	-0.360895	0.442390	0.497012	0.567945	0.467699	0.441608	0.473949	0.054622	0.070933	-0.152553	-0.026091	0.032341	-0.058556	-0.009838	-0.001921	0.004521	-0.005488	0.011328	0.009916
2024-08-20 21:12:54.146000	0.408335	-0.478476	0.311624	-0.419416	0.994603	0.516127	0.827751	-0.537090	-0.080200	-0.360914	0.432125	0.491345	0.560852	0.457513	0.435927	0.466837	0.059221	0.069507	-0.152517	-0.021586	0.030910	-0.058502	-0.009268	-0.001312	0.004321	-0.004904	0.011950	0.009717
2024-08-20 21:12:54.408000	0.411417	-0.497130	0.309094	-0.416754	1.016206	0.519076	0.828171	-0.537012	-0.080215	-0.360933	0.453727	0.494295	0.561272	0.479194	0.438861	0.467238	0.040567	0.066977	-0.149855	-0.040333	0.028377	-0.055821	-0.012714	-0.003844	0.003967	-0.008334	0.009430	0.009363
2024-08-20 21:12:54.671000	0.416287	-0.489250	0.310252	-0.417895	1.013180	0.523930	0.834182	-0.536932	-0.080230	-0.360952	0.450701	0.499148	0.567283	0.476247	0.443700	0.473230	0.048447	0.068135	-0.150996	-0.032548	0.029531	-0.056943	-0.011265	-0.002793	0.004128	-0.006871	0.010494	0.009525
2024-08-20 21:12:54.933000	0.417082	-0.482045	0.317290	-0.423989	1.005827	0.523782	0.841071	-0.536854	-0.080245	-0.360971	0.443348	0.499000	0.574173	0.468973	0.443537	0.480101	0.055652	0.075173	-0.157090	-0.025437	0.036564	-0.063018	-0.009760	-0.001738	0.005112	-0.005352	0.011562	0.010509
2024-08-20 21:12:55.195000	0.413603	-0.474264	0.312971	-0.420445	0.995341	0.521078	0.834048	-0.536775	-0.080260	-0.360989	0.432863	0.496296	0.567150	0.458566	0.440818	0.473059	0.063433	0.070854	-0.153546	-0.017749	0.032241	-0.059456	-0.008485	-0.000789	0.004507	-0.004062	0.012524	0.009905
2024-08-20 21:12:55.457000	0.411516	-0.483389	0.306664	-0.415801	1.004042	0.520653	0.827317	-0.536696	-0.080274	-0.361008	0.441564	0.495871	0.560418	0.467346	0.440378	0.466309	0.054307	0.064547	-0.148902	-0.026968	0.025930	-0.054793	-0.010512	-0.002086	0.003625	-0.006074	0.011240	0.009024
2024-08-20 21:12:55.719000	0.412808	-0.497650	0.306624	-0.414082	1.017916	0.520266	0.826890	-0.536617	-0.080289	-0.361027	0.455437	0.495485	0.559992	0.481299	0.439977	0.465864	0.040047	0.064507	-0.147184	-0.041322	0.025887	-0.053055	-0.012846	-0.004036	0.003619	-0.008394	0.009303	0.009018
2024-08-20 21:12:55.981000	0.416784	-0.472549	0.316758	-0.423416	0.995991	0.523442	0.840200	-0.536538	-0.080304	-0.361045	0.433512	0.498661	0.573302	0.459453	0.443138	0.479155	0.065148	0.074641	-0.156517	-0.016314	0.036017	-0.062371	-0.008052	-0.000549	0.005035	-0.003585	0.012803	0.010435
2024-08-20 21:12:56.243000	0.413902	-0.499900	0.303980	-0.412637	1.022459	0.522559	0.826539	-0.536459	-0.080319	-0.361064	0.459980	0.497777	0.559640	0.486000	0.442240	0.465475	0.037797	0.061863	-0.145739	-0.043760	0.023235	-0.051573	-0.013523	-0.004376	0.003248	-0.009042	0.008989	0.008648
2024-08-20 21:12:56.506000	0.415492	-0.489070	0.312688	-0.419436	1.011310	0.522240	0.834928	-0.536380	-0.080333	-0.361082	0.448832	0.497459	0.568029	0.474930	0.441907	0.473846	0.048627	0.070571	-0.152537	-0.033023	0.031939	-0.058354	-0.011160	-0.002838	0.004465	-0.006665	0.010540	0.009866
2024-08-20 21:12:56.768000	0.417579	-0.489101	0.309686	-0.418589	1.015584	0.526483	0.836169	-0.536301	-0.080348	-0.361101	0.453105	0.501701	0.569270	0.479282	0.446135	0.475068	0.048596	0.067569	-0.151691	-0.033147	0.028933	-0.057489	-0.011596	-0.002848	0.004045	-0.007086	0.010542	0.009446
2024-08-20 21:12:57.030000	0.414896	-0.488241	0.306997	-0.414341	1.010480	0.522239	0.829236	-0.536222	-0.080363	-0.361119	0.448002	0.497458	0.562338	0.474258	0.441877	0.468117	0.049456	0.064880	-0.147442	-0.032381	0.026240	-0.053222	-0.011153	-0.002854	0.003668	-0.006629	0.010549	0.009070
2024-08-20 21:12:57.292000	0.413007	-0.484409	0.313403	-0.421520	1.005533	0.521124	0.834527	-0.536144	-0.080377	-0.361137	0.443054	0.496342	0.567628	0.469389	0.440746	0.473390	0.053288	0.071286	-0.154621	-0.028643	0.032643	-0.060383	-0.010603	-0.002202	0.004564	-0.006064	0.011214	0.009966
2024-08-20 21:12:57.554000	0.410423	-0.473542	0.314377	-0.422432	0.992020	0.518478	0.832855	-0.536065	-0.080392	-0.361155	0.429542	0.493696	0.565956	0.455955	0.438086	0.471700	0.064154	0.072260	-0.155534	-0.017869	0.033614	-0.061277	-0.008592	-0.000762	0.004699	-0.004039	0.012667	0.010102
2024-08-20 21:12:57.816000	0.416387	-0.480794	0.312260	-0.419994	1.004914	0.524120	0.836380	-0.535986	-0.080406	-0.361174	0.442436	0.499339	0.569482	0.468928	0.443714	0.475207	0.056903	0.070143	-0.153095	-0.025214	0.031493	-0.058820	-0.009889	-0.001787	0.004403	-0.005321	0.011655	0.009806
2024-08-20 21:12:58.078000	0.416486	-0.470823	0.318040	-0.424263	0.993532	0.522708	0.840749	-0.535907	-0.080421	-0.361192	0.431053	0.497927	0.573850	0.457625	0.442288	0.479557	0.066873	0.075923	-0.157364	-0.015337	0.037269	-0.063071	-0.007764	-0.000411	0.005210	-0.003182	0.013044	0.010614
2024-08-20 21:12:58.341000	0.416784	-0.488962	0.311286	-0.418189	1.012649	0.523687	0.834973	-0.535828	-0.080435	-0.361210	0.450170	0.498905	0.568074	0.476821	0.443252	0.473763	0.048735	0.069169	-0.151290	-0.033569	0.030511	-0.056979	-0.011272	-0.002938	0.004265	-0.006675	0.010530	0.009670
2024-08-20 21:12:58.603000	0.413802	-0.467713	0.317056	-0.422544	0.987003	0.519290	0.836346	-0.535749	-0.080450	-0.361228	0.424524	0.494508	0.569448	0.451254	0.438840	0.475118	0.069984	0.074939	-0.155645	-0.012413	0.036278	-0.061316	-0.007077	-0.000070	0.005072	-0.002465	0.013410	0.010477
2024-08-20 21:12:58.865000	0.420760	-0.482941	0.316117	-0.422103	1.009687	0.526746	0.842863	-0.535670	-0.080464	-0.361246	0.447209	0.501965	0.575964	0.474017	0.446282	0.481617	0.054755	0.074000	-0.155204	-0.027735	0.035335	-0.060857	-0.010008	-0.002097	0.004940	-0.005382	0.011397	0.010345
2024-08-20 21:12:59.127000	0.418673	-0.469180	0.322861	-0.429008	0.994000	0.524820	0.847681	-0.535591	-0.080478	-0.361264	0.431522	0.500038	0.580782	0.458409	0.444341	0.486417	0.068516	0.080744	-0.162110	-0.014067	0.042076	-0.067745	-0.007501	-0.000147	0.005882	-0.002860	0.013360	0.011288
2024-08-20 21:12:59.389000	0.417480	-0.484728	0.312364	-0.418711	1.008555	0.523827	0.836191	-0.535513	-0.080493	-0.361281	0.446076	0.499045	0.569292	0.473042	0.443334	0.474910	0.052968	0.070248	-0.151812	-0.029708	0.031576	-0.057430	-0.010439	-0.002426	0.004414	-0.005784	0.011093	0.009821
2024-08-20 21:12:59.651000	0.412112	-0.462161	0.318294	-0.426554	0.982534	0.520373	0.838667	-0.535434	-0.080507	-0.361299	0.420056	0.495591	0.571768	0.447100	0.439866	0.477367	0.075536	0.076177	-0.159656	-0.007234	0.037502	-0.065255	-0.006638	0.000726	0.005243	-0.001968	0.014258	0.010650
2024-08-20 21:12:59.913000	0.418772	-0.475536	0.312568	-0.419294	1.001034	0.525498	0.838066	-0.535355	-0.080521	-0.361317	0.438555	0.500716	0.571168	0.465679	0.444977	0.476749	0.062161	0.070451	-0.152396	-0.020702	0.031773	-0.057977	-0.008838	-0.001222	0.004442	-0.004154	0.012323	0.009849
2024-08-20 21:13:00.176000	0.416983	-0.468238	0.314492	-0.422108	0.992837	0.524599	0.839091	-0.535276	-0.080536	-0.361335	0.430359	0.499818	0.572192	0.457561	0.444064	0.477756	0.069459	0.072375	-0.155209	-0.013498	0.033693	-0.060773	-0.007671	-0.000202	0.004710	-0.002972	0.013356	0.010118
2024-08-20 21:13:00.438000	0.411615	-0.478147	0.315317	-0.423386	0.997831	0.519684	0.835001	-0.535197	-0.080550	-0.361352	0.435353	0.494903	0.568102	0.462634	0.439134	0.473649	0.059550	0.073200	-0.156487	-0.023499	0.034514	-0.062033	-0.009607	-0.001491	0.004825	-0.004894	0.012080	0.010233
2024-08-20 21:13:00.700000	0.414299	-0.472590	0.316514	-0.424410	0.994784	0.522194	0.838709	-0.535118	-0.080564	-0.361370	0.432306	0.497413	0.571810	0.459666	0.441630	0.477339	0.065107	0.074398	-0.157511	-0.018036	0.035709	-0.063040	-0.008558	-0.000751	0.004992	-0.003830	0.012833	0.010401
2024-08-20 21:13:00.962000	0.417182	-0.467321	0.317578	-0.423046	0.989971	0.522650	0.840228	-0.535039	-0.080578	-0.361387	0.427493	0.497868	0.573329	0.454931	0.442071	0.478840	0.070375	0.075461	-0.156147	-0.012860	0.036769	-0.061659	-0.007131	-0.000124	0.005140	-0.002389	0.013472	0.010549
2024-08-20 21:13:01.224000	0.415591	-0.481561	0.312295	-0.419563	1.004420	0.522859	0.835154	-0.534961	-0.080592	-0.361405	0.441942	0.498078	0.568256	0.469460	0.442267	0.473749	0.056136	0.070178	-0.152664	-0.027193	0.031483	-0.058158	-0.010131	-0.002069	0.004401	-0.005374	0.011540	0.009811
2024-08-20 21:13:01.486000	0.419965	-0.478842	0.308528	-0.415907	1.006187	0.527345	0.835872	-0.534882	-0.080607	-0.361422	0.443708	0.502563	0.568974	0.471305	0.446738	0.474450	0.058855	0.066411	-0.149009	-0.024567	0.027712	-0.054485	-0.009666	-0.001799	0.003874	-0.004894	0.011823	0.009284
2024-08-20 21:13:01.748000	0.416685	-0.493102	0.305735	-0.413651	1.017704	0.524601	0.830336	-0.534803	-0.080621	-0.361439	0.455225	0.499820	0.563437	0.482901	0.443981	0.468897	0.044595	0.063618	-0.146753	-0.038920	0.024916	-0.052212	-0.012426	-0.003735	0.003483	-0.007640	0.009899	0.008894
2024-08-20 21:13:02.011000	0.421158	-0.484847	0.310521	-0.418447	1.013931	0.529085	0.839605	-0.534724	-0.080635	-0.361457	0.451453	0.504303	0.572707	0.479207	0.448450	0.478148	0.052850	0.068404	-0.151549	-0.030758	0.029699	-0.056991	-0.010910	-0.002558	0.004152	-0.006110	0.011090	0.009563
2024-08-20 21:13:02.273000	0.416188	-0.497248	0.306063	-0.415228	1.022601	0.525353	0.831416	-0.534645	-0.080649	-0.361474	0.460123	0.500572	0.564517	0.487956	0.444704	0.469942	0.040449	0.063946	-0.148329	-0.043252	0.025238	-0.053754	-0.013462	-0.004261	0.003528	-0.008647	0.009399	0.008940
2024-08-20 21:13:02.535000	0.416685	-0.484352	0.313443	-0.421327	1.008921	0.524569	0.838012	-0.534566	-0.080663	-0.361491	0.446443	0.499787	0.571113	0.474355	0.443906	0.476521	0.053344	0.071326	-0.154429	-0.030449	0.032615	-0.059836	-0.010838	-0.002458	0.004560	-0.006009	0.011215	0.009971
2024-08-20 21:13:02.797000	0.412808	-0.494189	0.308418	-0.417180	1.015759	0.521570	0.829988	-0.534488	-0.080677	-0.361508	0.453280	0.496788	0.563090	0.481271	0.440893	0.468480	0.043508	0.066301	-0.150281	-0.040378	0.027587	-0.055672	-0.012845	-0.003846	0.003857	-0.008002	0.009840	0.009269
2024-08-20 21:13:03.059000	0.421456	-0.488328	0.306381	-0.414265	1.017668	0.529340	0.835721	-0.534409	-0.080691	-0.361525	0.455190	0.504558	0.568822	0.483259	0.448649	0.474195	0.049369	0.064264	-0.147366	-0.034610	0.025546	-0.052739	-0.011607	-0.003156	0.003571	-0.006749	0.010542	0.008984
2024-08-20 21:13:03.321000	0.418076	-0.464298	0.316455	-0.423122	0.989042	0.524744	0.841198	-0.534330	-0.080705	-0.361542	0.426563	0.499962	0.574300	0.454712	0.444039	0.479656	0.073398	0.074338	-0.156223	-0.010673	0.035617	-0.061580	-0.006932	0.000175	0.004979	-0.002059	0.013886	0.010392
2024-08-20 21:13:03.583000	0.421058	-0.498273	0.308095	-0.415365	1.026601	0.528328	0.836423	-0.534251	-0.080719	-0.361559	0.464122	0.503546	0.569525	0.492350	0.447609	0.474864	0.039424	0.065978	-0.148466	-0.044740	0.027255	-0.053806	-0.013359	-0.004478	0.003810	-0.008472	0.009246	0.009224
2024-08-20 21:13:03.846000	0.417082	-0.481386	0.315217	-0.424100	1.007351	0.525966	0.841183	-0.534172	-0.080733	-0.361576	0.444873	0.501184	0.574284	0.473179	0.445233	0.479607	0.056311	0.073100	-0.157202	-0.027946	0.034374	-0.062524	-0.010552	-0.002061	0.004805	-0.005650	0.011676	0.010219
2024-08-20 21:13:04.108000	0.412808	-0.486454	0.308667	-0.418169	1.008763	0.522310	0.830977	-0.534093	-0.080746	-0.361593	0.446285	0.497528	0.564078	0.474670	0.441563	0.469384	0.051243	0.066550	-0.151270	-0.033107	0.027821	-0.056576	-0.011627	-0.002860	0.003889	-0.006711	0.010890	0.009304
2024-08-20 21:13:04.370000	0.424239	-0.497778	0.308567	-0.416627	1.030077	0.532299	0.840866	-0.534015	-0.080760	-0.361609	0.467599	0.507517	0.573968	0.496063	0.451539	0.479257	0.039918	0.066450	-0.149729	-0.044524	0.027718	-0.055018	-0.013463	-0.004416	0.003875	-0.008532	0.009346	0.009290
2024-08-20 21:13:04.632000	0.414597	-0.481350	0.313110	-0.422595	1.005432	0.524082	0.837192	-0.533936	-0.080774	-0.361626	0.442954	0.499300	0.570293	0.471496	0.443308	0.475566	0.056347	0.070993	-0.155696	-0.028188	0.032258	-0.060968	-0.010705	-0.002119	0.004510	-0.005760	0.011656	0.009925
2024-08-20 21:13:04.894000	0.425134	-0.477096	0.318368	-0.425256	1.009118	0.532022	0.850390	-0.533857	-0.080788	-0.361643	0.446640	0.507240	0.583492	0.475261	0.451234	0.488747	0.060601	0.076251	-0.158358	-0.024027	0.037513	-0.063614	-0.009431	-0.001543	0.005244	-0.004471	0.012244	0.010660
2024-08-20 21:13:05.156000	0.416387	-0.477565	0.313537	-0.422113	1.002527	0.524962	0.838500	-0.533778	-0.080802	-0.361659	0.440048	0.500181	0.571601	0.468749	0.444161	0.476840	0.060132	0.071420	-0.155214	-0.024588	0.032680	-0.060454	-0.009858	-0.001665	0.004569	-0.004884	0.012135	0.009985
2024-08-20 21:13:05.418000	0.425730	-0.476354	0.312364	-0.419198	1.008918	0.532563	0.844928	-0.533699	-0.080815	-0.361676	0.446439	0.507782	0.578029	0.475218	0.451748	0.483252	0.061342	0.070248	-0.152299	-0.023470	0.031504	-0.057522	-0.009315	-0.001599	0.004404	-0.004327	0.012214	0.009821
2024-08-20 21:13:05.680000	0.420760	-0.481520	0.311957	-0.421469	1.011792	0.530272	0.842229	-0.533621	-0.080829	-0.361692	0.449314	0.505491	0.575331	0.478171	0.449443	0.480537	0.056177	0.069840	-0.154571	-0.028728	0.031094	-0.059777	-0.010800	-0.002216	0.004347	-0.005797	0.011610	0.009764
2024-08-20 21:13:05.943000	0.419269	-0.472585	0.314666	-0.422143	0.999332	0.526747	0.841413	-0.533542	-0.080843	-0.361709	0.436853	0.501965	0.574514	0.465790	0.445904	0.479704	0.065112	0.072549	-0.155245	-0.019886	0.033799	-0.060435	-0.008768	-0.001057	0.004725	-0.003751	0.012781	0.010142
2024-08-20 21:13:06.205000	0.416287	-0.485568	0.310148	-0.419624	1.011331	0.525763	0.835911	-0.533463	-0.080856	-0.361725	0.448852	0.500981	0.569012	0.477868	0.444907	0.474186	0.052129	0.068031	-0.152725	-0.032961	0.029279	-0.057898	-0.011573	-0.002814	0.004093	-0.006541	0.011037	0.009511
2024-08-20 21:13:06.467000	0.423643	-0.466935	0.320466	-0.427421	0.997534	0.530598	0.851064	-0.533384	-0.080870	-0.361742	0.435055	0.505817	0.584166	0.464149	0.449729	0.489323	0.070762	0.078349	-0.160523	-0.014421	0.039594	-0.065680	-0.007648	-0.000232	0.005535	-0.002601	0.013632	0.010953
2024-08-20 21:13:06.729000	0.421555	-0.478754	0.312419	-0.419446	1.007337	0.528582	0.841002	-0.533305	-0.080884	-0.361758	0.444858	0.503801	0.574103	0.474031	0.447699	0.479244	0.058942	0.070302	-0.152548	-0.026332	0.031545	-0.057688	-0.009870	-0.001972	0.004410	-0.004808	0.011905	0.009828
2024-08-20 21:13:06.991000	0.417579	-0.487720	0.307285	-0.417555	1.015570	0.527849	0.835134	-0.533227	-0.080897	-0.361774	0.453091	0.503068	0.568236	0.482343	0.446952	0.473361	0.049976	0.065168	-0.150656	-0.035391	0.026408	-0.055781	-0.012169	-0.003171	0.003692	-0.007093	0.010718	0.009111
2024-08-20 21:13:07.253000	0.431595	-0.465745	0.315063	-0.421205	1.003482	0.537737	0.852800	-0.533148	-0.080911	-0.361790	0.441004	0.512955	0.585902	0.470334	0.456826	0.491010	0.071951	0.072946	-0.154307	-0.013508	0.034184	-0.059415	-0.007318	-0.000253	0.004779	-0.002228	0.013649	0.010198
2024-08-20 21:13:07.516000	0.431495	-0.469134	0.316514	-0.423426	1.007541	0.538407	0.854922	-0.533069	-0.080924	-0.361806	0.445063	0.513625	0.588023	0.474472	0.457483	0.493115	0.068563	0.074398	-0.156528	-0.016989	0.035632	-0.061620	-0.008107	-0.000658	0.004981	-0.003002	0.013257	0.010401
2024-08-20 21:13:07.778000	0.436565	-0.459581	0.311430	-0.416876	1.001591	0.542010	0.853440	-0.532990	-0.080938	-0.361822	0.439113	0.517229	0.586542	0.468601	0.461073	0.491618	0.078116	0.069313	-0.149977	-0.007528	0.030546	-0.055053	-0.006074	0.000437	0.004270	-0.000955	0.014364	0.009690
2024-08-20 21:13:08.040000	0.451773	-0.435731	0.318840	-0.421728	0.990391	0.554660	0.873501	-0.532911	-0.080951	-0.361838	0.427913	0.529879	0.606602	0.457480	0.473709	0.511662	0.101966	0.076723	-0.154829	0.016229	0.037953	-0.059889	-0.001177	0.003646	0.005306	0.003957	0.017586	0.010726
2024-08-20 21:13:15.722000	0.461315	-0.440567	0.324367	-0.419842	0.997357	0.556790	0.881157	-0.530605	-0.081334	-0.362282	0.434879	0.532008	0.614258	0.466752	0.475456	0.518875	0.097130	0.082250	-0.152943	0.008705	0.043418	-0.057559	-0.001073	0.002516	0.006070	0.004486	0.016825	0.011499
2024-08-20 21:13:15.984000	0.447300	-0.475319	0.316857	-0.414265	1.020026	0.544707	0.861565	-0.530527	-0.081346	-0.362296	0.457548	0.519926	0.594666	0.489500	0.463361	0.499268	0.062377	0.074740	-0.147366	-0.026139	0.035907	-0.051968	-0.007898	-0.002179	0.005020	-0.002325	0.012142	0.010449
2024-08-20 21:13:16.246000	0.444815	-0.469567	0.318497	-0.414503	1.010387	0.540820	0.859318	-0.530448	-0.081359	-0.362311	0.447909	0.516039	0.592419	0.479939	0.459462	0.497007	0.068130	0.076381	-0.147604	-0.020477	0.037545	-0.052192	-0.006578	-0.001443	0.005249	-0.000990	0.012891	0.010678
2024-08-20 21:13:16.508000	0.434875	-0.467491	0.326191	-0.424668	1.000843	0.533352	0.859543	-0.530370	-0.081371	-0.362325	0.438365	0.508571	0.592645	0.470474	0.451981	0.497218	0.070205	0.084074	-0.157770	-0.018493	0.045237	-0.062343	-0.006677	-0.000940	0.006324	-0.001075	0.013406	0.011754
2024-08-20 21:13:16.770000	0.439646	-0.469273	0.319705	-0.417880	1.007094	0.537821	0.857526	-0.530291	-0.081384	-0.362339	0.444615	0.513039	0.590627	0.476802	0.456437	0.495187	0.068424	0.077588	-0.150981	-0.020366	0.038750	-0.055540	-0.006967	-0.001334	0.005417	-0.001351	0.013025	0.010847
2024-08-20 21:13:17.032000	0.436465	-0.454142	0.324606	-0.422508	0.988511	0.534368	0.858974	-0.530213	-0.081396	-0.362353	0.426032	0.509587	0.592075	0.458298	0.452972	0.496621	0.083554	0.082489	-0.155610	-0.005326	0.043649	-0.060155	-0.004125	0.000745	0.006102	0.001506	0.015116	0.011532
2024-08-20 21:13:17.294000	0.447698	-0.441082	0.333074	-0.428385	0.984090	0.543008	0.876082	-0.530134	-0.081409	-0.362367	0.421611	0.518226	0.609184	0.453956	0.461599	0.513715	0.096615	0.090958	-0.161486	0.007643	0.052116	-0.066017	-0.001218	0.002551	0.007286	0.004427	0.016934	0.012716
2024-08-20 21:13:17.557000	0.450580	-0.440886	0.332697	-0.427731	0.986500	0.545614	0.878311	-0.530055	-0.081422	-0.362381	0.424022	0.520832	0.611412	0.456445	0.464192	0.515929	0.096810	0.090580	-0.160832	0.007747	0.051737	-0.065349	-0.001144	0.002547	0.007233	0.004516	0.016943	0.012663
2024-08-20 21:13:17.819000	0.444020	-0.448282	0.329133	-0.425946	0.989114	0.540832	0.869966	-0.529977	-0.081434	-0.362395	0.426636	0.516051	0.603067	0.459137	0.459398	0.507570	0.089415	0.087016	-0.159047	0.000261	0.048172	-0.063551	-0.002871	0.001541	0.006734	0.002804	0.015950	0.012165
2024-08-20 21:13:18.081000	0.433483	-0.461188	0.328065	-0.427842	0.994448	0.533261	0.861325	-0.529898	-0.081446	-0.362409	0.431970	0.508479	0.594427	0.464550	0.451814	0.498916	0.076509	0.085948	-0.160944	-0.012736	0.047102	-0.065433	-0.005844	-0.000102	0.006585	-0.000156	0.014319	0.012016
2024-08-20 21:13:18.343000	0.454357	-0.444713	0.331400	-0.427634	0.995305	0.550592	0.881992	-0.529820	-0.081459	-0.362423	0.432826	0.525810	0.615093	0.465485	0.469133	0.519569	0.092984	0.089283	-0.160736	0.003648	0.050435	-0.065211	-0.002127	0.002016	0.007051	0.003577	0.016450	0.012482
2024-08-20 21:13:18.605000	0.452866	-0.465390	0.324183	-0.422057	1.016131	0.550740	0.874924	-0.529741	-0.081471	-0.362437	0.453652	0.525959	0.608025	0.486389	0.469269	0.512487	0.072307	0.082066	-0.155159	-0.017120	0.043218	-0.059620	-0.006289	-0.000824	0.006042	-0.000571	0.013621	0.011473
2024-08-20 21:13:18.867000	0.445710	-0.461152	0.321594	-0.420131	1.005398	0.544246	0.865840	-0.529663	-0.081484	-0.362451	0.442920	0.519465	0.598942	0.475735	0.462763	0.503390	0.076545	0.079477	-0.153232	-0.012972	0.040627	-0.057680	-0.005647	-0.000310	0.005680	0.000085	0.014148	0.011111
2024-08-20 21:13:19.129000	0.473243	-0.443539	0.317588	-0.414721	1.013915	0.570376	0.887964	-0.529584	-0.081496	-0.362464	0.451437	0.545595	0.621066	0.484331	0.488880	0.525500	0.094158	0.075471	-0.147822	0.004550	0.036620	-0.052257	-0.002133	0.001873	0.005119	0.003614	0.016343	0.010551
2024-08-20 21:13:19.392000	0.456147	-0.432399	0.335644	-0.432669	0.985571	0.553171	0.888815	-0.529505	-0.081508	-0.362478	0.423092	0.528390	0.621917	0.456065	0.471663	0.526337	0.105298	0.093527	-0.165770	0.015598	0.054674	-0.070191	-0.000053	0.003707	0.007643	0.005708	0.018190	0.013075
2024-08-20 21:13:19.654000	0.463403	-0.431817	0.322140	-0.420785	0.993864	0.562047	0.884187	-0.529427	-0.081521	-0.362492	0.431386	0.537265	0.617289	0.464437	0.480526	0.521696	0.105880	0.080024	-0.153886	0.016089	0.041170	-0.058293	-0.000278	0.003540	0.005755	0.005497	0.018035	0.011187
2024-08-20 21:13:19.916000	0.486265	-0.431915	0.317270	-0.411836	1.012746	0.580831	0.898101	-0.529349	-0.081533	-0.362505	0.450268	0.556049	0.631202	0.483398	0.499298	0.535596	0.105782	0.075153	-0.144938	0.015901	0.036298	-0.049331	0.000468	0.003281	0.005074	0.006258	0.017788	0.010506
2024-08-20 21:13:20.178000	0.470659	-0.431364	0.326897	-0.424379	0.999505	0.568141	0.895038	-0.529270	-0.081545	-0.362519	0.437027	0.543360	0.628140	0.470235	0.486596	0.532520	0.106333	0.084780	-0.157481	0.016361	0.045923	-0.061861	0.000002	0.003637	0.006420	0.005807	0.018157	0.011852
2024-08-20 21:13:20.440000	0.486762	-0.408318	0.326827	-0.421677	0.989929	0.581612	0.908439	-0.529192	-0.081557	-0.362532	0.427451	0.556830	0.641540	0.460738	0.500054	0.545907	0.129379	0.084710	-0.154778	0.039317	0.045852	-0.059145	0.004761	0.006581	0.006410	0.010580	0.021113	0.011842
2024-08-20 21:13:20.702000	0.502169	-0.408246	0.330182	-0.424197	1.004429	0.596184	0.926366	-0.529113	-0.081569	-0.362545	0.441951	0.571402	0.659467	0.475316	0.514614	0.563820	0.129451	0.088065	-0.157298	0.039298	0.049206	-0.061651	0.004922	0.006621	0.006879	0.010755	0.021166	0.012311
2024-08-20 21:13:20.964000	0.523142	-0.403884	0.309447	-0.400200	1.017779	0.613896	0.923343	-0.529035	-0.081582	-0.362559	0.455301	0.589114	0.656444	0.488744	0.532314	0.560784	0.133813	0.067330	-0.133302	0.043569	0.028470	-0.037642	0.006328	0.006644	0.003980	0.012176	0.021202	0.009413
2024-08-20 21:13:21.227000	0.507835	-0.392183	0.316847	-0.408414	0.991584	0.599401	0.916248	-0.528956	-0.081594	-0.362572	0.429105	0.574619	0.649350	0.462628	0.517807	0.553676	0.145514	0.074731	-0.141515	0.055179	0.035869	-0.045842	0.008329	0.008358	0.005015	0.014191	0.022928	0.010447
2024-08-20 21:13:21.489000	0.549284	-0.391132	0.311187	-0.397047	1.026277	0.635145	0.946331	-0.528878	-0.081606	-0.362585	0.463799	0.610363	0.679433	0.497399	0.553539	0.583746	0.146565	0.069070	-0.130148	0.056139	0.030207	-0.034462	0.009600	0.008182	0.004223	0.015476	0.022764	0.009656
2024-08-20 21:13:21.751000	0.520160	-0.399444	0.320177	-0.411116	1.010543	0.611099	0.931276	-0.528799	-0.081618	-0.362598	0.448065	0.586317	0.664378	0.481744	0.529481	0.568678	0.138252	0.078060	-0.144218	0.047737	0.039197	-0.048518	0.007078	0.007425	0.005480	0.012969	0.022019	0.010913
2024-08-20 21:13:22.013000	0.557634	-0.379158	0.298578	-0.386172	1.024386	0.645228	0.943806	-0.528721	-0.081630	-0.362611	0.461908	0.620446	0.676907	0.495666	0.563598	0.581194	0.158538	0.056461	-0.119273	0.067932	0.017596	-0.023560	0.011448	0.009529	0.002460	0.017354	0.024135	0.007893
2024-08-20 21:13:22.275000	0.551074	-0.378875	0.310436	-0.398573	1.018086	0.639210	0.949647	-0.528642	-0.081642	-0.362625	0.455607	0.614429	0.682748	0.489443	0.557568	0.587022	0.158822	0.068319	-0.131674	0.068125	0.029454	-0.035948	0.011389	0.009820	0.004118	0.017310	0.024439	0.009551
2024-08-20 21:13:22.537000	0.553857	-0.378370	0.304880	-0.392661	1.020009	0.641638	0.946518	-0.528564	-0.081654	-0.362638	0.457531	0.616857	0.679620	0.491445	0.559984	0.583881	0.159326	0.062763	-0.125763	0.068539	0.023896	-0.030024	0.011533	0.009746	0.003341	0.017468	0.024378	0.008774
2024-08-20 21:13:22.799000	0.547495	-0.384283	0.310804	-0.398847	1.019821	0.635538	0.946342	-0.528486	-0.081666	-0.362651	0.457342	0.610756	0.679443	0.491335	0.553872	0.583691	0.153414	0.068687	-0.131948	0.062537	0.029819	-0.036196	0.010377	0.009086	0.004169	0.016326	0.023730	0.009602
2024-08-20 21:13:23.062000	0.547495	-0.368287	0.316181	-0.405326	1.004927	0.636640	0.952821	-0.528407	-0.081678	-0.362663	0.442448	0.611858	0.685923	0.476520	0.554962	0.590158	0.169410	0.074065	-0.138428	0.078442	0.035196	-0.042663	0.013117	0.011334	0.004920	0.019081	0.025990	0.010354
2024-08-20 21:13:23.324000	0.570954	-0.373838	0.301669	-0.388397	1.031521	0.657682	0.959351	-0.528329	-0.081690	-0.362676	0.469042	0.632900	0.692453	0.503192	0.575992	0.596675	0.163858	0.059552	-0.121499	0.072800	0.020683	-0.025721	0.012529	0.010206	0.002891	0.018507	0.024875	0.008325
2024-08-20 21:13:23.586000	0.569264	-0.366294	0.302514	-0.389143	1.022186	0.655893	0.958407	-0.528250	-0.081702	-0.362689	0.459708	0.631111	0.691508	0.493936	0.574191	0.595717	0.171403	0.060397	-0.122244	0.080254	0.021527	-0.026454	0.013932	0.011204	0.003009	0.019924	0.025885	0.008444
2024-08-20 21:13:23.848000	0.583279	-0.362714	0.300402	-0.386684	1.032276	0.669561	0.969963	-0.528172	-0.081714	-0.362702	0.469797	0.644780	0.703064	0.504104	0.587848	0.607261	0.174982	0.058285	-0.119785	0.083743	0.019414	-0.023982	0.014645	0.011609	0.002714	0.020652	0.026302	0.008148
2024-08-20 21:13:24.110000	0.598885	-0.362112	0.286560	-0.371585	1.046022	0.683910	0.970470	-0.528093	-0.081726	-0.362715	0.483544	0.659128	0.703572	0.517929	0.602184	0.607756	0.175585	0.044443	-0.104687	0.084256	0.005571	-0.008871	0.014975	0.011345	0.000779	0.020996	0.026050	0.006213
2024-08-20 21:13:24.372000	0.596400	-0.363683	0.295153	-0.380220	1.045149	0.681466	0.976620	-0.528015	-0.081737	-0.362727	0.482671	0.656685	0.709721	0.517134	0.599729	0.613892	0.174014	0.053036	-0.113321	0.082595	0.014164	-0.017492	0.014667	0.011307	0.001980	0.020703	0.026025	0.007414
2024-08-20 21:13:24.634000	0.601271	-0.365063	0.287549	-0.371514	1.050299	0.685236	0.972785	-0.527937	-0.081749	-0.362740	0.487820	0.660454	0.705886	0.522362	0.603486	0.610045	0.172634	0.045432	-0.104616	0.081125	0.006559	-0.008775	0.014603	0.010918	0.000917	0.020654	0.025647	0.006351
2024-08-20 21:13:24.897000	0.602563	-0.355875	0.291287	-0.375297	1.042448	0.686573	0.977859	-0.527858	-0.081761	-0.362752	0.479970	0.661791	0.710961	0.514590	0.604812	0.615107	0.181821	0.049170	-0.108398	0.090222	0.010295	-0.012544	0.016284	0.012198	0.001439	0.022349	0.026940	0.006874
2024-08-20 21:13:25.159000	0.599183	-0.360289	0.290795	-0.376660	1.045338	0.685049	0.975844	-0.527780	-0.081773	-0.362765	0.482859	0.660267	0.708945	0.517558	0.603276	0.613079	0.177408	0.048678	-0.109762	0.085718	0.009803	-0.013896	0.015096	0.011652	0.001370	0.021175	0.026407	0.006805
2024-08-20 21:13:25.421000	0.596599	-0.358553	0.298205	-0.383576	1.040523	0.681970	0.980175	-0.527701	-0.081785	-0.362777	0.478045	0.657188	0.713276	0.512822	0.600185	0.617397	0.179143	0.056088	-0.116677	0.087364	0.017212	-0.020799	0.015503	0.012009	0.002406	0.021596	0.026776	0.007841
2024-08-20 21:13:25.683000	0.598786	-0.352219	0.297464	-0.382364	1.035904	0.683685	0.981150	-0.527623	-0.081796	-0.362790	0.473426	0.658904	0.714251	0.508281	0.601889	0.618360	0.185478	0.055348	-0.115466	0.093608	0.016471	-0.019574	0.016751	0.012802	0.002303	0.022859	0.027581	0.007738
2024-08-20 21:13:25.945000	0.586162	-0.360181	0.296113	-0.382455	1.032685	0.672505	0.968617	-0.527545	-0.081808	-0.362802	0.470207	0.647723	0.701719	0.505140	0.590697	0.605815	0.177516	0.053996	-0.115557	0.085556	0.015119	-0.019653	0.014985	0.011757	0.002114	0.021107	0.026548	0.007549
2024-08-20 21:13:26.207000	0.589044	-0.356092	0.299184	-0.386177	1.032129	0.676037	0.975221	-0.527467	-0.081820	-0.362814	0.469650	0.651256	0.708323	0.504662	0.594218	0.612407	0.181605	0.057067	-0.119278	0.089555	0.018189	-0.023362	0.015605	0.012370	0.002543	0.021742	0.027173	0.007978
2024-08-20 21:13:26.469000	0.586261	-0.377418	0.294353	-0.380904	1.050230	0.672812	0.967165	-0.527388	-0.081831	-0.362827	0.487751	0.648030	0.700267	0.522841	0.590981	0.604339	0.160279	0.052236	-0.114005	0.068139	0.013358	-0.018077	0.011723	0.009427	0.001867	0.017874	0.024243	0.007303
2024-08-20 21:13:26.732000	0.589044	-0.361216	0.296083	-0.382344	1.036521	0.675306	0.971388	-0.527310	-0.081843	-0.362839	0.474043	0.650524	0.704490	0.509212	0.593463	0.608550	0.176481	0.053966	-0.115445	0.084251	0.015087	-0.019505	0.014765	0.011580	0.002109	0.020931	0.026408	0.007544
2024-08-20 21:13:26.994000	0.594213	-0.355396	0.292902	-0.379038	1.035746	0.680349	0.973251	-0.527232	-0.081855	-0.362851	0.473267	0.655568	0.706353	0.508514	0.598495	0.610401	0.182300	0.050785	-0.112140	0.089981	0.011906	-0.016187	0.015851	0.012265	0.001664	0.022031	0.027106	0.007100
2024-08-20 21:13:27.256000	0.584472	-0.354928	0.296610	-0.383277	1.026067	0.671139	0.967749	-0.527153	-0.081866	-0.362863	0.463589	0.646358	0.700850	0.498914	0.589273	0.604886	0.182769	0.054493	-0.116378	0.090359	0.015613	-0.020414	0.015824	0.012410	0.002183	0.022018	0.027263	0.007618
2024-08-20 21:13:27.518000	0.583577	-0.356514	0.301530	-0.388550	1.027111	0.670597	0.972127	-0.527075	-0.081878	-0.362875	0.464633	0.645815	0.705228	0.500036	0.588719	0.609252	0.181183	0.059413	-0.121651	0.088683	0.020532	-0.025675	0.015451	0.012303	0.002870	0.021660	0.027168	0.008306
2024-08-20 21:13:27.780000	0.563101	-0.365763	0.310496	-0.398639	1.017007	0.651244	0.961740	-0.526997	-0.081889	-0.362887	0.454529	0.626462	0.694841	0.490011	0.569355	0.598853	0.171933	0.068379	-0.131740	0.079344	0.029498	-0.035752	0.013513	0.011294	0.004124	0.019737	0.026171	0.009559
2024-08-20 21:13:28.042000	0.571351	-0.374765	0.306192	-0.393351	1.033276	0.658510	0.964702	-0.526919	-0.081901	-0.362899	0.470797	0.633729	0.697804	0.506357	0.576610	0.601803	0.162931	0.064075	-0.126452	0.070252	0.025193	-0.030452	0.012018	0.009972	0.003522	0.018256	0.024861	0.008958
2024-08-20 21:13:28.304000	0.550080	-0.381749	0.311346	-0.402756	1.023239	0.641490	0.952835	-0.526840	-0.081912	-0.362911	0.460760	0.616708	0.685937	0.496398	0.559578	0.589924	0.155948	0.069229	-0.135857	0.063179	0.030347	-0.039845	0.009898	0.009283	0.004242	0.016150	0.024184	0.009678
2024-08-20 21:13:28.567000	0.559125	-0.368858	0.310163	-0.398167	1.015988	0.647130	0.957292	-0.526762	-0.081924	-0.362923	0.453510	0.622348	0.690394	0.489226	0.565206	0.594370	0.168838	0.068046	-0.131269	0.075980	0.029164	-0.035245	0.012923	0.010838	0.004077	0.019190	0.025751	0.009513
2024-08-20 21:13:28.829000	0.554553	-0.363734	0.312111	-0.402614	1.008790	0.645055	0.957166	-0.526684	-0.081935	-0.362934	0.446311	0.620274	0.690268	0.482106	0.563120	0.594232	0.173963	0.069994	-0.135715	0.081014	0.031112	-0.039679	0.013380	0.011623	0.004349	0.019661	0.026549	0.009785
2024-08-20 21:13:29.091000	0.555745	-0.379596	0.311455	-0.400378	1.024265	0.644668	0.956123	-0.526605	-0.081946	-0.362946	0.461786	0.619887	0.689225	0.497659	0.562722	0.593177	0.158101	0.069338	-0.133479	0.065063	0.030455	-0.037432	0.010731	0.009453	0.004258	0.017026	0.024391	0.009693
2024-08-20 21:13:29.353000	0.536064	-0.376424	0.315277	-0.407248	1.004459	0.628035	0.943312	-0.526527	-0.081958	-0.362958	0.441980	0.603253	0.676413	0.477932	0.546077	0.580354	0.161273	0.073160	-0.140349	0.068146	0.034277	-0.044290	0.010722	0.010037	0.004792	0.017031	0.024988	0.010228
2024-08-20 21:13:29.615000	0.520558	-0.405568	0.316152	-0.410974	1.020948	0.615380	0.931532	-0.526449	-0.081969	-0.362970	0.458470	0.590599	0.664633	0.494499	0.533411	0.568562	0.132129	0.074035	-0.144076	0.038912	0.035151	-0.048005	0.004764	0.006288	0.004914	0.011088	0.021251	0.010350
2024-08-20 21:13:29.877000	0.533877	-0.382408	0.322652	-0.414589	1.008222	0.625814	0.948467	-0.526371	-0.081980	-0.362981	0.445744	0.601032	0.681568	0.481851	0.543834	0.585485	0.155289	0.080535	-0.147691	0.061982	0.041652	-0.051608	0.009596	0.009377	0.005823	0.015934	0.024352	0.011259
2024-08-20 21:13:30.139000	0.521452	-0.394253	0.318582	-0.413028	1.010151	0.615898	0.934480	-0.526293	-0.081992	-0.362993	0.447673	0.591116	0.667581	0.483858	0.533906	0.571487	0.143444	0.076465	-0.146129	0.050048	0.037581	-0.050035	0.006904	0.007797	0.005254	0.013257	0.022784	0.010690
2024-08-20 21:13:30.402000	0.530995	-0.395309	0.315461	-0.408627	1.019470	0.624161	0.939622	-0.526214	-0.082003	-0.363004	0.456991	0.599379	0.672723	0.493255	0.542158	0.576617	0.142388	0.073344	-0.141728	0.048903	0.034460	-0.045623	0.006937	0.007538	0.004817	0.013305	0.022537	0.010253
2024-08-20 21:13:30.664000	0.524136	-0.397987	0.322111	-0.415309	1.015321	0.617335	0.939445	-0.526136	-0.082014	-0.363016	0.452843	0.592553	0.672547	0.489185	0.535320	0.576430	0.139710	0.079994	-0.148410	0.046135	0.041109	-0.052293	0.006425	0.007313	0.005747	0.012807	0.022325	0.011183
2024-08-20 21:13:30.926000	0.519663	-0.399805	0.318612	-0.413950	1.014806	0.615002	0.933613	-0.526058	-0.082025	-0.363027	0.452328	0.590220	0.666715	0.488748	0.532976	0.570587	0.137892	0.076495	-0.147052	0.044228	0.037610	-0.050923	0.005661	0.007057	0.005258	0.012058	0.022080	0.010694
2024-08-20 21:13:31.188000	0.528013	-0.393156	0.314984	-0.408429	1.014614	0.621458	0.936442	-0.525980	-0.082037	-0.363038	0.452136	0.596677	0.669543	0.488634	0.539422	0.573404	0.144541	0.072867	-0.141530	0.050787	0.033982	-0.045391	0.007239	0.007785	0.004751	0.013650	0.022821	0.010187
2024-08-20 21:13:31.450000	0.520955	-0.386049	0.325699	-0.419537	1.000843	0.614794	0.940493	-0.525902	-0.082048	-0.363050	0.438365	0.590012	0.673594	0.474941	0.532746	0.577443	0.151648	0.083582	-0.152639	0.057805	0.044697	-0.056488	0.008472	0.008949	0.006249	0.014897	0.023996	0.011685
2024-08-20 21:13:31.712000	0.519564	-0.385498	0.317787	-0.412262	0.999537	0.614039	0.931826	-0.525824	-0.082059	-0.363061	0.437059	0.589257	0.664927	0.473713	0.531980	0.568765	0.152199	0.075670	-0.145363	0.058267	0.036785	-0.049201	0.008433	0.008863	0.005143	0.014872	0.023923	0.010579
2024-08-20 21:13:31.974000	0.518371	-0.394701	0.313334	-0.408084	1.007823	0.613122	0.926455	-0.525746	-0.082070	-0.363072	0.445344	0.588340	0.659557	0.482077	0.531052	0.563383	0.142996	0.071217	-0.141186	0.048974	0.032332	-0.045012	0.006659	0.007552	0.004520	0.013112	0.022624	0.009956
2024-08-20 21:13:32.237000	0.528212	-0.392116	0.312504	-0.406330	1.014154	0.622038	0.934542	-0.525667	-0.082081	-0.363083	0.451676	0.597256	0.667643	0.488487	0.539957	0.571459	0.145581	0.070387	-0.139432	0.051470	0.031502	-0.043247	0.007300	0.007834	0.004404	0.013768	0.022918	0.009840
2024-08-20 21:13:32.499000	0.522248	-0.391889	0.319487	-0.415040	1.009691	0.617801	0.937288	-0.525589	-0.082092	-0.363094	0.447212	0.593020	0.670389	0.484101	0.535709	0.574194	0.145807	0.077370	-0.148142	0.051608	0.038485	-0.051946	0.007000	0.008054	0.005380	0.013483	0.023150	0.010816
2024-08-20 21:13:32.761000	0.527715	-0.379385	0.317941	-0.410721	0.999880	0.620494	0.938435	-0.525511	-0.082103	-0.363105	0.437401	0.595713	0.671537	0.474368	0.538391	0.575330	0.158312	0.075824	-0.143822	0.064023	0.036939	-0.047615	0.009832	0.009571	0.005164	0.016330	0.024679	0.010600
2024-08-20 21:13:33.023000	0.569164	-0.362684	0.311067	-0.399136	1.019916	0.657233	0.968300	-0.525433	-0.082114	-0.363116	0.457438	0.632451	0.701402	0.494483	0.575118	0.605184	0.175013	0.068950	-0.132237	0.080635	0.030065	-0.036020	0.013810	0.011467	0.004203	0.020322	0.026588	0.009639
2024-08-20 21:13:33.285000	0.551968	-0.389464	0.310058	-0.401088	1.032461	0.642997	0.953056	-0.525355	-0.082125	-0.363127	0.469983	0.618216	0.686157	0.507106	0.560872	0.589929	0.148233	0.067941	-0.134189	0.053766	0.029057	-0.037961	0.008268	0.007994	0.004062	0.014794	0.023127	0.009498
2024-08-20 21:13:33.547000	0.559821	-0.369250	0.308553	-0.399440	1.019958	0.650708	0.959261	-0.525277	-0.082136	-0.363138	0.457480	0.625927	0.692362	0.494681	0.568572	0.596123	0.168447	0.066436	-0.132541	0.073891	0.027551	-0.036302	0.012024	0.010614	0.003852	0.018564	0.025759	0.009288
2024-08-20 21:13:33.809000	0.507139	-0.406031	0.320699	-0.418077	1.010548	0.604517	0.925216	-0.525199	-0.082147	-0.363149	0.448070	0.579735	0.658318	0.485349	0.522370	0.562067	0.131666	0.078582	-0.151179	0.037021	0.039698	-0.054928	0.003960	0.006211	0.005550	0.010515	0.021368	0.010986
2024-08-20 21:13:34.072000	0.522745	-0.389778	0.309383	-0.403161	1.006301	0.616523	0.925906	-0.525121	-0.082158	-0.363160	0.443823	0.591742	0.659007	0.481180	0.534365	0.562746	0.147919	0.067266	-0.136263	0.053185	0.028381	-0.040002	0.007639	0.007991	0.003968	0.014208	0.023160	0.009404
2024-08-20 21:13:34.334000	0.512606	-0.397523	0.318657	-0.413905	1.005377	0.607854	0.926510	-0.525043	-0.082169	-0.363170	0.442899	0.583072	0.659612	0.480335	0.525685	0.563340	0.140173	0.076540	-0.147006	0.045350	0.037655	-0.050734	0.005914	0.007198	0.005264	0.012498	0.022379	0.010700
2024-08-20 21:13:34.596000	0.542823	-0.369435	0.312300	-0.403278	1.003237	0.633801	0.946101	-0.524965	-0.082180	-0.363181	0.440758	0.609020	0.679203	0.478272	0.551621	0.582920	0.168261	0.070183	-0.136379	0.073349	0.031299	-0.040097	0.011917	0.010623	0.004376	0.018514	0.025816	0.009812
2024-08-20 21:13:34.858000	0.540935	-0.380945	0.305317	-0.396854	1.013418	0.632472	0.937789	-0.524887	-0.082191	-0.363192	0.450939	0.607690	0.670890	0.488531	0.550281	0.574597	0.156751	0.063200	-0.129956	0.061750	0.024316	-0.033663	0.009659	0.008963	0.003399	0.016271	0.024168	0.008835
2024-08-20 21:13:35.120000	0.526323	-0.381749	0.314919	-0.409844	1.002996	0.621248	0.936167	-0.524809	-0.082202	-0.363202	0.440518	0.596466	0.669268	0.478188	0.539046	0.572964	0.155948	0.072802	-0.142945	0.060858	0.033919	-0.046641	0.008852	0.009155	0.004742	0.015479	0.024373	0.010178
2024-08-20 21:13:35.382000	0.507039	-0.399135	0.319884	-0.416409	1.002700	0.603565	0.923449	-0.524731	-0.082213	-0.363213	0.440221	0.578783	0.656550	0.477969	0.521352	0.560236	0.138561	0.077767	-0.149511	0.043383	0.038884	-0.053196	0.005314	0.007004	0.005436	0.011955	0.022233	0.010872
2024-08-20 21:13:35.644000	0.515488	-0.391472	0.313706	-0.409144	1.002398	0.610926	0.924632	-0.524653	-0.082223	-0.363223	0.439920	0.586144	0.657734	0.477745	0.528703	0.561409	0.146225	0.071589	-0.142245	0.050957	0.032706	-0.045921	0.006924	0.007839	0.004572	0.013579	0.023080	0.010008
2024-08-20 21:13:35.906000	0.521154	-0.394629	0.314164	-0.410143	1.011762	0.617133	0.931297	-0.524575	-0.082234	-0.363234	0.449284	0.592352	0.664398	0.487187	0.534899	0.568063	0.143068	0.072047	-0.143244	0.047712	0.033164	-0.046909	0.006221	0.007437	0.004636	0.012891	0.022690	0.010072
2024-08-20 21:13:36.169000	0.505648	-0.401571	0.318204	-0.414696	1.003710	0.602139	0.920343	-0.524497	-0.082245	-0.363244	0.441232	0.577358	0.653445	0.479214	0.519894	0.557099	0.136125	0.076087	-0.147797	0.040681	0.037205	-0.051451	0.004825	0.006610	0.005201	0.011509	0.021875	0.010637
2024-08-20 21:13:36.431000	0.488750	-0.408323	0.320063	-0.419578	0.996588	0.588265	0.908328	-0.524419	-0.082256	-0.363254	0.434109	0.563483	0.641429	0.472169	0.506009	0.545073	0.129374	0.077946	-0.152679	0.033840	0.039064	-0.056324	0.002982	0.005843	0.005461	0.009680	0.021121	0.010897
2024-08-20 21:13:36.693000	0.499783	-0.408853	0.324213	-0.421930	1.006354	0.597501	0.921714	-0.524341	-0.082266	-0.363265	0.443876	0.572719	0.654815	0.482013	0.515234	0.558449	0.128843	0.082096	-0.155032	0.033221	0.043214	-0.058666	0.003217	0.005790	0.006041	0.009929	0.021080	0.011477
2024-08-20 21:13:36.955000	0.497696	-0.412242	0.322921	-0.420131	1.007148	0.594906	0.917826	-0.524263	-0.082277	-0.363275	0.444669	0.570124	0.650928	0.482885	0.512629	0.554551	0.125455	0.080804	-0.153232	0.029744	0.041923	-0.056856	0.002671	0.005287	0.005861	0.009398	0.020589	0.011296
2024-08-20 21:13:37.217000	0.502765	-0.397111	0.322558	-0.418909	0.996227	0.599116	0.921674	-0.524185	-0.082288	-0.363285	0.433749	0.574334	0.654775	0.472042	0.516828	0.558389	0.140585	0.080441	-0.152010	0.044786	0.041560	-0.055624	0.005623	0.007237	0.005810	0.012365	0.022551	0.011246
2024-08-20 21:13:37.479000	0.492328	-0.402838	0.321643	-0.419193	0.992716	0.589877	0.911521	-0.524107	-0.082298	-0.363295	0.430237	0.565096	0.644622	0.468608	0.507579	0.548226	0.134859	0.079527	-0.152294	0.038971	0.040646	-0.055897	0.004318	0.006489	0.005682	0.011074	0.021815	0.011118
2024-08-20 21:13:37.742000	0.480400	-0.417258	0.322966	-0.422808	0.997500	0.580242	0.903208	-0.524029	-0.082309	-0.363305	0.435022	0.555461	0.636309	0.473471	0.497933	0.539902	0.120439	0.080849	-0.155909	0.024462	0.041969	-0.059502	0.001194	0.004675	0.005867	0.007965	0.020013	0.011303
2024-08-20 21:13:38.004000	0.488253	-0.406572	0.322667	-0.421211	0.993368	0.586796	0.909463	-0.523951	-0.082319	-0.363315	0.430890	0.562014	0.642565	0.469417	0.504477	0.546148	0.131125	0.080550	-0.154312	0.035060	0.041671	-0.057895	0.003408	0.006025	0.005826	0.010193	0.021375	0.011261
2024-08-20 21:13:38.266000	0.481792	-0.395448	0.332682	-0.432714	0.977272	0.581824	0.914506	-0.523873	-0.082330	-0.363325	0.414794	0.557043	0.647608	0.453399	0.499494	0.551181	0.142249	0.090565	-0.165816	0.046095	0.051686	-0.069389	0.005174	0.007740	0.007226	0.011973	0.023102	0.012661
2024-08-20 21:13:38.528000	0.475629	-0.430277	0.322160	-0.424146	1.007892	0.577615	0.899775	-0.523795	-0.082340	-0.363335	0.445414	0.552833	0.632876	0.484097	0.495274	0.536440	0.107419	0.080043	-0.157247	0.011178	0.041165	-0.060811	-0.001671	0.002973	0.005755	0.005142	0.018346	0.011190
2024-08-20 21:13:38.790000	0.484973	-0.413030	0.325754	-0.425474	0.997723	0.584693	0.910447	-0.523718	-0.082351	-0.363345	0.435245	0.559912	0.643548	0.474006	0.502342	0.547102	0.124667	0.083637	-0.158576	0.028337	0.044759	-0.062129	0.001945	0.005240	0.006257	0.008773	0.020625	0.011692
2024-08-20 21:13:39.052000	0.474834	-0.429829	0.322881	-0.424770	1.006552	0.576722	0.899603	-0.523640	-0.082361	-0.363355	0.444073	0.551941	0.632705	0.482912	0.494361	0.536248	0.107867	0.080764	-0.157871	0.011449	0.041887	-0.061415	-0.001598	0.003020	0.005856	0.005244	0.018417	0.011291
2024-08-20 21:13:39.314000	0.480003	-0.426224	0.320083	-0.421885	1.008029	0.581805	0.901887	-0.523562	-0.082372	-0.363365	0.445550	0.557023	0.634989	0.484467	0.499433	0.538522	0.111472	0.077966	-0.154986	0.014966	0.039090	-0.058520	-0.000930	0.003422	0.005465	0.005927	0.018832	0.010900
2024-08-20 21:13:39.576000	0.469566	-0.420765	0.327816	-0.429632	0.992146	0.571381	0.899197	-0.523484	-0.082382	-0.363375	0.429668	0.546600	0.632299	0.468662	0.488999	0.535823	0.116931	0.085699	-0.162733	0.020337	0.046824	-0.066257	0.000069	0.004293	0.006546	0.006940	0.019715	0.011981
2024-08-20 21:13:39.839000	0.476722	-0.419097	0.320018	-0.421175	0.996976	0.577879	0.897897	-0.523406	-0.082393	-0.363384	0.434497	0.553098	0.630999	0.473570	0.495486	0.534513	0.118600	0.077901	-0.154276	0.021917	0.039027	-0.057791	0.000485	0.004317	0.005456	0.007370	0.019750	0.010891
2024-08-20 21:13:40.101000	0.477915	-0.404471	0.330316	-0.428156	0.980226	0.575755	0.906072	-0.523328	-0.082403	-0.363394	0.417748	0.550974	0.639173	0.456898	0.493352	0.542678	0.133226	0.088199	-0.161258	0.036455	0.049325	-0.064762	0.003822	0.006345	0.006896	0.010721	0.021791	0.012330
2024-08-20 21:13:40.363000	0.468770	-0.425060	0.327936	-0.429358	0.995253	0.570193	0.898128	-0.523251	-0.082414	-0.363404	0.432775	0.545411	0.631230	0.472003	0.487779	0.534725	0.112636	0.085819	-0.162459	0.015777	0.046945	-0.065954	-0.000694	0.003680	0.006563	0.006220	0.019138	0.011997
2024-08-20 21:13:40.625000	0.473939	-0.428799	0.325590	-0.426235	1.003384	0.574584	0.900174	-0.523173	-0.082424	-0.363413	0.440905	0.549803	0.633276	0.480211	0.492161	0.536761	0.108897	0.083473	-0.159336	0.011950	0.044600	-0.062822	-0.001253	0.003101	0.006235	0.005675	0.018570	0.011669
2024-08-20 21:13:40.887000	0.465888	-0.428877	0.321798	-0.425267	0.998233	0.569357	0.891154	-0.523095	-0.082434	-0.363423	0.435755	0.544575	0.624256	0.475138	0.486923	0.527732	0.108820	0.079681	-0.158368	0.011784	0.040809	-0.061844	-0.001825	0.003090	0.005705	0.005117	0.018571	0.011139
2024-08-20 21:13:41.149000	0.460918	-0.430705	0.323239	-0.426762	0.995146	0.564441	0.887680	-0.523017	-0.082445	-0.363432	0.432668	0.539659	0.620781	0.472128	0.481997	0.524248	0.106992	0.081122	-0.159864	0.009868	0.042251	-0.063330	-0.002188	0.002869	0.005907	0.004769	0.018362	0.011341
2024-08-20 21:13:41.411000	0.467975	-0.409389	0.328671	-0.429515	0.978208	0.568819	0.897490	-0.522940	-0.082455	-0.363442	0.415730	0.544038	0.630592	0.455269	0.486365	0.534049	0.128308	0.086554	-0.162617	0.031096	0.047684	-0.066074	0.002262	0.005698	0.006666	0.009233	0.021203	0.012100
2024-08-20 21:13:41.674000	0.466683	-0.409698	0.330073	-0.431452	0.977760	0.568062	0.898135	-0.522862	-0.082465	-0.363451	0.415282	0.543281	0.631236	0.454899	0.485597	0.534684	0.127999	0.087956	-0.164553	0.030699	0.049087	-0.068001	0.002089	0.005692	0.006862	0.009074	0.021209	0.012296
2024-08-20 21:13:41.936000	0.461315	-0.430854	0.320799	-0.424901	0.996272	0.565418	0.886217	-0.522784	-0.082475	-0.363460	0.433794	0.540637	0.619318	0.473488	0.482943	0.522756	0.106843	0.078682	-0.158003	0.009455	0.039813	-0.061441	-0.002371	0.002780	0.005566	0.004629	0.018310	0.011000
2024-08-20 21:13:42.198000	0.470659	-0.421249	0.329769	-0.430276	0.992415	0.571165	0.900935	-0.522706	-0.082486	-0.363470	0.429936	0.546384	0.634036	0.469708	0.488680	0.537465	0.116447	0.087653	-0.163377	0.018971	0.048785	-0.066806	0.000088	0.004109	0.006820	0.007102	0.019650	0.012254
2024-08-20 21:13:42.460000	0.470858	-0.422006	0.324506	-0.425388	0.993746	0.571740	0.896246	-0.522629	-0.082496	-0.363479	0.431268	0.546958	0.629347	0.471118	0.489244	0.532767	0.115690	0.082389	-0.158490	0.018127	0.043523	-0.061909	-0.000142	0.003899	0.006085	0.006887	0.019452	0.011518
2024-08-20 21:13:42.722000	0.473144	-0.411706	0.325918	-0.426722	0.985654	0.573948	0.899866	-0.522551	-0.082506	-0.363488	0.423176	0.549166	0.632967	0.463103	0.491442	0.536378	0.125990	0.083801	-0.159823	0.028339	0.044935	-0.063234	0.001768	0.005274	0.006282	0.008810	0.020838	0.011715
2024-08-20 21:13:42.984000	0.469864	-0.431585	0.317563	-0.419461	1.003348	0.571762	0.889325	-0.522473	-0.082516	-0.363497	0.440869	0.546980	0.622427	0.480874	0.489246	0.525828	0.106111	0.075446	-0.152563	0.008372	0.036582	-0.055964	-0.002143	0.002497	0.005114	0.004914	0.018074	0.010547
2024-08-20 21:13:43.246000	0.477418	-0.426265	0.316818	-0.417078	1.003945	0.577679	0.894497	-0.522396	-0.082526	-0.363506	0.441466	0.552897	0.627598	0.481549	0.495153	0.530990	0.111431	0.074701	-0.150180	0.013604	0.035837	-0.053572	-0.000859	0.003119	0.005010	0.006213	0.018708	0.010443
2024-08-20 21:13:43.509000	0.476822	-0.404780	0.327478	-0.426433	0.980556	0.575776	0.903254	-0.522318	-0.082536	-0.363515	0.418077	0.550995	0.636356	0.458238	0.493240	0.539739	0.132917	0.085361	-0.159534	0.035002	0.046499	-0.062917	0.003363	0.006125	0.006501	0.010449	0.021726	0.011934
2024-08-20 21:13:43.771000	0.465689	-0.441303	0.316400	-0.419882	1.010475	0.569171	0.885571	-0.522240	-0.082546	-0.363524	0.447996	0.544389	0.618673	0.488234	0.486625	0.522047	0.096393	0.074283	-0.152984	-0.001610	0.035422	-0.056358	-0.004290	0.001206	0.004952	0.002810	0.016818	0.010385
2024-08-20 21:13:44.033000	0.473840	-0.417454	0.324133	-0.424435	0.991595	0.574141	0.898275	-0.522163	-0.082556	-0.363533	0.429117	0.549360	0.631376	0.469433	0.491585	0.534742	0.120243	0.082017	-0.157536	0.022152	0.043156	-0.060902	0.000727	0.004402	0.006033	0.007841	0.020026	0.011466
2024-08-20 21:13:44.295000	0.472746	-0.419164	0.317459	-0.419705	0.994156	0.574992	0.892451	-0.522085	-0.082566	-0.363542	0.431678	0.550211	0.625553	0.472071	0.492426	0.528909	0.118533	0.075342	-0.152806	0.020355	0.036483	-0.056163	0.000019	0.004087	0.005100	0.007148	0.019723	0.010533
2024-08-20 21:13:44.557000	0.484078	-0.406180	0.320471	-0.420379	0.990167	0.583986	0.904457	-0.522007	-0.082576	-0.363551	0.427689	0.559205	0.637558	0.468159	0.501410	0.540906	0.131516	0.078354	-0.153480	0.033251	0.039496	-0.056828	0.002859	0.005777	0.005522	0.010002	0.021425	0.010954
2024-08-20 21:13:44.819000	0.471951	-0.396277	0.326743	-0.427259	0.968745	0.572468	0.899210	-0.521930	-0.082586	-0.363560	0.406266	0.547686	0.632312	0.446815	0.489881	0.535650	0.141420	0.084626	-0.160360	0.043067	0.045769	-0.063699	0.004566	0.007223	0.006399	0.011723	0.022883	0.011831
2024-08-20 21:13:45.081000	0.486662	-0.389278	0.326748	-0.425490	0.974683	0.585404	0.912152	-0.521852	-0.082596	-0.363569	0.412204	0.560623	0.645253	0.452830	0.502808	0.548583	0.148419	0.084631	-0.158591	0.049978	0.045775	-0.061921	0.006188	0.008078	0.006399	0.013360	0.023750	0.011831
2024-08-20 21:13:45.344000	0.465192	-0.420976	0.315988	-0.419750	0.989931	0.568955	0.884942	-0.521775	-0.082606	-0.363577	0.427453	0.544173	0.618044	0.468157	0.486349	0.521365	0.116720	0.073871	-0.152852	0.018192	0.035017	-0.056173	-0.000666	0.003818	0.004895	0.006520	0.019502	0.010327
2024-08-20 21:13:45.606000	0.477319	-0.416450	0.312295	-0.414706	0.996179	0.579730	0.892025	-0.521697	-0.082616	-0.363586	0.433701	0.554948	0.625126	0.474482	0.497113	0.528439	0.121247	0.070178	-0.147807	0.022631	0.031325	-0.051120	0.000415	0.004283	0.004379	0.007616	0.019978	0.009811
2024-08-20 21:13:45.868000	0.478710	-0.395056	0.320779	-0.421535	0.974523	0.579467	0.900245	-0.521620	-0.082626	-0.363595	0.412045	0.554685	0.633347	0.452904	0.496841	0.536651	0.142640	0.078662	-0.154636	0.043937	0.039810	-0.057940	0.004685	0.007219	0.005565	0.011900	0.022927	0.010997
2024-08-20 21:13:46.130000	0.480102	-0.416295	0.320560	-0.421124	0.996961	0.580666	0.901226	-0.521542	-0.082636	-0.363603	0.434483	0.555885	0.634328	0.475419	0.498030	0.537623	0.121402	0.078443	-0.154226	0.022611	0.039593	-0.057521	0.000774	0.004393	0.005535	0.008003	0.020113	0.010966
2024-08-20 21:13:46.392000	0.484476	-0.400201	0.318403	-0.417591	0.983864	0.583663	0.902066	-0.521465	-0.082646	-0.363612	0.421386	0.558881	0.635168	0.462400	0.501017	0.538454	0.137495	0.076286	-0.150692	0.038617	0.037437	-0.053979	0.004003	0.006416	0.005234	0.011246	0.022147	0.010665
2024-08-20 21:13:46.654000	0.485171	-0.405037	0.311306	-0.411867	0.990769	0.585732	0.897038	-0.521387	-0.082656	-0.363620	0.428291	0.560950	0.630139	0.469382	0.503076	0.533418	0.132660	0.069189	-0.144968	0.033694	0.030341	-0.048246	0.002826	0.005661	0.004242	0.010083	0.021404	0.009673
2024-08-20 21:13:46.916000	0.493720	-0.409935	0.310575	-0.409793	1.002872	0.592937	0.903513	-0.521310	-0.082665	-0.363629	0.440394	0.568156	0.636614	0.481563	0.510272	0.539884	0.127762	0.068458	-0.142894	0.028709	0.029612	-0.046164	0.002162	0.004944	0.004140	0.009433	0.020699	0.009570
2024-08-20 21:13:47.179000	0.500777	-0.383438	0.318030	-0.416242	0.982427	0.598989	0.917019	-0.521232	-0.082675	-0.363637	0.419949	0.574207	0.650121	0.461195	0.516314	0.553382	0.154259	0.075913	-0.149343	0.055119	0.037068	-0.052605	0.007252	0.008554	0.005182	0.014538	0.024321	0.010613
2024-08-20 21:13:47.441000	0.504356	-0.399728	0.313672	-0.411425	1.001837	0.602109	0.915781	-0.521154	-0.082685	-0.363645	0.439359	0.577328	0.648882	0.480683	0.519425	0.552136	0.137969	0.071555	-0.144527	0.038742	0.032711	-0.047780	0.004306	0.006286	0.004573	0.011606	0.022064	0.010003
2024-08-20 21:13:47.703000	0.499883	-0.401072	0.310645	-0.409565	0.999874	0.598802	0.909447	-0.521077	-0.082695	-0.363654	0.437396	0.574021	0.642549	0.478797	0.516108	0.545794	0.136625	0.068528	-0.142666	0.037311	0.029686	-0.045911	0.003817	0.006071	0.004150	0.011132	0.021861	0.009580
2024-08-20 21:13:47.965000	0.514097	-0.376959	0.319516	-0.414691	0.986230	0.609271	0.928787	-0.521000	-0.082704	-0.363662	0.423752	0.584489	0.661889	0.465231	0.526567	0.565125	0.160737	0.077399	-0.147792	0.061336	0.038559	-0.051029	0.008992	0.009308	0.005391	0.016321	0.025109	0.010820
2024-08-20 21:13:48.227000	0.509127	-0.389155	0.312697	-0.408794	0.994378	0.605223	0.917921	-0.520922	-0.082714	-0.363670	0.431900	0.580442	0.651022	0.473456	0.522509	0.554251	0.148542	0.070581	-0.141896	0.049054	0.031741	-0.045124	0.006538	0.007573	0.004437	0.013881	0.023386	0.009867
2024-08-20 21:13:48.489000	0.509226	-0.378989	0.317677	-0.414675	0.985213	0.606224	0.923902	-0.520845	-0.082724	-0.363678	0.422734	0.581442	0.657003	0.464368	0.523500	0.560223	0.158708	0.075560	-0.147777	0.059133	0.036723	-0.050997	0.008237	0.009036	0.005134	0.015594	0.024862	0.010563
2024-08-20 21:13:48.751000	0.503362	-0.384710	0.316375	-0.414696	0.986392	0.601682	0.918057	-0.520767	-0.082733	-0.363686	0.423914	0.576900	0.651159	0.465625	0.518949	0.554371	0.152987	0.074258	-0.147797	0.053324	0.035422	-0.051009	0.006909	0.008285	0.004952	0.014280	0.024122	0.010381
2024-08-20 21:13:49.014000	0.517874	-0.391441	0.310943	-0.407233	1.005605	0.614163	0.925107	-0.520690	-0.082743	-0.363694	0.443126	0.589382	0.658208	0.484915	0.531420	0.561412	0.146256	0.068826	-0.140334	0.046506	0.029992	-0.043538	0.006034	0.007205	0.004193	0.013420	0.023054	0.009622
2024-08-20 21:13:49.276000	0.514494	-0.393290	0.310272	-0.407217	1.004730	0.611440	0.921712	-0.520612	-0.082753	-0.363702	0.442251	0.586658	0.654813	0.484117	0.528687	0.558009	0.144407	0.068155	-0.140319	0.044570	0.029322	-0.043515	0.005551	0.006956	0.004099	0.012951	0.022817	0.009528
2024-08-20 21:13:49.538000	0.518769	-0.373483	0.313264	-0.408241	0.987229	0.613746	0.927010	-0.520535	-0.082762	-0.363710	0.424751	0.588964	0.660112	0.466694	0.530984	0.563300	0.164214	0.071147	-0.141343	0.064290	0.032316	-0.044531	0.009584	0.009558	0.004518	0.016999	0.025431	0.009946
2024-08-20 21:13:49.800000	0.534275	-0.374596	0.310839	-0.404576	1.002608	0.628012	0.938851	-0.520458	-0.082772	-0.363718	0.440129	0.603231	0.671952	0.482150	0.545240	0.575133	0.163101	0.068722	-0.137677	0.063090	0.029892	-0.040858	0.009600	0.009309	0.004179	0.017029	0.025193	0.009607
2024-08-20 21:13:50.062000	0.543122	-0.361010	0.298617	-0.392256	0.997770	0.636760	0.935377	-0.520380	-0.082781	-0.363726	0.435291	0.611978	0.668479	0.477389	0.553979	0.571651	0.176687	0.056501	-0.125357	0.076589	0.017673	-0.028530	0.012114	0.010831	0.002471	0.019556	0.026726	0.007899
2024-08-20 21:13:50.324000	0.520160	-0.370857	0.315023	-0.410614	0.986608	0.615751	0.930774	-0.520303	-0.082791	-0.363734	0.424129	0.590969	0.663876	0.466305	0.532960	0.567040	0.166840	0.072907	-0.143716	0.066656	0.034080	-0.046880	0.009911	0.009926	0.004764	0.017368	0.025834	0.010192
2024-08-20 21:13:50.586000	0.530299	-0.379751	0.309606	-0.404987	1.005430	0.625679	0.935286	-0.520226	-0.082800	-0.363742	0.442952	0.600898	0.668387	0.485204	0.542879	0.571544	0.157946	0.067489	-0.138088	0.057675	0.028665	-0.041245	0.008287	0.008620	0.004007	0.015758	0.024539	0.009435
2024-08-20 21:13:50.849000	0.577315	-0.346085	0.296610	-0.386816	1.013606	0.667521	0.964131	-0.520148	-0.082810	-0.363749	0.451128	0.642740	0.697232	0.493458	0.584712	0.600381	0.191612	0.054493	-0.119917	0.091253	0.015670	-0.023066	0.015492	0.012613	0.002191	0.022977	0.028544	0.007618
2024-08-20 21:13:51.111000	0.576222	-0.362282	0.274379	-0.364624	1.028749	0.666467	0.940846	-0.520071	-0.082819	-0.363757	0.466271	0.641686	0.673947	0.508678	0.583648	0.577089	0.175415	0.032262	-0.097726	0.074970	-0.006559	-0.000867	0.012457	0.009997	-0.000917	0.019957	0.025940	0.004510
2024-08-20 21:13:51.373000	0.564194	-0.369373	0.285949	-0.377076	1.024695	0.655322	0.941271	-0.519994	-0.082829	-0.363765	0.462217	0.630540	0.674372	0.504701	0.572493	0.577506	0.168323	0.043832	-0.110178	0.067792	0.005013	-0.013311	0.010967	0.009321	0.000701	0.018481	0.025275	0.006128
2024-08-20 21:13:51.635000	0.618864	-0.335765	0.261044	-0.345723	1.039308	0.703543	0.964588	-0.519917	-0.082838	-0.363772	0.476830	0.678762	0.697689	0.519391	0.620705	0.600815	0.201932	0.018927	-0.078825	0.101314	-0.019890	0.018049	0.018398	0.013015	-0.002781	0.025927	0.028981	0.002646
2024-08-20 21:13:51.897000	0.615783	-0.336939	0.273559	-0.361273	1.040436	0.703497	0.977056	-0.519839	-0.082847	-0.363780	0.477958	0.678716	0.710157	0.520597	0.620650	0.613276	0.200758	0.031442	-0.094374	0.100053	-0.007374	0.002507	0.017592	0.013209	-0.001031	0.025135	0.029187	0.004396
2024-08-20 21:13:52.159000	0.648187	-0.326829	0.245120	-0.327279	1.057175	0.730346	0.975466	-0.519762	-0.082857	-0.363787	0.494697	0.705564	0.708567	0.537413	0.647489	0.611679	0.210867	0.003003	-0.060380	0.110076	-0.035810	0.036509	0.020498	0.013756	-0.005006	0.028055	0.029745	0.000420
2024-08-20 21:13:52.421000	0.651169	-0.316802	0.261049	-0.344045	1.050968	0.734165	0.995215	-0.519685	-0.082866	-0.363795	0.488489	0.709384	0.728316	0.531283	0.651299	0.631420	0.220894	0.018932	-0.077147	0.120017	-0.019880	0.019750	0.022190	0.015429	-0.002779	0.029761	0.031430	0.002647
2024-08-20 21:13:52.684000	0.677610	-0.302938	0.248719	-0.329063	1.060893	0.757954	1.006673	-0.519607	-0.082875	-0.363802	0.498414	0.733173	0.739775	0.541285	0.675079	0.642871	0.234758	0.006602	-0.062165	0.133794	-0.032208	0.034739	0.025244	0.016903	-0.004503	0.032830	0.032916	0.000923
2024-08-20 21:13:52.946000	0.702659	-0.289394	0.232840	-0.310025	1.069238	0.779845	1.012684	-0.519530	-0.082885	-0.363810	0.506760	0.755063	0.745785	0.549708	0.696960	0.648874	0.248303	-0.009277	-0.043127	0.147252	-0.048086	0.053784	0.028335	0.018244	-0.006722	0.035934	0.034269	-0.001297
2024-08-20 21:14:00.627000	nan	nan	nan	nan	nan	nan	nan	-0.517274	-0.083147	-0.364006	nan	nan	nan	nan	nan	nan	nan	nan	nan	nan	nan	nan	nan	nan	nan	nan	nan	nan
2024-08-20 21:14:00.889000	0.790926	-0.239975	0.211672	-0.275813	1.095041	0.855067	1.066739	-0.517197	-0.083156	-0.364012	0.532563	0.830285	0.799840	0.577844	0.771911	0.702727	0.297722	-0.030445	-0.008915	0.194067	-0.069183	0.088199	0.039545	0.023552	-0.009672	0.047575	0.039927	-0.004256
2024-08-20 21:14:01.151000	0.792516	-0.243770	0.207965	-0.272644	1.100966	0.857196	1.065161	-0.517121	-0.083165	-0.364018	0.538488	0.832414	0.798262	0.583845	0.774031	0.701143	0.293927	-0.034152	-0.005746	0.190186	-0.072888	0.091373	0.038722	0.022979	-0.010190	0.046766	0.039366	-0.004774
2024-08-20 21:14:01.413000	0.800568	-0.226718	0.208427	-0.272518	1.091377	0.864658	1.073085	-0.517044	-0.083173	-0.364024	0.528898	0.839877	0.806187	0.574333	0.781485	0.709061	0.310978	-0.033690	-0.005619	0.207152	-0.072424	0.091506	0.041979	0.025209	-0.010125	0.050037	0.041607	-0.004710
2024-08-20 21:14:01.675000	0.810110	-0.224494	0.206429	-0.269364	1.097539	0.873045	1.079474	-0.516967	-0.083182	-0.364030	0.535060	0.848263	0.812575	0.580572	0.789863	0.715444	0.313203	-0.035688	-0.002465	0.209292	-0.074419	0.094666	0.042597	0.025412	-0.010404	0.050670	0.041822	-0.004989
2024-08-20 21:14:01.937000	0.809414	-0.228047	0.211046	-0.273947	1.100363	0.872315	1.083362	-0.516890	-0.083190	-0.364035	0.537884	0.847534	0.816463	0.583472	0.789125	0.719326	0.309650	-0.031071	-0.007049	0.205653	-0.069799	0.090088	0.041934	0.025027	-0.009758	0.050021	0.041449	-0.004344
2024-08-20 21:14:02.200000	0.800667	-0.231807	0.209287	-0.273232	1.096419	0.864613	1.073899	-0.516814	-0.083199	-0.364041	0.533941	0.839831	0.807001	0.579606	0.781414	0.709858	0.305890	-0.032830	-0.006334	0.201808	-0.071556	0.090809	0.041023	0.024516	-0.010003	0.049123	0.040949	-0.004590
2024-08-20 21:14:02.462000	0.807625	-0.237575	0.206429	-0.270114	1.108885	0.871310	1.077739	-0.516737	-0.083207	-0.364047	0.546407	0.846529	0.810841	0.592148	0.788103	0.713692	0.300122	-0.035688	-0.003216	0.195955	-0.074411	0.093933	0.039989	0.023675	-0.010403	0.048103	0.040119	-0.004989
2024-08-20 21:14:02.724000	0.799872	-0.225637	0.210549	-0.276280	1.091239	0.865602	1.076151	-0.516660	-0.083216	-0.364053	0.528761	0.840821	0.809253	0.574579	0.782386	0.712099	0.312060	-0.031568	-0.009381	0.207807	-0.070288	0.087773	0.041796	0.025391	-0.009826	0.049925	0.041848	-0.004413
2024-08-20 21:14:02.986000	0.811203	-0.234279	0.204953	-0.269339	1.109868	0.875589	1.080542	-0.516584	-0.083224	-0.364058	0.547390	0.850808	0.813644	0.593284	0.792365	0.716484	0.303418	-0.037164	-0.002440	0.199081	-0.075881	0.094720	0.040436	0.024079	-0.010608	0.048579	0.040546	-0.005196
2024-08-20 21:14:03.248000	0.804444	-0.233259	0.206116	-0.270936	1.102523	0.869264	1.075380	-0.516507	-0.083233	-0.364064	0.540045	0.844482	0.808481	0.586016	0.786031	0.711316	0.304438	-0.036001	-0.004037	0.200015	-0.074715	0.093128	0.040528	0.024240	-0.010445	0.048685	0.040719	-0.005033
2024-08-20 21:14:03.510000	0.831680	-0.203899	0.198169	-0.260912	1.098322	0.894423	1.092592	-0.516430	-0.083241	-0.364070	0.535844	0.869642	0.825694	0.581892	0.811182	0.728523	0.333798	-0.043948	0.005986	0.229290	-0.082660	0.103157	0.046344	0.027870	-0.011556	0.054516	0.044361	-0.006144
2024-08-20 21:14:03.772000	0.810607	-0.218566	0.202021	-0.266794	1.093946	0.875380	1.077401	-0.516354	-0.083250	-0.364075	0.531468	0.850598	0.810502	0.577592	0.792130	0.713325	0.319131	-0.040096	0.000105	0.214538	-0.078805	0.097282	0.043227	0.026069	-0.011017	0.051413	0.042571	-0.005605
2024-08-20 21:14:04.035000	0.815478	-0.229757	0.202637	-0.266647	1.109244	0.879487	1.082124	-0.516277	-0.083258	-0.364081	0.546766	0.854706	0.815226	0.592967	0.796229	0.718043	0.307940	-0.039480	0.000252	0.203262	-0.078186	0.097434	0.041287	0.024569	-0.010930	0.049487	0.041082	-0.005519
2024-08-20 21:14:04.297000	0.821143	-0.223773	0.198457	-0.261653	1.108112	0.884339	1.082796	-0.516200	-0.083267	-0.364086	0.545633	0.859557	0.815897	0.591911	0.801072	0.718710	0.313924	-0.043660	0.005246	0.209161	-0.082363	0.102434	0.042535	0.025233	-0.011514	0.050749	0.041758	-0.006104
2024-08-20 21:14:04.559000	0.838340	-0.210815	0.194968	-0.257531	1.111717	0.900902	1.095870	-0.516124	-0.083275	-0.364092	0.549239	0.876120	0.828972	0.595594	0.817627	0.731779	0.326881	-0.047149	0.009368	0.222034	-0.085849	0.106561	0.045040	0.026839	-0.012002	0.053268	0.043375	-0.006591
2024-08-20 21:14:04.821000	0.815478	-0.224797	0.196901	-0.260309	1.103683	0.878885	1.075787	-0.516047	-0.083283	-0.364097	0.541204	0.854104	0.808888	0.587635	0.795602	0.711690	0.312899	-0.045215	0.006590	0.207967	-0.083912	0.103788	0.042275	0.025049	-0.011731	0.050517	0.041597	-0.006321
2024-08-20 21:14:05.083000	0.818559	-0.227285	0.203422	-0.267975	1.110397	0.883112	1.086534	-0.515971	-0.083291	-0.364102	0.547918	0.858330	0.819635	0.594426	0.799820	0.722432	0.310412	-0.038695	-0.001076	0.205394	-0.077389	0.096127	0.041585	0.024884	-0.010819	0.049841	0.041442	-0.005410
2024-08-20 21:14:05.345000	0.809911	-0.229113	0.204704	-0.269785	1.104105	0.874992	1.079696	-0.515894	-0.083300	-0.364108	0.541627	0.850210	0.812797	0.588211	0.791692	0.715589	0.308584	-0.037413	-0.002886	0.203481	-0.076103	0.094323	0.041132	0.024675	-0.010639	0.049402	0.041245	-0.005230
2024-08-20 21:14:05.607000	0.794007	-0.233686	0.213407	-0.280406	1.094693	0.861007	1.074414	-0.515818	-0.083308	-0.364113	0.532215	0.836225	0.807515	0.578875	0.777699	0.710301	0.304010	-0.028710	-0.013508	0.198823	-0.067398	0.083706	0.039908	0.024304	-0.009422	0.048192	0.040886	-0.004014
2024-08-20 21:14:05.870000	0.795498	-0.236004	0.211608	-0.278475	1.098369	0.862365	1.073973	-0.515741	-0.083316	-0.364118	0.535891	0.837584	0.807074	0.582628	0.779049	0.709855	0.301693	-0.030509	-0.011576	0.196421	-0.069194	0.085643	0.039489	0.023945	-0.009673	0.047787	0.040538	-0.004265
2024-08-20 21:14:06.132000	0.780389	-0.243461	0.211170	-0.278911	1.091591	0.848130	1.059300	-0.515665	-0.083325	-0.364123	0.529113	0.823348	0.792402	0.575926	0.764805	0.695177	0.294236	-0.030947	-0.012012	0.188879	-0.069628	0.085212	0.037926	0.022968	-0.009734	0.046239	0.039573	-0.004326
2024-08-20 21:14:06.394000	0.770251	-0.262418	0.219962	-0.289674	1.102381	0.839963	1.059925	-0.515588	-0.083333	-0.364128	0.539903	0.815181	0.793026	0.586793	0.756630	0.695797	0.275278	-0.022155	-0.022776	0.169837	-0.060833	0.074454	0.034028	0.020702	-0.008504	0.042355	0.037318	-0.003097
2024-08-20 21:14:06.656000	0.788143	-0.243157	0.214217	-0.281907	1.098990	0.855833	1.070050	-0.515512	-0.083341	-0.364133	0.536512	0.831051	0.803151	0.583478	0.772492	0.705916	0.294539	-0.027900	-0.015009	0.189014	-0.066575	0.082226	0.037966	0.023048	-0.009307	0.046306	0.039675	-0.003900
2024-08-20 21:14:06.918000	0.777805	-0.243816	0.215837	-0.285101	1.090886	0.847069	1.062906	-0.515435	-0.083349	-0.364138	0.528407	0.822288	0.796008	0.575450	0.763720	0.698768	0.293880	-0.026280	-0.018203	0.188270	-0.064952	0.079037	0.037529	0.023034	-0.009080	0.045884	0.039673	-0.003674
2024-08-20 21:14:07.180000	0.772437	-0.252427	0.216056	-0.285274	1.094083	0.841655	1.057711	-0.515359	-0.083357	-0.364143	0.531604	0.816874	0.790813	0.578723	0.758298	0.693568	0.285269	-0.026061	-0.018375	0.179575	-0.064730	0.078870	0.035929	0.021889	-0.009049	0.044298	0.038539	-0.003643
2024-08-20 21:14:07.442000	0.768760	-0.240654	0.227094	-0.297710	1.080030	0.839376	1.066470	-0.515283	-0.083365	-0.364148	0.517552	0.814594	0.799571	0.564747	0.756010	0.702322	0.297042	-0.015023	-0.030812	0.191263	-0.053689	0.066438	0.037834	0.023709	-0.007506	0.046217	0.040370	-0.002100
2024-08-20 21:14:07.705000	0.752955	-0.253962	0.224728	-0.296341	1.078530	0.824568	1.049297	-0.515206	-0.083374	-0.364153	0.516052	0.799786	0.782398	0.563324	0.741194	0.685143	0.283735	-0.017388	-0.029443	0.177871	-0.056051	0.067812	0.035162	0.021923	-0.007836	0.043560	0.038596	-0.002431
2024-08-20 21:14:07.967000	0.749874	-0.260966	0.228282	-0.299794	1.082352	0.821386	1.049668	-0.515130	-0.083382	-0.364158	0.519873	0.796604	0.782769	0.567222	0.738004	0.685510	0.276731	-0.013835	-0.032896	0.170782	-0.052494	0.064364	0.033873	0.021059	-0.007339	0.042284	0.037743	-0.001934
2024-08-20 21:14:08.229000	0.752955	-0.262671	0.225066	-0.296326	1.086885	0.824215	1.049281	-0.515053	-0.083390	-0.364163	0.524407	0.799433	0.782383	0.571832	0.740825	0.685118	0.275026	-0.017050	-0.029428	0.168993	-0.055707	0.067837	0.033589	0.020747	-0.007788	0.042015	0.037442	-0.002384
2024-08-20 21:14:08.491000	0.778998	-0.241303	0.216150	-0.285978	1.090129	0.848826	1.064976	-0.514977	-0.083398	-0.364168	0.527651	0.824044	0.798078	0.575152	0.765428	0.700809	0.296393	-0.025967	-0.019080	0.190276	-0.064620	0.078189	0.037802	0.023322	-0.009034	0.046241	0.040029	-0.003630
2024-08-20 21:14:08.753000	0.780389	-0.246979	0.215698	-0.284569	1.096239	0.849260	1.064958	-0.514901	-0.083406	-0.364172	0.533761	0.824479	0.798060	0.581338	0.765855	0.700786	0.290718	-0.026419	-0.017670	0.184516	-0.065069	0.079603	0.036920	0.022522	-0.009097	0.045373	0.039240	-0.003693
2024-08-20 21:14:09.015000	0.789832	-0.239377	0.212965	-0.281385	1.097630	0.858253	1.071217	-0.514825	-0.083414	-0.364177	0.535152	0.833471	0.804319	0.582806	0.774839	0.707040	0.298320	-0.029152	-0.014486	0.192034	-0.067799	0.082792	0.038398	0.023442	-0.009478	0.046866	0.040171	-0.004076
2024-08-20 21:14:09.277000	0.769555	-0.253534	0.216006	-0.285791	1.092874	0.839339	1.055346	-0.514748	-0.083422	-0.364182	0.530396	0.814558	0.788447	0.578126	0.755918	0.691164	0.284162	-0.026111	-0.018892	0.177792	-0.064754	0.078391	0.035502	0.021670	-0.009053	0.043984	0.038410	-0.003650
2024-08-20 21:14:09.540000	0.813291	-0.218350	0.202841	-0.268401	1.097201	0.878851	1.081692	-0.514672	-0.083430	-0.364186	0.534722	0.854069	0.814793	0.582529	0.795421	0.717505	0.319347	-0.039276	-0.001502	0.212892	-0.077916	0.095786	0.042807	0.025890	-0.010893	0.051302	0.042642	-0.005491
2024-08-20 21:14:09.802000	0.794405	-0.231879	0.202557	-0.271073	1.094799	0.862920	1.065477	-0.514596	-0.083438	-0.364191	0.532320	0.838138	0.798579	0.580203	0.779482	0.701286	0.305818	-0.039560	-0.004174	0.199279	-0.078196	0.093118	0.039720	0.024182	-0.010932	0.048230	0.040945	-0.005530
2024-08-20 21:14:10.064000	0.787248	-0.228717	0.203263	-0.271818	1.084520	0.855803	1.059066	-0.514519	-0.083446	-0.364195	0.522041	0.831021	0.792167	0.570000	0.772357	0.694870	0.308980	-0.038854	-0.004919	0.202357	-0.077487	0.092378	0.040285	0.024604	-0.010833	0.048808	0.041379	-0.005432
2024-08-20 21:14:10.326000	0.781483	-0.251006	0.214908	-0.283900	1.101481	0.850475	1.065383	-0.514443	-0.083454	-0.364200	0.539002	0.825693	0.798484	0.587037	0.767021	0.701183	0.286691	-0.027209	-0.017001	0.179984	-0.065839	0.080300	0.036066	0.021910	-0.009204	0.044604	0.038695	-0.003804
2024-08-20 21:14:10.588000	0.808818	-0.228274	0.204217	-0.270870	1.103744	0.875470	1.079688	-0.514367	-0.083461	-0.364204	0.541266	0.850689	0.812789	0.589377	0.792009	0.715483	0.309423	-0.037900	-0.003971	0.202632	-0.076526	0.093335	0.040704	0.024599	-0.010698	0.049256	0.041396	-0.005298
2024-08-20 21:14:10.850000	0.801462	-0.235329	0.205067	-0.271980	1.103704	0.868375	1.073442	-0.514291	-0.083469	-0.364209	0.541226	0.843594	0.806544	0.589414	0.784906	0.709234	0.302367	-0.037050	-0.005082	0.195492	-0.075672	0.092229	0.039334	0.023683	-0.010579	0.047900	0.040491	-0.005180
2024-08-20 21:14:11.112000	0.828698	-0.205547	0.196365	-0.261272	1.099152	0.893605	1.089970	-0.514215	-0.083477	-0.364213	0.536674	0.868824	0.823072	0.584938	0.810128	0.725757	0.332150	-0.045752	0.005626	0.225191	-0.084371	0.102941	0.045214	0.027355	-0.011795	0.053795	0.044175	-0.006396
2024-08-20 21:14:11.375000	0.791125	-0.239975	0.206692	-0.274829	1.099236	0.859262	1.065954	-0.514138	-0.083485	-0.364217	0.536758	0.834480	0.799056	0.585098	0.775777	0.701737	0.297722	-0.035425	-0.007931	0.190679	-0.074040	0.089388	0.038211	0.023121	-0.010351	0.046806	0.039951	-0.004952
2024-08-20 21:14:11.637000	0.805637	-0.227398	0.203348	-0.269983	1.099670	0.872272	1.075620	-0.514062	-0.083493	-0.364222	0.537192	0.847490	0.808721	0.585608	0.788779	0.711398	0.310298	-0.038769	-0.003084	0.203171	-0.077381	0.094239	0.040812	0.024651	-0.010818	0.049421	0.041493	-0.005420
2024-08-20 21:14:11.899000	0.781781	-0.244852	0.211051	-0.280325	1.095907	0.851055	1.062106	-0.513986	-0.083501	-0.364226	0.533429	0.826274	0.795208	0.581921	0.767555	0.697880	0.292845	-0.031066	-0.013427	0.185634	-0.069674	0.083901	0.037065	0.022582	-0.009740	0.045687	0.039436	-0.004343
2024-08-20 21:14:12.161000	0.786254	-0.242117	0.205808	-0.274495	1.097058	0.854941	1.060749	-0.513910	-0.083508	-0.364230	0.534580	0.830160	0.793850	0.583148	0.771433	0.696519	0.295580	-0.036309	-0.007596	0.188285	-0.074914	0.089735	0.037667	0.022803	-0.010473	0.046303	0.039668	-0.005076
2024-08-20 21:14:12.423000	0.779892	-0.243003	0.210171	-0.279469	1.092192	0.849190	1.059361	-0.513834	-0.083516	-0.364234	0.529714	0.824408	0.792462	0.578358	0.765673	0.695127	0.294694	-0.031946	-0.012570	0.187315	-0.070547	0.084766	0.037374	0.022786	-0.009862	0.046025	0.039662	-0.004466
2024-08-20 21:14:12.685000	0.782576	-0.232734	0.206558	-0.275184	1.083936	0.851202	1.057761	-0.513758	-0.083524	-0.364238	0.521458	0.826421	0.790862	0.570178	0.767679	0.693522	0.304963	-0.035559	-0.008286	0.197500	-0.074156	0.089054	0.039388	0.024033	-0.010367	0.048053	0.040920	-0.004971
2024-08-20 21:14:12.947000	0.760311	-0.246000	0.213223	-0.285223	1.078311	0.832311	1.045534	-0.513682	-0.083532	-0.364242	0.515832	0.807529	0.778635	0.564629	0.748779	0.681291	0.291697	-0.028894	-0.018324	0.184150	-0.067488	0.079020	0.036275	0.022519	-0.009435	0.044953	0.039418	-0.004039
2024-08-20 21:14:13.210000	0.772934	-0.244440	0.214774	-0.284848	1.087448	0.843009	1.057782	-0.513605	-0.083539	-0.364247	0.524970	0.818227	0.790884	0.573843	0.759469	0.693536	0.293257	-0.027343	-0.017949	0.185627	-0.065934	0.079399	0.036920	0.022685	-0.009218	0.045612	0.039594	-0.003823
2024-08-20 21:14:13.472000	0.775519	-0.248642	0.212413	-0.282891	1.094639	0.845997	1.058410	-0.513529	-0.083547	-0.364251	0.532160	0.821215	0.791511	0.581109	0.762450	0.694159	0.289055	-0.029704	-0.015992	0.181341	-0.068291	0.081360	0.036049	0.022082	-0.009547	0.044755	0.039003	-0.004153
2024-08-20 21:14:13.734000	0.768561	-0.251016	0.213616	-0.283459	1.089420	0.838404	1.052019	-0.513454	-0.083555	-0.364254	0.526942	0.813622	0.785121	0.575966	0.754849	0.687765	0.286681	-0.028501	-0.016560	0.178883	-0.067084	0.080796	0.035717	0.021762	-0.009378	0.044438	0.038694	-0.003984
2024-08-20 21:14:13.996000	0.773829	-0.249481	0.212810	-0.283271	1.093771	0.844290	1.057100	-0.513378	-0.083562	-0.364258	0.531293	0.819508	0.790201	0.580394	0.760727	0.692842	0.288215	-0.029307	-0.016372	0.180334	-0.067886	0.080987	0.035869	0.021957	-0.009490	0.044603	0.038900	-0.004097
2024-08-20 21:14:14.258000	0.761106	-0.247983	0.213929	-0.285076	1.080236	0.832253	1.046182	-0.513302	-0.083570	-0.364262	0.517758	0.807471	0.779283	0.566934	0.748683	0.681920	0.289714	-0.028188	-0.018177	0.181749	-0.066764	0.079186	0.036001	0.022189	-0.009334	0.044750	0.039143	-0.003941
2024-08-20 21:14:14.520000	0.772040	-0.244476	0.211429	-0.281760	1.086847	0.842371	1.053800	-0.513226	-0.083577	-0.364266	0.524368	0.817590	0.786901	0.573621	0.758794	0.689534	0.293221	-0.030688	-0.014862	0.185173	-0.069260	0.082506	0.036792	0.022562	-0.009683	0.045554	0.039527	-0.004290
2024-08-20 21:14:14.782000	0.771245	-0.245052	0.209595	-0.280275	1.086977	0.841924	1.051519	-0.513150	-0.083585	-0.364270	0.524499	0.817143	0.784621	0.573827	0.758339	0.687249	0.292644	-0.032522	-0.013376	0.184512	-0.071090	0.083995	0.036603	0.022447	-0.009938	0.045380	0.039424	-0.004547
2024-08-20 21:14:15.045000	0.760509	-0.251969	0.214808	-0.286430	1.084100	0.832131	1.046939	-0.513074	-0.083593	-0.364274	0.521621	0.807349	0.780040	0.571026	0.748538	0.682665	0.285728	-0.027309	-0.019531	0.177512	-0.065873	0.077844	0.035131	0.021663	-0.009209	0.043921	0.038651	-0.003818
2024-08-20 21:14:15.307000	0.764585	-0.245058	0.207005	-0.278637	1.081274	0.836216	1.043222	-0.512998	-0.083600	-0.364277	0.518796	0.811435	0.776323	0.568276	0.752616	0.678945	0.292639	-0.035111	-0.011738	0.184340	-0.073672	0.085640	0.036390	0.022400	-0.010299	0.045195	0.039400	-0.004909
2024-08-20 21:14:15.569000	0.776712	-0.239104	0.213963	-0.285066	1.086918	0.847814	1.061777	-0.512922	-0.083608	-0.364281	0.524440	0.823032	0.794879	0.573996	0.764206	0.697496	0.298593	-0.028153	-0.018167	0.190210	-0.066710	0.079215	0.037584	0.023304	-0.009326	0.046403	0.040315	-0.003936
2024-08-20 21:14:15.831000	0.763293	-0.247725	0.213760	-0.285659	1.082917	0.835192	1.048952	-0.512846	-0.083615	-0.364285	0.520439	0.810410	0.782053	0.570071	0.751577	0.684667	0.289971	-0.028357	-0.018760	0.181506	-0.066910	0.078626	0.035821	0.022176	-0.009354	0.044653	0.039198	-0.003964
2024-08-20 21:14:16.093000	0.763193	-0.250954	0.214719	-0.285446	1.084875	0.833920	1.048639	-0.512770	-0.083623	-0.364288	0.522396	0.809139	0.781741	0.572105	0.750298	0.684351	0.286742	-0.027398	-0.018548	0.178193	-0.065947	0.078842	0.035434	0.021721	-0.009219	0.044280	0.038754	-0.003830
2024-08-20 21:14:16.355000	0.735659	-0.263592	0.222075	-0.296575	1.073752	0.810160	1.032234	-0.512694	-0.083630	-0.364292	0.511274	0.785378	0.765336	0.561058	0.726530	0.667942	0.274104	-0.020042	-0.029676	0.165472	-0.058587	0.067717	0.032360	0.020318	-0.008190	0.041221	0.037362	-0.002802
2024-08-20 21:14:16.617000	0.727012	-0.265148	0.221906	-0.296641	1.066894	0.801747	1.023652	-0.512619	-0.083637	-0.364295	0.504416	0.776965	0.756754	0.554276	0.718109	0.659357	0.272549	-0.020211	-0.029742	0.163833	-0.058752	0.067655	0.032013	0.020106	-0.008214	0.040888	0.037161	-0.002826
2024-08-20 21:14:16.880000	0.748780	-0.253931	0.224808	-0.298091	1.075994	0.822063	1.046871	-0.512542	-0.083645	-0.364299	0.513516	0.797281	0.779972	0.563451	0.738418	0.682572	0.283766	-0.017309	-0.031192	0.174967	-0.055846	0.066208	0.034357	0.021589	-0.007807	0.043245	0.038655	-0.002420
2024-08-20 21:14:17.142000	0.729894	-0.272626	0.224689	-0.299140	1.076971	0.804346	1.029034	-0.512467	-0.083652	-0.364302	0.514493	0.779564	0.762136	0.564504	0.720693	0.664732	0.265071	-0.017428	-0.032242	0.156189	-0.055961	0.065162	0.030656	0.019145	-0.007823	0.039559	0.036223	-0.002436
2024-08-20 21:14:17.404000	0.718463	-0.278893	0.228665	-0.304504	1.073196	0.794303	1.022967	-0.512391	-0.083660	-0.364305	0.510717	0.769521	0.756069	0.560805	0.710643	0.658662	0.258804	-0.013452	-0.037606	0.149838	-0.051981	0.059801	0.029218	0.018435	-0.007267	0.038135	0.035524	-0.001881
2024-08-20 21:14:17.666000	0.727409	-0.259987	0.225648	-0.300585	1.062334	0.802346	1.027994	-0.512315	-0.083667	-0.364309	0.499855	0.777565	0.761096	0.550019	0.718679	0.663686	0.277709	-0.016469	-0.033687	0.168661	-0.054994	0.063724	0.032876	0.020827	-0.007688	0.041807	0.037927	-0.002302
2024-08-20 21:14:17.928000	0.726912	-0.281988	0.222850	-0.297984	1.084035	0.802047	1.024896	-0.512240	-0.083674	-0.364312	0.521556	0.777265	0.757998	0.571795	0.718372	0.660584	0.255708	-0.019267	-0.031086	0.146577	-0.057788	0.066328	0.028748	0.017860	-0.008079	0.037693	0.034970	-0.002694
2024-08-20 21:14:18.190000	0.734864	-0.257953	0.226374	-0.301665	1.068109	0.810156	1.036529	-0.512164	-0.083682	-0.364315	0.505630	0.785374	0.769631	0.555945	0.726474	0.672214	0.279744	-0.015743	-0.034766	0.170529	-0.054260	0.062650	0.033158	0.021100	-0.007586	0.042116	0.038222	-0.002201
2024-08-20 21:14:18.452000	0.731982	-0.270154	0.224803	-0.298709	1.076041	0.805888	1.030691	-0.512088	-0.083689	-0.364319	0.513563	0.781106	0.763792	0.563953	0.722199	0.666372	0.267543	-0.017314	-0.031811	0.158246	-0.055827	0.065609	0.031149	0.019401	-0.007805	0.040121	0.036534	-0.002420
2024-08-20 21:14:18.715000	0.719755	-0.276509	0.226746	-0.301706	1.071223	0.794715	1.021461	-0.512012	-0.083696	-0.364322	0.508745	0.769933	0.754562	0.559211	0.711018	0.657139	0.261188	-0.015371	-0.034807	0.151807	-0.053879	0.062616	0.029757	0.018626	-0.007532	0.038744	0.035770	-0.002149
2024-08-20 21:14:18.977000	0.714090	-0.274289	0.227646	-0.304129	1.064862	0.790573	1.018219	-0.511937	-0.083704	-0.364325	0.502383	0.765791	0.751320	0.552925	0.706869	0.653894	0.263408	-0.014471	-0.037230	0.153944	-0.052975	0.060196	0.029863	0.018976	-0.007406	0.038863	0.036131	-0.002023
2024-08-20 21:14:19.239000	0.710412	-0.293545	0.233192	-0.309721	1.080485	0.786941	1.020133	-0.511861	-0.083711	-0.364328	0.518007	0.762159	0.753234	0.568625	0.703230	0.655805	0.244152	-0.008925	-0.042823	0.134605	-0.047425	0.054607	0.026277	0.016541	-0.006630	0.035292	0.033707	-0.001248
2024-08-20 21:14:19.501000	0.706734	-0.276323	0.228809	-0.306654	1.060902	0.784579	1.013388	-0.511785	-0.083718	-0.364331	0.498424	0.759797	0.746489	0.549117	0.700861	0.649057	0.261373	-0.013308	-0.039755	0.151744	-0.051804	0.057677	0.029198	0.018753	-0.007242	0.038226	0.035930	-0.001860
2024-08-20 21:14:19.763000	0.707231	-0.293787	0.225568	-0.302882	1.078331	0.784544	1.010113	-0.511710	-0.083725	-0.364334	0.515853	0.759763	0.743214	0.566622	0.700819	0.645779	0.243910	-0.016549	-0.035983	0.134198	-0.055040	0.061452	0.026050	0.016352	-0.007695	0.035092	0.033540	-0.002313
2024-08-20 21:14:20.025000	0.710909	-0.270596	0.230071	-0.306177	1.057611	0.787015	1.017086	-0.511634	-0.083732	-0.364337	0.495133	0.762233	0.750188	0.545977	0.703282	0.652749	0.267100	-0.012046	-0.039279	0.157305	-0.050533	0.058160	0.030565	0.019458	-0.007065	0.039621	0.036657	-0.001684
2024-08-20 21:14:20.287000	0.687749	-0.292015	0.232795	-0.312200	1.059170	0.767154	0.999949	-0.511559	-0.083740	-0.364340	0.496691	0.742373	0.733050	0.547611	0.683415	0.635609	0.245681	-0.009322	-0.045302	0.135804	-0.047806	0.052139	0.025953	0.016783	-0.006683	0.035023	0.033993	-0.001303
2024-08-20 21:14:20.550000	0.689339	-0.287962	0.233714	-0.313417	1.057004	0.769042	1.002756	-0.511483	-0.083747	-0.364343	0.494526	0.744260	0.735858	0.545522	0.685295	0.638413	0.249734	-0.008403	-0.046519	0.139774	-0.046882	0.050926	0.026633	0.017335	-0.006554	0.035717	0.034557	-0.001175
2024-08-20 21:14:20.812000	0.685264	-0.292932	0.235071	-0.314664	1.057789	0.764857	0.999928	-0.511407	-0.083754	-0.364346	0.495311	0.740075	0.733030	0.546382	0.681103	0.635582	0.244765	-0.007046	-0.047766	0.134721	-0.045521	0.049681	0.025721	0.016693	-0.006364	0.034819	0.033926	-0.000985
2024-08-20 21:14:21.074000	0.691824	-0.284038	0.232372	-0.311171	1.054661	0.770623	1.002995	-0.511332	-0.083761	-0.364349	0.492182	0.745841	0.736097	0.543329	0.686862	0.638647	0.253659	-0.009745	-0.044273	0.143533	-0.048215	0.053177	0.027505	0.017774	-0.006740	0.036617	0.035018	-0.001362
2024-08-20 21:14:21.336000	0.690432	-0.297984	0.231855	-0.310720	1.067281	0.769297	1.001152	-0.511256	-0.083768	-0.364351	0.504803	0.744515	0.734254	0.556025	0.685529	0.636801	0.239713	-0.010261	-0.043821	0.129504	-0.048728	0.053631	0.024895	0.015913	-0.006812	0.034021	0.033168	-0.001435
2024-08-20 21:14:21.598000	0.690929	-0.284007	0.233506	-0.312743	1.054174	0.770167	1.003672	-0.511181	-0.083775	-0.364354	0.491696	0.745385	0.736774	0.542993	0.686392	0.639318	0.253690	-0.008611	-0.045844	0.143399	-0.047073	0.051611	0.027399	0.017794	-0.006581	0.036539	0.035060	-0.001204
2024-08-20 21:14:21.860000	0.682878	-0.291742	0.234574	-0.314548	1.054594	0.762852	0.997426	-0.511105	-0.083782	-0.364357	0.492116	0.738070	0.730527	0.543489	0.679070	0.633069	0.245954	-0.007543	-0.047649	0.135581	-0.046000	0.049809	0.025812	0.016808	-0.006431	0.034966	0.034085	-0.001054
2024-08-20 21:14:22.122000	0.682381	-0.299364	0.235041	-0.315324	1.062028	0.762663	0.997705	-0.511030	-0.083789	-0.364359	0.499549	0.737882	0.730806	0.550998	0.678874	0.633345	0.238332	-0.007076	-0.048425	0.127876	-0.045529	0.049036	0.024328	0.015811	-0.006365	0.033495	0.033098	-0.000989
2024-08-20 21:14:22.385000	0.689637	-0.283018	0.232626	-0.311536	1.051566	0.768548	1.001173	-0.510954	-0.083796	-0.364362	0.489088	0.743766	0.734275	0.540612	0.684751	0.636811	0.254678	-0.009491	-0.044638	0.144140	-0.047940	0.052826	0.027603	0.017862	-0.006702	0.036784	0.035161	-0.001327
2024-08-20 21:14:22.647000	0.684767	-0.298530	0.233361	-0.312920	1.062856	0.764326	0.997687	-0.510879	-0.083803	-0.364365	0.500377	0.739544	0.730788	0.551977	0.680522	0.633322	0.239167	-0.008756	-0.046022	0.128545	-0.047200	0.051444	0.024592	0.015840	-0.006599	0.033788	0.033150	-0.001224
2024-08-20 21:14:22.909000	0.687947	-0.296552	0.233754	-0.313098	1.063844	0.767291	1.001045	-0.510803	-0.083810	-0.364367	0.501365	0.742510	0.734147	0.553040	0.683481	0.636678	0.241144	-0.008363	-0.046199	0.130441	-0.046803	0.051269	0.024986	0.016091	-0.006543	0.034195	0.033412	-0.001169
2024-08-20 21:14:23.171000	0.695999	-0.284321	0.233560	-0.312723	1.059482	0.775161	1.008721	-0.510728	-0.083817	-0.364370	0.497004	0.750380	0.741823	0.548754	0.691344	0.644352	0.253376	-0.008557	-0.045824	0.142590	-0.046992	0.051647	0.027272	0.017685	-0.006570	0.036495	0.035017	-0.001196
2024-08-20 21:14:23.433000	0.696396	-0.274649	0.234619	-0.313509	1.049936	0.775286	1.009905	-0.510653	-0.083824	-0.364372	0.487457	0.750505	0.743006	0.539283	0.691462	0.645533	0.263047	-0.007498	-0.046610	0.152179	-0.045929	0.050864	0.029102	0.018964	-0.006421	0.038339	0.036307	-0.001048
2024-08-20 21:14:23.695000	0.700472	-0.277410	0.229634	-0.308200	1.056448	0.779038	1.008672	-0.510577	-0.083831	-0.364375	0.493970	0.754257	0.741773	0.545871	0.695207	0.644297	0.260287	-0.012483	-0.041302	0.149336	-0.050910	0.056174	0.028636	0.018474	-0.007117	0.037887	0.035828	-0.001745
2024-08-20 21:14:23.957000	0.693017	-0.287004	0.234847	-0.313787	1.058961	0.771957	1.006804	-0.510502	-0.083838	-0.364377	0.496483	0.747175	0.739906	0.548459	0.688119	0.642427	0.250692	-0.007270	-0.046889	0.139660	-0.045692	0.050590	0.026777	0.017318	-0.006388	0.036042	0.034683	-0.001016
2024-08-20 21:14:24.220000	0.698782	-0.274444	0.233754	-0.312642	1.052113	0.777670	1.011424	-0.510426	-0.083845	-0.364379	0.489635	0.752888	0.744525	0.541687	0.693825	0.647044	0.263253	-0.008363	-0.045743	0.152138	-0.046780	0.051738	0.029098	0.018940	-0.006540	0.038377	0.036316	-0.001169
2024-08-20 21:14:24.482000	0.694707	-0.286716	0.234778	-0.314320	1.060964	0.774248	1.009026	-0.510351	-0.083852	-0.364382	0.498486	0.749467	0.742128	0.550613	0.690397	0.644645	0.250981	-0.007339	-0.047421	0.139783	-0.045752	0.050062	0.026687	0.017352	-0.006396	0.035980	0.034739	-0.001026
2024-08-20 21:14:24.744000	0.692818	-0.283039	0.233843	-0.313047	1.055061	0.772022	1.005865	-0.510276	-0.083859	-0.364384	0.492582	0.747240	0.738967	0.544785	0.688163	0.641481	0.254658	-0.008273	-0.046149	0.143378	-0.046682	0.051337	0.027418	0.017796	-0.006526	0.036725	0.035193	-0.001157
2024-08-20 21:14:25.006000	0.688246	-0.289322	0.233446	-0.312768	1.056890	0.767568	1.001014	-0.510201	-0.083865	-0.364386	0.494412	0.742786	0.734115	0.546689	0.683703	0.636628	0.248375	-0.008671	-0.045870	0.137013	-0.047075	0.051618	0.026218	0.016951	-0.006581	0.035538	0.034360	-0.001212
2024-08-20 21:14:25.268000	0.706933	-0.284527	0.228729	-0.306304	1.069035	0.784508	1.013237	-0.510125	-0.083872	-0.364388	0.506556	0.759726	0.746338	0.558909	0.700635	0.648849	0.253170	-0.013388	-0.039405	0.141726	-0.051787	0.058084	0.027424	0.017418	-0.007240	0.036759	0.034837	-0.001872
2024-08-20 21:14:25.530000	0.708225	-0.279861	0.228739	-0.305949	1.065296	0.785435	1.014174	-0.510050	-0.083879	-0.364390	0.502818	0.760653	0.747276	0.555246	0.701556	0.649784	0.257835	-0.013378	-0.039051	0.146310	-0.051772	0.058441	0.028344	0.018011	-0.007238	0.037693	0.035442	-0.001870
2024-08-20 21:14:25.792000	0.704448	-0.280397	0.229684	-0.307886	1.063047	0.782650	1.012334	-0.509975	-0.083886	-0.364393	0.500569	0.757868	0.745435	0.553072	0.698764	0.647941	0.257300	-0.012433	-0.040987	0.145692	-0.050823	0.056507	0.028041	0.017981	-0.007105	0.037404	0.035423	-0.001738
2024-08-20 21:14:26.055000	0.698484	-0.273717	0.229008	-0.307338	1.050532	0.776814	1.005822	-0.509900	-0.083893	-0.364395	0.488053	0.752033	0.738924	0.540632	0.692922	0.641427	0.263979	-0.013109	-0.040440	0.152290	-0.051494	0.057056	0.029239	0.018842	-0.007199	0.038616	0.036294	-0.001833
2024-08-20 21:14:26.317000	0.705442	-0.270246	0.230335	-0.308687	1.054040	0.783794	1.014129	-0.509824	-0.083899	-0.364397	0.491562	0.759012	0.747230	0.544216	0.699895	0.649732	0.267450	-0.011782	-0.041788	0.155679	-0.050163	0.055710	0.029865	0.019318	-0.007013	0.039255	0.036781	-0.001647
2024-08-20 21:14:26.579000	0.701466	-0.273805	0.229152	-0.307861	1.053979	0.780175	1.009326	-0.509749	-0.083906	-0.364399	0.491501	0.755393	0.742428	0.544230	0.696268	0.644928	0.263892	-0.012965	-0.040962	0.152038	-0.051341	0.056538	0.029123	0.018824	-0.007177	0.038527	0.036298	-0.001813
2024-08-20 21:14:26.841000	0.699875	-0.289765	0.229375	-0.307820	1.068085	0.778320	1.007695	-0.509674	-0.083913	-0.364401	0.505606	0.753538	0.740797	0.558411	0.694407	0.643295	0.247932	-0.012741	-0.040921	0.135997	-0.051112	0.056581	0.026204	0.016702	-0.007146	0.035622	0.034187	-0.001781
2024-08-20 21:14:27.103000	0.707827	-0.265081	0.231547	-0.309280	1.050641	0.785560	1.017108	-0.509599	-0.083919	-0.364403	0.488163	0.760779	0.750209	0.541042	0.701641	0.652705	0.272616	-0.010570	-0.042382	0.160599	-0.048936	0.055122	0.030900	0.019972	-0.006841	0.040331	0.037468	-0.001478
2024-08-20 21:14:27.365000	0.705144	-0.282277	0.233346	-0.311019	1.065093	0.782816	1.016163	-0.509524	-0.083926	-0.364404	0.502615	0.758035	0.749264	0.555569	0.698890	0.651758	0.255420	-0.008770	-0.044121	0.143321	-0.047132	0.053385	0.027714	0.017727	-0.006589	0.037159	0.035234	-0.001226
2024-08-20 21:14:27.627000	0.706038	-0.277420	0.234306	-0.313306	1.062458	0.785038	1.019344	-0.509449	-0.083933	-0.364406	0.499980	0.760257	0.752445	0.553010	0.701105	0.654938	0.260277	-0.007811	-0.046407	0.148096	-0.046168	0.051101	0.028345	0.018420	-0.006454	0.037805	0.035938	-0.001092
2024-08-20 21:14:27.890000	0.707330	-0.269180	0.229867	-0.307779	1.054423	0.785242	1.015110	-0.509374	-0.083939	-0.364408	0.491944	0.760461	0.748211	0.545049	0.701303	0.650702	0.268517	-0.012249	-0.040881	0.156254	-0.050601	0.056629	0.030063	0.019369	-0.007074	0.039537	0.036898	-0.001712
2024-08-20 21:14:28.152000	0.710809	-0.269458	0.229042	-0.306208	1.057433	0.787975	1.017017	-0.509299	-0.083946	-0.364410	0.494955	0.763193	0.750119	0.548134	0.704029	0.652607	0.268238	-0.013074	-0.039309	0.155894	-0.051421	0.058202	0.030141	0.019280	-0.007189	0.039628	0.036820	-0.001828
2024-08-20 21:14:28.414000	0.714090	-0.267357	0.225245	-0.302131	1.058333	0.790976	1.016221	-0.509224	-0.083953	-0.364412	0.495854	0.766194	0.749322	0.549109	0.707023	0.651809	0.270340	-0.016872	-0.035233	0.157914	-0.055214	0.062280	0.030567	0.019458	-0.007719	0.040068	0.037008	-0.002359
2024-08-20 21:14:28.676000	0.730888	-0.266744	0.222258	-0.297290	1.072664	0.805919	1.028178	-0.509149	-0.083959	-0.364413	0.510185	0.781138	0.761279	0.563515	0.721960	0.663764	0.270952	-0.019859	-0.030391	0.158445	-0.058196	0.067124	0.031021	0.019405	-0.008136	0.040536	0.036967	-0.002776
2024-08-20 21:14:28.938000	0.747985	-0.266028	0.219416	-0.293786	1.088384	0.822356	1.041771	-0.509074	-0.083966	-0.364415	0.525906	0.797574	0.774873	0.579310	0.738390	0.677356	0.271668	-0.022701	-0.026888	0.159079	-0.061034	0.070629	0.031264	0.019408	-0.008533	0.040793	0.036980	-0.003174
2024-08-20 21:14:29.200000	0.716376	-0.276184	0.227159	-0.304109	1.069510	0.793326	1.020485	-0.508999	-0.083972	-0.364417	0.507032	0.768544	0.753586	0.560511	0.709353	0.656068	0.261513	-0.014958	-0.037210	0.148842	-0.053285	0.060308	0.028880	0.018302	-0.007449	0.038422	0.035885	-0.002091
2024-08-20 21:14:29.462000	0.713493	-0.267553	0.229530	-0.306481	1.057998	0.790445	1.019975	-0.508924	-0.083979	-0.364418	0.495520	0.765664	0.753076	0.549074	0.706466	0.655557	0.270144	-0.012587	-0.039583	0.157392	-0.050910	0.057937	0.030466	0.019480	-0.007117	0.040022	0.037075	-0.001760
2024-08-20 21:14:29.725000	0.713891	-0.268058	0.229753	-0.307480	1.059675	0.791618	1.021371	-0.508849	-0.083985	-0.364420	0.497197	0.766836	0.754473	0.550827	0.707633	0.656951	0.269639	-0.012364	-0.040582	0.156806	-0.050681	0.056939	0.030210	0.019433	-0.007085	0.039780	0.037038	-0.001728
2024-08-20 21:14:29.987000	0.698484	-0.275891	0.231836	-0.310781	1.053320	0.777429	1.009265	-0.508774	-0.083992	-0.364421	0.490841	0.752647	0.742366	0.544546	0.693437	0.644843	0.261806	-0.010281	-0.043882	0.148891	-0.048594	0.053640	0.028513	0.018471	-0.006793	0.038097	0.036087	-0.001437
2024-08-20 21:14:30.249000	0.701366	-0.282354	0.232372	-0.311491	1.062839	0.780485	1.012857	-0.508699	-0.083998	-0.364423	0.500360	0.755703	0.745958	0.554140	0.696486	0.648434	0.255343	-0.009745	-0.044592	0.142346	-0.048052	0.052932	0.027269	0.017624	-0.006718	0.036867	0.035250	-0.001362
2024-08-20 21:14:30.511000	0.704547	-0.276988	0.228347	-0.306537	1.059725	0.782738	1.011084	-0.508624	-0.084005	-0.364424	0.497247	0.757956	0.744186	0.551102	0.698733	0.646660	0.260709	-0.013770	-0.039639	0.147631	-0.052073	0.057887	0.028425	0.018207	-0.007280	0.038037	0.035844	-0.001925
2024-08-20 21:14:30.773000	0.700869	-0.285588	0.230747	-0.308809	1.064519	0.778931	1.009678	-0.508549	-0.084011	-0.364426	0.502041	0.754149	0.742779	0.555970	0.694920	0.645252	0.252109	-0.011370	-0.041910	0.138950	-0.049667	0.055617	0.026844	0.017107	-0.006943	0.036470	0.034755	-0.001589
2024-08-20 21:14:31.035000	0.708722	-0.267800	0.231294	-0.310304	1.055532	0.787732	1.019026	-0.508474	-0.084018	-0.364427	0.493054	0.762951	0.752128	0.547058	0.703715	0.654599	0.269897	-0.010823	-0.043406	0.156657	-0.049115	0.054123	0.029943	0.019486	-0.006866	0.039583	0.037145	-0.001513
2024-08-20 21:14:31.297000	0.703752	-0.280443	0.231204	-0.309757	1.062748	0.782304	1.013509	-0.508399	-0.084024	-0.364428	0.500269	0.757523	0.746610	0.554348	0.698280	0.649081	0.257253	-0.010913	-0.042858	0.143932	-0.049200	0.054671	0.027676	0.017790	-0.006878	0.037329	0.035460	-0.001526
2024-08-20 21:14:31.560000	0.707231	-0.263536	0.232656	-0.311410	1.049521	0.785985	1.018641	-0.508324	-0.084030	-0.364429	0.487042	0.761203	0.751742	0.541196	0.701954	0.654211	0.274161	-0.009461	-0.044511	0.160758	-0.047743	0.053020	0.030755	0.020048	-0.006675	0.040422	0.037728	-0.001323
2024-08-20 21:14:31.822000	0.706833	-0.281216	0.231622	-0.310527	1.066955	0.785739	1.017361	-0.508250	-0.084037	-0.364431	0.504476	0.760957	0.750462	0.558705	0.701702	0.652930	0.256481	-0.010495	-0.043629	0.142997	-0.048772	0.053903	0.027437	0.017686	-0.006818	0.037118	0.035378	-0.001467
2024-08-20 21:14:32.084000	0.712996	-0.276050	0.227517	-0.305158	1.066688	0.790638	1.018154	-0.508175	-0.084043	-0.364432	0.504210	0.765856	0.751256	0.558513	0.706595	0.653722	0.261646	-0.014600	-0.038260	0.148081	-0.052872	0.059274	0.028620	0.018230	-0.007392	0.038315	0.035933	-0.002041
2024-08-20 21:14:32.346000	0.706336	-0.283363	0.229733	-0.307952	1.067918	0.784555	1.014288	-0.508100	-0.084049	-0.364433	0.505440	0.759773	0.747390	0.559818	0.700505	0.649855	0.254333	-0.012384	-0.041053	0.140687	-0.050650	0.056481	0.027143	0.017319	-0.007081	0.036851	0.035033	-0.001731
2024-08-20 21:14:32.608000	0.704348	-0.265313	0.233098	-0.312408	1.048971	0.783659	1.016757	-0.508025	-0.084056	-0.364434	0.486493	0.758877	0.749858	0.540946	0.699603	0.652322	0.272384	-0.009019	-0.045510	0.158657	-0.047280	0.052026	0.030265	0.019797	-0.006610	0.039987	0.037521	-0.001261
2024-08-20 21:14:32.870000	0.701168	-0.273285	0.233381	-0.312885	1.053956	0.780671	1.014053	-0.507951	-0.084062	-0.364435	0.491478	0.755890	0.747154	0.546005	0.696609	0.649617	0.264412	-0.008736	-0.045986	0.150604	-0.046992	0.051550	0.028737	0.018746	-0.006569	0.038474	0.036481	-0.001221
2024-08-20 21:14:33.132000	0.700969	-0.283729	0.231001	-0.309828	1.063525	0.779796	1.010797	-0.507876	-0.084068	-0.364436	0.501046	0.755014	0.743898	0.555649	0.695728	0.646360	0.253968	-0.011116	-0.042929	0.140079	-0.049367	0.054609	0.026918	0.017285	-0.006902	0.036668	0.035031	-0.001554
2024-08-20 21:14:33.395000	0.699378	-0.283961	0.233148	-0.312707	1.062899	0.778938	1.012086	-0.507801	-0.084075	-0.364437	0.500421	0.754157	0.745187	0.555098	0.694864	0.647648	0.253736	-0.008969	-0.045809	0.139766	-0.047215	0.051730	0.026722	0.017312	-0.006601	0.036486	0.035069	-0.001254
2024-08-20 21:14:33.657000	0.705144	-0.271276	0.229594	-0.308961	1.055786	0.784510	1.014104	-0.507726	-0.084081	-0.364438	0.493308	0.759729	0.747206	0.548060	0.700429	0.649666	0.266420	-0.012523	-0.042062	0.152369	-0.050763	0.055478	0.029092	0.018895	-0.007097	0.038870	0.036662	-0.001751
2024-08-20 21:14:33.919000	0.699677	-0.277961	0.233446	-0.312687	1.056879	0.778918	1.012364	-0.507652	-0.084087	-0.364439	0.494400	0.754136	0.745465	0.549227	0.694831	0.647924	0.259736	-0.008671	-0.045789	0.145604	-0.046906	0.051752	0.027867	0.018079	-0.006558	0.037658	0.035857	-0.001212
2024-08-20 21:14:34.181000	0.715382	-0.279027	0.230007	-0.307850	1.072253	0.793226	1.023232	-0.507577	-0.084093	-0.364440	0.509774	0.768444	0.756334	0.564675	0.709132	0.658792	0.258670	-0.012110	-0.040952	0.144457	-0.050340	0.056590	0.027921	0.017810	-0.007038	0.037726	0.035599	-0.001693
2024-08-20 21:14:34.443000	0.712797	-0.251974	0.226125	-0.304210	1.042857	0.790882	1.017008	-0.507503	-0.084099	-0.364441	0.480378	0.766101	0.750109	0.535354	0.706783	0.652566	0.285723	-0.015992	-0.037312	0.171429	-0.054217	0.060231	0.032869	0.021296	-0.007579	0.042688	0.039096	-0.002236
2024-08-20 21:14:34.705000	0.708026	-0.269896	0.228590	-0.308322	1.057654	0.787758	1.016348	-0.507428	-0.084106	-0.364442	0.495176	0.762976	0.749450	0.550226	0.703652	0.651906	0.267801	-0.013527	-0.041423	0.153426	-0.051746	0.056120	0.029222	0.019025	-0.007234	0.039055	0.036835	-0.001891
2024-08-20 21:14:34.967000	0.697589	-0.283080	0.233038	-0.312418	1.060049	0.776969	1.010008	-0.507354	-0.084112	-0.364443	0.497571	0.752188	0.743109	0.552696	0.692858	0.645565	0.254617	-0.009079	-0.045520	0.140162	-0.047293	0.052024	0.026837	0.017356	-0.006612	0.036683	0.035177	-0.001269
2024-08-20 21:14:35.230000	0.711207	-0.267239	0.226200	-0.303744	1.055990	0.788751	1.014951	-0.507279	-0.084118	-0.364444	0.493511	0.763969	0.748052	0.548711	0.704633	0.650507	0.270458	-0.015917	-0.036845	0.155922	-0.054126	0.060700	0.030105	0.019233	-0.007567	0.039965	0.037065	-0.002225
2024-08-20 21:14:35.492000	0.711207	-0.268753	0.232407	-0.310588	1.058141	0.789388	1.021795	-0.507204	-0.084124	-0.364444	0.495662	0.764606	0.754897	0.550937	0.705264	0.657351	0.268944	-0.009710	-0.043690	0.154327	-0.047913	0.053856	0.029692	0.019174	-0.006698	0.039566	0.037016	-0.001357
2024-08-20 21:14:35.754000	0.717867	-0.275942	0.218586	-0.295738	1.070962	0.795019	1.013605	-0.507130	-0.084130	-0.364445	0.508483	0.770238	0.746706	0.563832	0.710889	0.649160	0.261755	-0.023531	-0.028840	0.147057	-0.061729	0.068707	0.028536	0.017891	-0.008630	0.038423	0.035744	-0.003290
2024-08-20 21:14:36.016000	0.726216	-0.262908	0.224038	-0.300235	1.065322	0.802414	1.026452	-0.507055	-0.084136	-0.364446	0.502843	0.777632	0.759553	0.558266	0.718278	0.662006	0.274789	-0.018079	-0.033337	0.160012	-0.056272	0.064210	0.031122	0.019684	-0.007867	0.041024	0.037548	-0.002527
2024-08-20 21:14:36.278000	0.732180	-0.252468	0.223223	-0.298887	1.060313	0.807844	1.031067	-0.506981	-0.084142	-0.364446	0.497835	0.783063	0.764168	0.553332	0.723702	0.666621	0.285228	-0.018894	-0.031988	0.170370	-0.057081	0.065560	0.033144	0.021017	-0.007980	0.043059	0.038892	-0.002641
2024-08-20 21:14:36.540000	0.742816	-0.246345	0.218297	-0.292519	1.063383	0.817038	1.035335	-0.506906	-0.084148	-0.364447	0.500904	0.792256	0.768436	0.556476	0.732889	0.670888	0.291352	-0.023820	-0.025620	0.176413	-0.062001	0.071928	0.034537	0.021665	-0.008668	0.044466	0.039550	-0.003330
2024-08-20 21:14:36.802000	0.729497	-0.260925	0.222219	-0.298491	1.066694	0.805769	1.027988	-0.506832	-0.084154	-0.364447	0.504216	0.780988	0.761089	0.559862	0.721615	0.663540	0.276772	-0.019898	-0.031593	0.161753	-0.058074	0.065956	0.031433	0.019878	-0.008119	0.041375	0.037774	-0.002782
2024-08-20 21:14:37.065000	0.737449	-0.256851	0.221985	-0.297300	1.069614	0.812763	1.034748	-0.506757	-0.084160	-0.364448	0.507136	0.787982	0.767850	0.562857	0.728603	0.670301	0.280846	-0.020132	-0.030401	0.165746	-0.058302	0.067148	0.032357	0.020369	-0.008151	0.042313	0.038276	-0.002814
2024-08-20 21:14:37.327000	0.728105	-0.253009	0.220713	-0.297432	1.057833	0.804824	1.025537	-0.506683	-0.084166	-0.364448	0.495355	0.780042	0.758638	0.551150	0.720657	0.661088	0.284688	-0.021404	-0.030533	0.169507	-0.059569	0.067017	0.032785	0.020884	-0.008328	0.042755	0.038802	-0.002992
2024-08-20 21:14:37.589000	0.737150	-0.249440	0.221642	-0.297442	1.062390	0.812950	1.034592	-0.506609	-0.084172	-0.364449	0.499912	0.788168	0.767694	0.555782	0.728778	0.670143	0.288256	-0.020475	-0.030543	0.172996	-0.058634	0.067007	0.033609	0.021335	-0.008197	0.043593	0.039263	-0.002862
2024-08-20 21:14:37.851000	0.735162	-0.257716	0.224490	-0.300043	1.068431	0.810715	1.035205	-0.506534	-0.084178	-0.364449	0.505953	0.785933	0.768306	0.561897	0.726537	0.670756	0.279980	-0.017627	-0.033144	0.164640	-0.055781	0.064407	0.032111	0.020283	-0.007798	0.042109	0.038222	-0.002464
2024-08-20 21:14:38.113000	0.729497	-0.254796	0.221652	-0.297776	1.060417	0.805621	1.027273	-0.506460	-0.084184	-0.364449	0.497939	0.780839	0.760374	0.553957	0.721437	0.662823	0.282900	-0.020465	-0.030878	0.167479	-0.058613	0.066673	0.032527	0.020617	-0.008194	0.042539	0.038566	-0.002861
2024-08-20 21:14:45.795000	0.898675	-0.175754	0.169477	-0.224277	1.129229	0.953475	1.122952	-0.504290	-0.084351	-0.364444	0.566751	0.928693	0.856053	0.624939	0.869124	0.758508	0.361943	-0.072640	0.042622	0.244185	-0.110616	0.140168	0.050822	0.028958	-0.015464	0.061234	0.047218	-0.010155
2024-08-20 21:14:46.057000	0.876112	-0.174683	0.183945	-0.241063	1.107913	0.933230	1.117175	-0.504216	-0.084356	-0.364444	0.545435	0.908449	0.850276	0.603697	0.848874	0.752731	0.363014	-0.058172	0.025835	0.245177	-0.096142	0.123380	0.050571	0.029467	-0.013441	0.060996	0.047737	-0.008132
2024-08-20 21:14:46.319000	0.882672	-0.169414	0.173423	-0.229686	1.108349	0.938935	1.112358	-0.504142	-0.084362	-0.364443	0.545871	0.914153	0.845460	0.604207	0.854573	0.747915	0.368282	-0.068694	0.037212	0.250366	-0.106658	0.134757	0.051690	0.029904	-0.014911	0.062130	0.048184	-0.009603
2024-08-20 21:14:46.581000	0.843310	-0.193722	0.189034	-0.248531	1.096529	0.902807	1.091841	-0.504069	-0.084367	-0.364442	0.534051	0.878025	0.824942	0.592461	0.818440	0.727399	0.343974	-0.053083	0.018367	0.225979	-0.091041	0.115911	0.046564	0.027117	-0.012728	0.057017	0.045408	-0.007421
2024-08-20 21:14:46.843000	0.839334	-0.203657	0.185903	-0.245322	1.102410	0.898753	1.084656	-0.503995	-0.084373	-0.364441	0.539931	0.873971	0.817757	0.598415	0.814380	0.720215	0.334040	-0.056214	0.021576	0.215966	-0.094166	0.119119	0.044724	0.025726	-0.013164	0.055190	0.044028	-0.007859
2024-08-20 21:14:47.105000	0.851659	-0.195030	0.184804	-0.244389	1.106274	0.911244	1.096048	-0.503921	-0.084378	-0.364440	0.543796	0.886462	0.829150	0.602353	0.826866	0.731608	0.342666	-0.057312	0.022509	0.224513	-0.095258	0.120051	0.046276	0.026837	-0.013317	0.056756	0.045149	-0.008012
2024-08-20 21:14:47.368000	0.833071	-0.198883	0.195187	-0.256486	1.093254	0.894371	1.089558	-0.503847	-0.084383	-0.364439	0.530775	0.869589	0.822659	0.589406	0.809987	0.725118	0.338814	-0.046930	0.010412	0.220581	-0.084869	0.107953	0.045226	0.026591	-0.011865	0.055720	0.044914	-0.006561
2024-08-20 21:14:47.630000	0.827903	-0.209749	0.195465	-0.257323	1.099509	0.889760	1.085225	-0.503774	-0.084389	-0.364439	0.537031	0.864979	0.818327	0.595736	0.805372	0.720787	0.327948	-0.046652	0.009576	0.209636	-0.084585	0.107116	0.043093	0.025170	-0.011825	0.053600	0.043503	-0.006522
2024-08-20 21:14:47.892000	0.822038	-0.194685	0.200187	-0.263508	1.080045	0.885360	1.085546	-0.503700	-0.084394	-0.364438	0.517567	0.860578	0.818648	0.576345	0.800966	0.721109	0.343011	-0.041930	0.003390	0.224621	-0.079857	0.100929	0.045591	0.027294	-0.011164	0.056112	0.045638	-0.005862
2024-08-20 21:14:48.154000	0.789236	-0.222011	0.211175	-0.277557	1.077629	0.855618	1.066793	-0.503627	-0.084399	-0.364437	0.515151	0.830836	0.799895	0.574002	0.771219	0.702357	0.315685	-0.030942	-0.010659	0.197216	-0.068862	0.086879	0.039937	0.024006	-0.009627	0.050472	0.042360	-0.004326
2024-08-20 21:14:48.416000	0.792019	-0.217994	0.207930	-0.273658	1.075742	0.857748	1.065678	-0.503553	-0.084405	-0.364436	0.513264	0.832966	0.798779	0.572189	0.773343	0.701242	0.319702	-0.034187	-0.006760	0.201154	-0.072101	0.090777	0.040791	0.024437	-0.010080	0.051339	0.042801	-0.004779
2024-08-20 21:14:48.678000	0.770648	-0.236591	0.216975	-0.285061	1.075325	0.838734	1.055709	-0.503480	-0.084410	-0.364435	0.512846	0.813952	0.788810	0.571845	0.754324	0.691274	0.301106	-0.025142	-0.018162	0.182479	-0.063049	0.079374	0.036887	0.022238	-0.008814	0.047448	0.040612	-0.003515
2024-08-20 21:14:48.940000	0.761305	-0.238563	0.211737	-0.280832	1.068964	0.830400	1.042137	-0.503406	-0.084415	-0.364433	0.506485	0.805618	0.775238	0.565557	0.745985	0.677704	0.299133	-0.030380	-0.013934	0.180428	-0.068281	0.083601	0.036311	0.021889	-0.009546	0.046886	0.040275	-0.004247
2024-08-20 21:14:49.203000	0.808619	-0.202266	0.201573	-0.266479	1.075791	0.873525	1.075098	-0.503332	-0.084420	-0.364432	0.513313	0.848743	0.808200	0.572459	0.789105	0.710666	0.335430	-0.040544	0.000419	0.216646	-0.078439	0.097953	0.043817	0.026322	-0.010966	0.054406	0.044717	-0.005668
2024-08-20 21:14:49.465000	0.803053	-0.202086	0.201474	-0.267077	1.070742	0.868656	1.070130	-0.503259	-0.084426	-0.364431	0.508264	0.843875	0.803231	0.567483	0.784231	0.705699	0.335611	-0.040643	-0.000179	0.216747	-0.078532	0.097354	0.043703	0.026355	-0.010979	0.054305	0.044762	-0.005682
2024-08-20 21:14:49.727000	0.819255	-0.191523	0.203820	-0.267169	1.074127	0.882604	1.086424	-0.503186	-0.084431	-0.364430	0.511649	0.857822	0.819525	0.570942	0.798173	0.721994	0.346173	-0.038297	-0.000270	0.227231	-0.076179	0.097261	0.046079	0.027716	-0.010650	0.056695	0.046133	-0.005354
2024-08-20 21:14:49.989000	0.866967	-0.173390	0.183199	-0.243887	1.101045	0.927655	1.110854	-0.503112	-0.084436	-0.364429	0.538567	0.902873	0.843956	0.597933	0.843219	0.746425	0.364307	-0.058918	0.023011	0.245286	-0.096794	0.120541	0.049921	0.029580	-0.013532	0.060551	0.048007	-0.008237
2024-08-20 21:14:50.251000	0.843310	-0.178484	0.191777	-0.254600	1.084616	0.906132	1.097910	-0.503039	-0.084441	-0.364427	0.522138	0.881351	0.831011	0.581577	0.821691	0.733482	0.359213	-0.050340	0.012298	0.240114	-0.088209	0.109827	0.048560	0.029147	-0.012332	0.059204	0.047584	-0.007037
2024-08-20 21:14:50.513000	0.850168	-0.191853	0.188015	-0.249104	1.103110	0.911257	1.099273	-0.502965	-0.084446	-0.364426	0.540632	0.886476	0.832374	0.600145	0.826811	0.734846	0.345844	-0.054102	0.017794	0.226666	-0.091965	0.115322	0.046401	0.027237	-0.012857	0.057058	0.045684	-0.007563
2024-08-20 21:14:50.775000	0.873229	-0.171449	0.178587	-0.238412	1.104502	0.933054	1.111641	-0.502892	-0.084451	-0.364425	0.542024	0.908272	0.844742	0.601610	0.848602	0.747216	0.366248	-0.063530	0.028487	0.246992	-0.101386	0.126013	0.050403	0.029681	-0.014174	0.061073	0.048139	-0.008881
2024-08-20 21:14:51.038000	0.918357	-0.161808	0.161152	-0.218187	1.137200	0.975392	1.136544	-0.502818	-0.084457	-0.364423	0.574721	0.950610	0.869645	0.634381	0.890935	0.772121	0.375889	-0.080965	0.048711	0.256554	-0.118815	0.146236	0.052699	0.030487	-0.016610	0.063383	0.048956	-0.011319
2024-08-20 21:14:51.300000	0.875118	-0.170151	0.180555	-0.241236	1.105949	0.935798	1.116353	-0.502745	-0.084462	-0.364422	0.543471	0.911017	0.849455	0.603204	0.851336	0.751931	0.367546	-0.061562	0.025663	0.248133	-0.099405	0.123186	0.050453	0.029900	-0.013897	0.061151	0.048379	-0.008606
2024-08-20 21:14:51.562000	0.924122	-0.157724	0.161828	-0.219338	1.139356	0.981632	1.143460	-0.502672	-0.084467	-0.364421	0.576878	0.956850	0.876562	0.636684	0.897165	0.779039	0.379973	-0.080289	0.047560	0.260481	-0.118126	0.145082	0.053338	0.031035	-0.016514	0.064049	0.049524	-0.011224
2024-08-20 21:14:51.824000	0.889034	-0.171861	0.169263	-0.228206	1.119837	0.947976	1.117239	-0.502599	-0.084472	-0.364419	0.557358	0.923194	0.850341	0.617238	0.863504	0.752820	0.365836	-0.072854	0.038693	0.246266	-0.110684	0.136213	0.050436	0.029361	-0.015474	0.061160	0.047860	-0.010185
2024-08-20 21:14:52.086000	0.870148	-0.173442	0.179372	-0.239050	1.103268	0.929826	1.109198	-0.502525	-0.084477	-0.364418	0.540789	0.905044	0.842300	0.600742	0.845349	0.744780	0.364255	-0.062745	0.027848	0.244607	-0.100568	0.125367	0.049995	0.029378	-0.014059	0.060733	0.047888	-0.008772
2024-08-20 21:14:52.348000	0.891419	-0.161010	0.175665	-0.234386	1.111150	0.950141	1.125805	-0.502452	-0.084482	-0.364416	0.548672	0.925359	0.858907	0.608698	0.865659	0.761389	0.376687	-0.066452	0.032512	0.256960	-0.104269	0.130030	0.052465	0.030900	-0.014577	0.063216	0.049420	-0.009290
2024-08-20 21:14:52.610000	0.873925	-0.170336	0.182101	-0.241585	1.103746	0.933410	1.115510	-0.502379	-0.084487	-0.364415	0.541267	0.908628	0.848612	0.601367	0.848922	0.751096	0.367360	-0.060016	0.025313	0.247556	-0.097827	0.122829	0.050582	0.029818	-0.013676	0.061347	0.048349	-0.008390
2024-08-20 21:14:52.873000	0.875615	-0.167895	0.178945	-0.239274	1.103838	0.935943	1.114888	-0.502305	-0.084492	-0.364413	0.541360	0.911162	0.847990	0.601533	0.851451	0.750475	0.369802	-0.063172	0.027625	0.249918	-0.100976	0.125139	0.050856	0.030091	-0.014116	0.061635	0.048632	-0.008831
2024-08-20 21:14:53.135000	0.870048	-0.175198	0.183045	-0.242909	1.105110	0.929912	1.112957	-0.502232	-0.084497	-0.364411	0.542631	0.905130	0.846058	0.602877	0.845415	0.748546	0.362499	-0.059072	0.023990	0.242537	-0.096869	0.121503	0.049582	0.029187	-0.013542	0.060374	0.047739	-0.008258
2024-08-20 21:14:53.397000	0.886151	-0.165861	0.173209	-0.232302	1.111105	0.945244	1.118453	-0.502159	-0.084502	-0.364410	0.548626	0.920462	0.851555	0.608946	0.860742	0.754044	0.371836	-0.068907	0.034596	0.251796	-0.106698	0.132107	0.051440	0.030178	-0.014916	0.062245	0.048740	-0.009633
2024-08-20 21:14:53.659000	0.869949	-0.172638	0.184586	-0.245479	1.103481	0.930842	1.115428	-0.502086	-0.084507	-0.364408	0.541002	0.906061	0.848529	0.601395	0.846335	0.751020	0.365058	-0.057531	0.021419	0.244941	-0.095315	0.118929	0.049833	0.029570	-0.013325	0.060652	0.048142	-0.008043
2024-08-20 21:14:53.921000	0.874124	-0.179338	0.183835	-0.244450	1.114077	0.934738	1.118574	-0.502013	-0.084512	-0.364406	0.551598	0.909957	0.851675	0.612064	0.850226	0.754167	0.358358	-0.058282	0.022449	0.238162	-0.096059	0.119956	0.048631	0.028651	-0.013429	0.059464	0.047233	-0.008148
2024-08-20 21:14:54.183000	0.884759	-0.169517	0.180585	-0.240642	1.114334	0.944817	1.125402	-0.501940	-0.084517	-0.364405	0.551856	0.920035	0.858503	0.612395	0.860300	0.760997	0.368179	-0.061532	0.026256	0.247905	-0.099303	0.123762	0.050541	0.029851	-0.013883	0.061388	0.048443	-0.008602
2024-08-20 21:14:54.445000	0.841620	-0.191570	0.190013	-0.254108	1.097285	0.905715	1.095728	-0.501867	-0.084522	-0.364403	0.534806	0.880934	0.828830	0.595418	0.821193	0.731325	0.346127	-0.052104	0.012790	0.225775	-0.089868	0.110294	0.045675	0.027257	-0.012564	0.056535	0.045860	-0.007284
2024-08-20 21:14:54.708000	0.855039	-0.187311	0.188651	-0.250848	1.104547	0.917236	1.105887	-0.501793	-0.084527	-0.364401	0.542068	0.892454	0.838989	0.602753	0.832709	0.741486	0.350386	-0.053466	0.016050	0.229956	-0.091223	0.113553	0.046814	0.027719	-0.012753	0.057687	0.046333	-0.007475
2024-08-20 21:14:54.970000	0.846292	-0.199676	0.186738	-0.249763	1.108993	0.909317	1.096055	-0.501720	-0.084532	-0.364399	0.546515	0.884536	0.829156	0.607273	0.824786	0.731656	0.338021	-0.055379	0.017135	0.217513	-0.093130	0.114636	0.044350	0.026063	-0.013020	0.055237	0.044687	-0.007742
2024-08-20 21:14:55.232000	0.855138	-0.180899	0.191012	-0.253500	1.098525	0.917626	1.108638	-0.501647	-0.084537	-0.364397	0.536047	0.892845	0.841740	0.596878	0.833090	0.744241	0.356798	-0.051105	0.013399	0.236212	-0.088849	0.110897	0.047920	0.028604	-0.012421	0.058820	0.047238	-0.007144
2024-08-20 21:14:55.494000	0.846987	-0.185462	0.207632	-0.272041	1.096858	0.911397	1.119028	-0.501574	-0.084541	-0.364395	0.534380	0.886615	0.852130	0.595284	0.826855	0.754633	0.352235	-0.034485	-0.005142	0.231571	-0.072222	0.092354	0.046703	0.028402	-0.010097	0.057617	0.047047	-0.004821
2024-08-20 21:14:55.756000	0.813987	-0.211001	0.204844	-0.271808	1.091951	0.880951	1.085794	-0.501501	-0.084546	-0.364393	0.529473	0.856169	0.818896	0.590450	0.796405	0.721401	0.326696	-0.037273	-0.004909	0.205955	-0.075004	0.092585	0.041468	0.025045	-0.010485	0.052395	0.043699	-0.005211
2024-08-20 21:14:56.018000	0.829493	-0.201720	0.199481	-0.264395	1.096128	0.894408	1.093888	-0.501428	-0.084551	-0.364391	0.533650	0.869626	0.826990	0.594699	0.809856	0.729497	0.335976	-0.042636	0.002503	0.215157	-0.080359	0.099996	0.043563	0.026081	-0.011234	0.054504	0.044746	-0.005961
2024-08-20 21:14:56.280000	0.824225	-0.202225	0.196931	-0.261800	1.091318	0.889093	1.086024	-0.501356	-0.084556	-0.364389	0.528840	0.864311	0.819126	0.589963	0.804537	0.721635	0.335472	-0.045186	0.005099	0.214575	-0.082902	0.102590	0.043464	0.025949	-0.011590	0.054418	0.044624	-0.006317
2024-08-20 21:14:56.543000	0.837346	-0.196138	0.201524	-0.265714	1.097673	0.901536	1.103059	-0.501282	-0.084561	-0.364387	0.535195	0.876754	0.836161	0.596391	0.816975	0.738672	0.341559	-0.040593	0.001185	0.220584	-0.078303	0.098674	0.044710	0.026817	-0.010947	0.055678	0.045502	-0.005675
2024-08-20 21:14:56.805000	0.801363	-0.224221	0.208849	-0.277217	1.093952	0.869731	1.078580	-0.501210	-0.084565	-0.364385	0.531473	0.844949	0.811682	0.592742	0.785165	0.714195	0.313476	-0.033268	-0.010319	0.192423	-0.070970	0.087168	0.038699	0.023388	-0.009922	0.049680	0.042084	-0.004651
2024-08-20 21:14:57.067000	0.816670	-0.205423	0.201126	-0.267493	1.088461	0.883038	1.084164	-0.501137	-0.084570	-0.364383	0.525982	0.858256	0.817265	0.587324	0.798467	0.719781	0.332274	-0.040991	-0.000595	0.211143	-0.078687	0.096890	0.042546	0.025632	-0.011000	0.053541	0.044338	-0.005731
2024-08-20 21:14:57.329000	0.807426	-0.206098	0.214764	-0.282328	1.081088	0.874991	1.089754	-0.501064	-0.084575	-0.364381	0.518610	0.850209	0.822856	0.580025	0.790416	0.725373	0.331599	-0.027353	-0.015429	0.210391	-0.065042	0.082053	0.042186	0.025858	-0.009093	0.053194	0.044574	-0.003824
2024-08-20 21:14:57.591000	0.796492	-0.213570	0.210564	-0.279093	1.078592	0.865022	1.075586	-0.500991	-0.084580	-0.364379	0.516114	0.840240	0.808687	0.577601	0.780442	0.711207	0.324126	-0.031553	-0.012195	0.202841	-0.069235	0.085285	0.040601	0.024804	-0.009679	0.051623	0.043531	-0.004411
2024-08-20 21:14:57.853000	0.784862	-0.222078	0.217592	-0.287535	1.076884	0.854806	1.072397	-0.500918	-0.084584	-0.364376	0.514406	0.830024	0.805499	0.575966	0.770221	0.708021	0.315618	-0.024525	-0.020636	0.194256	-0.062200	0.076841	0.038745	0.023864	-0.008696	0.049780	0.042601	-0.003429
2024-08-20 21:14:58.115000	0.794703	-0.214858	0.211752	-0.281927	1.079737	0.864879	1.076630	-0.500845	-0.084589	-0.364374	0.517258	0.840097	0.809732	0.578891	0.780290	0.712256	0.322839	-0.030365	-0.015029	0.201398	-0.068033	0.082447	0.040021	0.024692	-0.009511	0.051069	0.043439	-0.004245
2024-08-20 21:14:58.378000	0.794703	-0.212288	0.215489	-0.284184	1.075686	0.863397	1.078887	-0.500772	-0.084594	-0.364372	0.513207	0.838616	0.811988	0.574913	0.778804	0.714515	0.325409	-0.026628	-0.017285	0.203890	-0.064289	0.080188	0.040770	0.025052	-0.008988	0.051832	0.043809	-0.003723
2024-08-20 21:14:58.640000	0.762696	-0.228681	0.224445	-0.297244	1.064176	0.835495	1.059940	-0.500700	-0.084598	-0.364370	0.501697	0.810713	0.793042	0.563476	0.750896	0.695571	0.309016	-0.017672	-0.030345	0.187421	-0.055326	0.067126	0.036939	0.023198	-0.007735	0.048014	0.041965	-0.002471
2024-08-20 21:14:58.902000	0.765778	-0.236318	0.222338	-0.295601	1.075359	0.839041	1.061379	-0.500627	-0.084603	-0.364367	0.512881	0.814259	0.794480	0.574732	0.754438	0.697012	0.301379	-0.019779	-0.028703	0.179706	-0.057426	0.068766	0.035421	0.022150	-0.008028	0.046510	0.040928	-0.002765
2024-08-20 21:14:59.164000	0.769853	-0.215898	0.220265	-0.291966	1.057452	0.841554	1.061819	-0.500554	-0.084608	-0.364365	0.494974	0.816772	0.794921	0.556898	0.756946	0.697454	0.321798	-0.021852	-0.025068	0.200048	-0.059492	0.072399	0.039488	0.024741	-0.008317	0.050590	0.043529	-0.003055
2024-08-20 21:14:59.426000	0.767666	-0.225580	0.221319	-0.293888	1.065815	0.840235	1.061554	-0.500482	-0.084612	-0.364362	0.503337	0.815453	0.794655	0.565333	0.755622	0.697191	0.312116	-0.020798	-0.026989	0.190289	-0.058431	0.070475	0.037515	0.023503	-0.008169	0.048631	0.042301	-0.002908
2024-08-20 21:14:59.688000	0.756036	-0.232971	0.228774	-0.303374	1.063606	0.830636	1.059410	-0.500409	-0.084617	-0.364360	0.501128	0.805854	0.792511	0.563197	0.746019	0.695050	0.304726	-0.013343	-0.036475	0.182821	-0.050969	0.060986	0.035748	0.022740	-0.007125	0.046877	0.041548	-0.001865
2024-08-20 21:14:59.950000	0.757925	-0.232404	0.225802	-0.299449	1.063976	0.831572	1.057374	-0.500336	-0.084622	-0.364357	0.501498	0.806791	0.790476	0.563640	0.746951	0.693017	0.305293	-0.016315	-0.032551	0.183311	-0.053934	0.064908	0.036021	0.022711	-0.007540	0.047163	0.041529	-0.002281
